qua 13 mai 2026 19:56:01 -03 - Iniciando dbt run...
[0m22:56:05  Running with dbt=1.12.0-b1
[0m22:56:06  Registered adapter: postgres=1.10.0
[0m22:56:06  Found 18 models, 468 macros
[0m22:56:06  
[0m22:56:06  Concurrency: 4 threads (target='dev')
[0m22:56:06  
[0m22:56:07  1 of 18 START sql view model cobra_staging.chg_devedores ....................... [RUN]
[0m22:56:07  2 of 18 START sql view model cobra_staging.chg_dividas ......................... [RUN]
[0m22:56:07  3 of 18 START sql view model cobra_staging.chg_emails .......................... [RUN]
[0m22:56:07  4 of 18 START sql view model cobra_staging.chg_enderecos ....................... [RUN]
[0m22:56:08  3 of 18 OK created sql view model cobra_staging.chg_emails ..................... [[32mCREATE VIEW[0m in 0.91s]
[0m22:56:08  2 of 18 OK created sql view model cobra_staging.chg_dividas .................... [[32mCREATE VIEW[0m in 0.92s]
[0m22:56:08  1 of 18 OK created sql view model cobra_staging.chg_devedores .................. [[32mCREATE VIEW[0m in 0.93s]
[0m22:56:08  4 of 18 OK created sql view model cobra_staging.chg_enderecos .................. [[32mCREATE VIEW[0m in 0.93s]
[0m22:56:08  5 of 18 START sql view model cobra_staging.chg_lojas ........................... [RUN]
[0m22:56:08  6 of 18 START sql view model cobra_staging.chg_pagamentos ...................... [RUN]
[0m22:56:08  7 of 18 START sql view model cobra_staging.chg_telefones ....................... [RUN]
[0m22:56:08  8 of 18 START sql view model cobra_staging.stg_cadastro ........................ [RUN]
[0m22:56:08  5 of 18 OK created sql view model cobra_staging.chg_lojas ...................... [[32mCREATE VIEW[0m in 0.30s]
[0m22:56:08  9 of 18 START sql view model cobra_staging.stg_dividas ......................... [RUN]
[0m22:56:08  6 of 18 OK created sql view model cobra_staging.chg_pagamentos ................. [[32mCREATE VIEW[0m in 0.32s]
[0m22:56:08  7 of 18 OK created sql view model cobra_staging.chg_telefones .................. [[32mCREATE VIEW[0m in 0.32s]
[0m22:56:08  10 of 18 START sql view model cobra_staging.stg_filiais ........................ [RUN]
[0m22:56:08  11 of 18 START sql view model cobra_staging.stg_pagamentos ..................... [RUN]
[0m22:56:08  8 of 18 OK created sql view model cobra_staging.stg_cadastro ................... [[32mCREATE VIEW[0m in 0.41s]
[0m22:56:08  12 of 18 START sql incremental model public.devedores .......................... [RUN]
[0m22:56:08  9 of 18 OK created sql view model cobra_staging.stg_dividas .................... [[32mCREATE VIEW[0m in 0.38s]
[0m22:56:08  13 of 18 START sql incremental model public.emails ............................. [RUN]
[0m22:56:09  10 of 18 OK created sql view model cobra_staging.stg_filiais ................... [[32mCREATE VIEW[0m in 0.38s]
[0m22:56:09  14 of 18 START sql incremental model public.enderecos .......................... [RUN]
[0m22:56:09  11 of 18 OK created sql view model cobra_staging.stg_pagamentos ................ [[32mCREATE VIEW[0m in 0.41s]
[0m22:56:09  15 of 18 START sql incremental model public.telefones .......................... [RUN]
[0m22:56:09  13 of 18 ERROR creating sql incremental model public.emails .................... [[31mERROR[0m in 0.58s]
[0m22:56:09  16 of 18 START sql table model public.dividas .................................. [RUN]
[0m22:56:09  12 of 18 OK created sql incremental model public.devedores ..................... [[32mMERGE 19650[0m in 1.03s]
[0m22:56:09  17 of 18 START sql incremental model public.lojas .............................. [RUN]
[0m22:56:09  15 of 18 OK created sql incremental model public.telefones ..................... [[32mMERGE 19183[0m in 0.72s]
[0m22:56:09  18 of 18 START sql incremental model public.pagamentos ......................... [RUN]
[0m22:56:09  14 of 18 OK created sql incremental model public.enderecos ..................... [[32mMERGE 19650[0m in 0.81s]
[0m22:56:09  17 of 18 OK created sql incremental model public.lojas ......................... [[32mMERGE 20[0m in 0.21s]
[0m22:56:10  18 of 18 OK created sql incremental model public.pagamentos .................... [[32mMERGE 49137[0m in 1.13s]
[0m22:56:13  16 of 18 OK created sql table model public.dividas ............................. [[32mSELECT 194414[0m in 3.97s]
[0m22:56:13  
[0m22:56:13  Finished running 6 incremental models, 1 table model, 11 view models in 0 hours 0 minutes and 6.75 seconds (6.75s).
[0m22:56:13  
[0m22:56:13  [31mCompleted with 1 error, 0 partial successes, and 0 warnings:[0m
[0m22:56:13  
[0m22:56:13  [[31mERROR[0m]: in model emails (models/mart/emails.sql)
[0m22:56:13    Database Error in model emails (models/mart/emails.sql)
  MERGE command cannot affect row a second time
  HINT:  Ensure that not more than one source row matches any one target row.
  compiled code at target/run/cobra_etl/models/mart/emails.sql
[0m22:56:13  
[0m22:56:13    compiled code at target/compiled/cobra_etl/models/mart/emails.sql
[0m22:56:13  
[0m22:56:13  Done. PASS=17 WARN=0 ERROR=1 SKIP=0 NO-OP=0 TOTAL=18
qua 13 mai 2026 19:56:15 -03 - dbt finalizado com código 0
qua 13 mai 2026 19:59:15 -03 - Iniciando dbt run...
[0m22:59:18  Running with dbt=1.12.0-b1
[0m22:59:19  Registered adapter: postgres=1.10.0
[0m22:59:20  Found 18 models, 468 macros
[0m22:59:20  
[0m22:59:20  Concurrency: 4 threads (target='dev')
[0m22:59:20  
[0m22:59:20  1 of 18 START sql view model cobra_staging.chg_devedores ....................... [RUN]
[0m22:59:20  2 of 18 START sql view model cobra_staging.chg_dividas ......................... [RUN]
[0m22:59:20  3 of 18 START sql view model cobra_staging.chg_emails .......................... [RUN]
[0m22:59:20  4 of 18 START sql view model cobra_staging.chg_enderecos ....................... [RUN]
[0m22:59:21  4 of 18 OK created sql view model cobra_staging.chg_enderecos .................. [[32mCREATE VIEW[0m in 0.76s]
[0m22:59:21  2 of 18 OK created sql view model cobra_staging.chg_dividas .................... [[32mCREATE VIEW[0m in 0.77s]
[0m22:59:21  1 of 18 OK created sql view model cobra_staging.chg_devedores .................. [[32mCREATE VIEW[0m in 0.77s]
[0m22:59:21  3 of 18 OK created sql view model cobra_staging.chg_emails ..................... [[32mCREATE VIEW[0m in 0.77s]
[0m22:59:21  5 of 18 START sql view model cobra_staging.chg_lojas ........................... [RUN]
[0m22:59:21  6 of 18 START sql view model cobra_staging.chg_pagamentos ...................... [RUN]
[0m22:59:21  7 of 18 START sql view model cobra_staging.chg_telefones ....................... [RUN]
[0m22:59:21  8 of 18 START sql view model cobra_staging.stg_cadastro ........................ [RUN]
[0m22:59:21  7 of 18 OK created sql view model cobra_staging.chg_telefones .................. [[32mCREATE VIEW[0m in 0.26s]
[0m22:59:21  6 of 18 OK created sql view model cobra_staging.chg_pagamentos ................. [[32mCREATE VIEW[0m in 0.26s]
[0m22:59:21  5 of 18 OK created sql view model cobra_staging.chg_lojas ...................... [[32mCREATE VIEW[0m in 0.28s]
[0m22:59:21  9 of 18 START sql view model cobra_staging.stg_dividas ......................... [RUN]
[0m22:59:21  10 of 18 START sql view model cobra_staging.stg_filiais ........................ [RUN]
[0m22:59:21  11 of 18 START sql view model cobra_staging.stg_pagamentos ..................... [RUN]
[0m22:59:21  8 of 18 OK created sql view model cobra_staging.stg_cadastro ................... [[32mCREATE VIEW[0m in 0.36s]
[0m22:59:21  12 of 18 START sql incremental model public.devedores .......................... [RUN]
[0m22:59:22  10 of 18 OK created sql view model cobra_staging.stg_filiais ................... [[32mCREATE VIEW[0m in 0.37s]
[0m22:59:22  13 of 18 START sql incremental model public.emails ............................. [RUN]
[0m22:59:22  9 of 18 OK created sql view model cobra_staging.stg_dividas .................... [[32mCREATE VIEW[0m in 0.39s]
[0m22:59:22  11 of 18 OK created sql view model cobra_staging.stg_pagamentos ................ [[32mCREATE VIEW[0m in 0.38s]
[0m22:59:22  14 of 18 START sql incremental model public.enderecos .......................... [RUN]
[0m22:59:22  15 of 18 START sql incremental model public.telefones .......................... [RUN]
[0m22:59:22  12 of 18 OK created sql incremental model public.devedores ..................... [[32mMERGE 19650[0m in 0.88s]
[0m22:59:22  16 of 18 START sql incremental model public.lojas .............................. [RUN]
[0m22:59:22  13 of 18 OK created sql incremental model public.emails ........................ [[32mMERGE 8588[0m in 0.63s]
[0m22:59:22  17 of 18 START sql table model public.dividas .................................. [RUN]
[0m22:59:22  15 of 18 OK created sql incremental model public.telefones ..................... [[32mMERGE 19183[0m in 0.64s]
[0m22:59:22  18 of 18 START sql incremental model public.pagamentos ......................... [RUN]
[0m22:59:22  14 of 18 OK created sql incremental model public.enderecos ..................... [[32mMERGE 19650[0m in 0.74s]
[0m22:59:22  16 of 18 OK created sql incremental model public.lojas ......................... [[32mMERGE 20[0m in 0.27s]
[0m22:59:24  18 of 18 OK created sql incremental model public.pagamentos .................... [[32mMERGE 49137[0m in 1.20s]
[0m22:59:26  17 of 18 OK created sql table model public.dividas ............................. [[32mSELECT 194414[0m in 3.90s]
[0m22:59:26  
[0m22:59:26  Finished running 6 incremental models, 1 table model, 11 view models in 0 hours 0 minutes and 6.52 seconds (6.52s).
[0m22:59:26  
[0m22:59:26  [32mCompleted successfully[0m
[0m22:59:26  
[0m22:59:26  Done. PASS=18 WARN=0 ERROR=0 SKIP=0 NO-OP=0 TOTAL=18
qua 13 mai 2026 19:59:28 -03 - dbt finalizado com código 0
qua 13 mai 2026 20:40:58 -03 - Iniciando dbt run...
[0m23:41:02  Running with dbt=1.12.0-b1
[0m23:41:02  Registered adapter: postgres=1.10.0
[0m23:41:03  Found 18 models, 468 macros
[0m23:41:03  
[0m23:41:03  Concurrency: 4 threads (target='dev')
[0m23:41:03  
[0m23:41:03  1 of 18 START sql view model cobra_staging.chg_devedores ....................... [RUN]
[0m23:41:03  2 of 18 START sql view model cobra_staging.chg_dividas ......................... [RUN]
[0m23:41:03  3 of 18 START sql view model cobra_staging.chg_emails .......................... [RUN]
[0m23:41:03  4 of 18 START sql view model cobra_staging.chg_enderecos ....................... [RUN]
[0m23:41:04  4 of 18 ERROR creating sql view model cobra_staging.chg_enderecos .............. [[31mERROR[0m in 0.50s]
[0m23:41:04  5 of 18 START sql view model cobra_staging.chg_lojas ........................... [RUN]
[0m23:41:04  3 of 18 ERROR creating sql view model cobra_staging.chg_emails ................. [[31mERROR[0m in 0.51s]
[0m23:41:04  6 of 18 START sql view model cobra_staging.chg_pagamentos ...................... [RUN]
[0m23:41:04  1 of 18 OK created sql view model cobra_staging.chg_devedores .................. [[32mCREATE VIEW[0m in 0.85s]
[0m23:41:04  2 of 18 OK created sql view model cobra_staging.chg_dividas .................... [[32mCREATE VIEW[0m in 0.86s]
[0m23:41:04  8 of 18 START sql view model cobra_staging.stg_cadastro ........................ [RUN]
[0m23:41:04  7 of 18 START sql view model cobra_staging.chg_telefones ....................... [RUN]
[0m23:41:04  5 of 18 ERROR creating sql view model cobra_staging.chg_lojas .................. [[31mERROR[0m in 0.38s]
[0m23:41:04  6 of 18 ERROR creating sql view model cobra_staging.chg_pagamentos ............. [[31mERROR[0m in 0.19s]
[0m23:41:04  9 of 18 START sql view model cobra_staging.stg_dividas ......................... [RUN]
[0m23:41:04  10 of 18 START sql view model cobra_staging.stg_filiais ........................ [RUN]
[0m23:41:04  7 of 18 ERROR creating sql view model cobra_staging.chg_telefones .............. [[31mERROR[0m in 0.17s]
[0m23:41:04  11 of 18 START sql view model cobra_staging.stg_pagamentos ..................... [RUN]
[0m23:41:05  8 of 18 OK created sql view model cobra_staging.stg_cadastro ................... [[32mCREATE VIEW[0m in 0.25s]
[0m23:41:05  12 of 18 START sql incremental model public.devedores .......................... [RUN]
[0m23:41:05  9 of 18 OK created sql view model cobra_staging.stg_dividas .................... [[32mCREATE VIEW[0m in 0.33s]
[0m23:41:05  10 of 18 OK created sql view model cobra_staging.stg_filiais ................... [[32mCREATE VIEW[0m in 0.33s]
[0m23:41:05  13 of 18 START sql incremental model public.emails ............................. [RUN]
[0m23:41:05  14 of 18 START sql incremental model public.enderecos .......................... [RUN]
[0m23:41:05  11 of 18 OK created sql view model cobra_staging.stg_pagamentos ................ [[32mCREATE VIEW[0m in 0.38s]
[0m23:41:05  15 of 18 START sql incremental model public.telefones .......................... [RUN]
[0m23:41:05  12 of 18 OK created sql incremental model public.devedores ..................... [[32mMERGE 19643[0m in 0.72s]
[0m23:41:05  16 of 18 START sql table model public.dividas .................................. [RUN]
[0m23:41:05  13 of 18 OK created sql incremental model public.emails ........................ [[32mMERGE 8581[0m in 0.58s]
[0m23:41:05  17 of 18 START sql incremental model public.lojas .............................. [RUN]
[0m23:41:05  15 of 18 OK created sql incremental model public.telefones ..................... [[32mMERGE 19176[0m in 0.56s]
[0m23:41:05  18 of 18 START sql incremental model public.pagamentos ......................... [RUN]
[0m23:41:06  14 of 18 OK created sql incremental model public.enderecos ..................... [[32mMERGE 19643[0m in 0.72s]
[0m23:41:06  17 of 18 OK created sql incremental model public.lojas ......................... [[32mMERGE 20[0m in 0.21s]
[0m23:41:06  18 of 18 OK created sql incremental model public.pagamentos .................... [[32mMERGE 49255[0m in 0.96s]
[0m23:41:10  16 of 18 OK created sql table model public.dividas ............................. [[32mSELECT 194206[0m in 4.39s]
[0m23:41:10  
[0m23:41:10  Finished running 6 incremental models, 1 table model, 11 view models in 0 hours 0 minutes and 6.80 seconds (6.80s).
[0m23:41:10  
[0m23:41:10  [31mCompleted with 5 errors, 0 partial successes, and 0 warnings:[0m
[0m23:41:10  
[0m23:41:10  [[31mERROR[0m]: in model chg_enderecos (models/staging/chg_enderecos.sql)
[0m23:41:10    Database Error in model chg_enderecos (models/staging/chg_enderecos.sql)
  relation "cobra_staging.stg_cadastro" does not exist
  LINE 12: from cobra_staging.stg_cadastro s
                ^
  compiled code at target/run/cobra_etl/models/staging/chg_enderecos.sql
[0m23:41:10  
[0m23:41:10    compiled code at target/compiled/cobra_etl/models/staging/chg_enderecos.sql
[0m23:41:10  
[0m23:41:10  [[31mERROR[0m]: in model chg_emails (models/staging/chg_emails.sql)
[0m23:41:10    Database Error in model chg_emails (models/staging/chg_emails.sql)
  relation "cobra_staging.stg_cadastro" does not exist
  LINE 10:     from cobra_staging.stg_cadastro
                    ^
  compiled code at target/run/cobra_etl/models/staging/chg_emails.sql
[0m23:41:10  
[0m23:41:10    compiled code at target/compiled/cobra_etl/models/staging/chg_emails.sql
[0m23:41:10  
[0m23:41:10  [[31mERROR[0m]: in model chg_lojas (models/staging/chg_lojas.sql)
[0m23:41:10    Database Error in model chg_lojas (models/staging/chg_lojas.sql)
  relation "cobra_staging.stg_filiais" does not exist
  LINE 12: from cobra_staging.stg_filiais s
                ^
  compiled code at target/run/cobra_etl/models/staging/chg_lojas.sql
[0m23:41:10  
[0m23:41:10    compiled code at target/compiled/cobra_etl/models/staging/chg_lojas.sql
[0m23:41:10  
[0m23:41:10  [[31mERROR[0m]: in model chg_pagamentos (models/staging/chg_pagamentos.sql)
[0m23:41:10    Database Error in model chg_pagamentos (models/staging/chg_pagamentos.sql)
  relation "cobra_staging.stg_pagamentos" does not exist
  LINE 12: from cobra_staging.stg_pagamentos s
                ^
  compiled code at target/run/cobra_etl/models/staging/chg_pagamentos.sql
[0m23:41:10  
[0m23:41:10    compiled code at target/compiled/cobra_etl/models/staging/chg_pagamentos.sql
[0m23:41:10  
[0m23:41:10  [[31mERROR[0m]: in model chg_telefones (models/staging/chg_telefones.sql)
[0m23:41:10    Database Error in model chg_telefones (models/staging/chg_telefones.sql)
  relation "cobra_staging.stg_cadastro" does not exist
  LINE 10:     from cobra_staging.stg_cadastro
                    ^
  compiled code at target/run/cobra_etl/models/staging/chg_telefones.sql
[0m23:41:10  
[0m23:41:10    compiled code at target/compiled/cobra_etl/models/staging/chg_telefones.sql
[0m23:41:10  
[0m23:41:10  Done. PASS=13 WARN=0 ERROR=5 SKIP=0 NO-OP=0 TOTAL=18
qua 13 mai 2026 20:41:11 -03 - dbt finalizado com código 0
qua 13 mai 2026 20:42:41 -03 - Iniciando dbt run...
[0m23:42:45  Running with dbt=1.12.0-b1
[0m23:42:46  Registered adapter: postgres=1.10.0
[0m23:42:47  Found 18 models, 468 macros
[0m23:42:47  
[0m23:42:47  Concurrency: 4 threads (target='dev')
[0m23:42:47  
[0m23:42:48  1 of 18 START sql view model cobra_staging.chg_dividas ......................... [RUN]
[0m23:42:48  2 of 18 START sql view model cobra_staging.stg_cadastro ........................ [RUN]
[0m23:42:48  3 of 18 START sql view model cobra_staging.stg_dividas ......................... [RUN]
[0m23:42:48  4 of 18 START sql view model cobra_staging.stg_filiais ......................... [RUN]
[0m23:42:48  1 of 18 OK created sql view model cobra_staging.chg_dividas .................... [[32mCREATE VIEW[0m in 0.59s]
[0m23:42:48  4 of 18 OK created sql view model cobra_staging.stg_filiais .................... [[32mCREATE VIEW[0m in 0.61s]
[0m23:42:48  3 of 18 OK created sql view model cobra_staging.stg_dividas .................... [[32mCREATE VIEW[0m in 0.61s]
[0m23:42:48  2 of 18 OK created sql view model cobra_staging.stg_cadastro ................... [[32mCREATE VIEW[0m in 0.62s]
[0m23:42:48  5 of 18 START sql view model cobra_staging.stg_pagamentos ...................... [RUN]
[0m23:42:48  6 of 18 START sql view model cobra_staging.chg_lojas ........................... [RUN]
[0m23:42:48  7 of 18 START sql table model public.dividas ................................... [RUN]
[0m23:42:48  8 of 18 START sql incremental model public.lojas ............................... [RUN]
[0m23:42:49  6 of 18 OK created sql view model cobra_staging.chg_lojas ...................... [[32mCREATE VIEW[0m in 0.44s]
[0m23:42:49  9 of 18 START sql view model cobra_staging.chg_devedores ....................... [RUN]
[0m23:42:49  5 of 18 OK created sql view model cobra_staging.stg_pagamentos ................. [[32mCREATE VIEW[0m in 0.60s]
[0m23:42:49  10 of 18 START sql view model cobra_staging.chg_emails ......................... [RUN]
[0m23:42:49  8 of 18 OK created sql incremental model public.lojas .......................... [[32mMERGE 20[0m in 0.69s]
[0m23:42:49  11 of 18 START sql view model cobra_staging.chg_enderecos ...................... [RUN]
[0m23:42:49  10 of 18 OK created sql view model cobra_staging.chg_emails .................... [[32mCREATE VIEW[0m in 0.18s]
[0m23:42:49  12 of 18 START sql view model cobra_staging.chg_telefones ...................... [RUN]
[0m23:42:49  9 of 18 OK created sql view model cobra_staging.chg_devedores .................. [[32mCREATE VIEW[0m in 0.35s]
[0m23:42:49  13 of 18 START sql incremental model public.devedores .......................... [RUN]
[0m23:42:49  11 of 18 OK created sql view model cobra_staging.chg_enderecos ................. [[32mCREATE VIEW[0m in 0.24s]
[0m23:42:49  14 of 18 START sql incremental model public.emails ............................. [RUN]
[0m23:42:49  12 of 18 OK created sql view model cobra_staging.chg_telefones ................. [[32mCREATE VIEW[0m in 0.20s]
[0m23:42:49  15 of 18 START sql incremental model public.enderecos .......................... [RUN]
[0m23:42:50  14 of 18 OK created sql incremental model public.emails ........................ [[32mMERGE 8581[0m in 0.53s]
[0m23:42:50  16 of 18 START sql incremental model public.telefones .......................... [RUN]
[0m23:42:50  13 of 18 OK created sql incremental model public.devedores ..................... [[32mMERGE 19643[0m in 0.69s]
[0m23:42:50  17 of 18 START sql view model cobra_staging.chg_pagamentos ..................... [RUN]
[0m23:42:50  15 of 18 OK created sql incremental model public.enderecos ..................... [[32mMERGE 19643[0m in 0.61s]
[0m23:42:50  18 of 18 START sql incremental model public.pagamentos ......................... [RUN]
[0m23:42:50  17 of 18 OK created sql view model cobra_staging.chg_pagamentos ................ [[32mCREATE VIEW[0m in 0.17s]
[0m23:42:50  16 of 18 OK created sql incremental model public.telefones ..................... [[32mMERGE 19176[0m in 0.50s]
[0m23:42:51  18 of 18 OK created sql incremental model public.pagamentos .................... [[32mMERGE 49255[0m in 1.19s]
[0m23:42:53  7 of 18 OK created sql table model public.dividas .............................. [[32mSELECT 194206[0m in 4.90s]
[0m23:42:53  
[0m23:42:53  Finished running 6 incremental models, 1 table model, 11 view models in 0 hours 0 minutes and 6.20 seconds (6.20s).
[0m23:42:53  
[0m23:42:53  [32mCompleted successfully[0m
[0m23:42:53  
[0m23:42:53  Done. PASS=18 WARN=0 ERROR=0 SKIP=0 NO-OP=0 TOTAL=18
qua 13 mai 2026 20:42:55 -03 - dbt finalizado com código 0
qua 13 mai 2026 20:53:25 -03 - Iniciando dbt run...
[0m23:53:29  Running with dbt=1.12.0-b1
[0m23:53:29  Registered adapter: postgres=1.10.0
[0m23:53:30  Found 18 models, 468 macros
[0m23:53:30  
[0m23:53:30  Concurrency: 4 threads (target='dev')
[0m23:53:30  
[0m23:53:31  1 of 18 START sql view model cobra_staging.chg_dividas ......................... [RUN]
[0m23:53:31  2 of 18 START sql view model cobra_staging.stg_cadastro ........................ [RUN]
[0m23:53:31  3 of 18 START sql view model cobra_staging.stg_dividas ......................... [RUN]
[0m23:53:31  4 of 18 START sql view model cobra_staging.stg_filiais ......................... [RUN]
[0m23:53:31  3 of 18 OK created sql view model cobra_staging.stg_dividas .................... [[32mCREATE VIEW[0m in 0.87s]
[0m23:53:31  4 of 18 OK created sql view model cobra_staging.stg_filiais .................... [[32mCREATE VIEW[0m in 0.88s]
[0m23:53:31  1 of 18 OK created sql view model cobra_staging.chg_dividas .................... [[32mCREATE VIEW[0m in 0.89s]
[0m23:53:31  2 of 18 OK created sql view model cobra_staging.stg_cadastro ................... [[32mCREATE VIEW[0m in 0.89s]
[0m23:53:31  5 of 18 START sql view model cobra_staging.stg_pagamentos ...................... [RUN]
[0m23:53:31  6 of 18 START sql table model public.dividas ................................... [RUN]
[0m23:53:31  7 of 18 START sql view model cobra_staging.chg_lojas ........................... [RUN]
[0m23:53:31  8 of 18 START sql incremental model public.lojas ............................... [RUN]
[0m23:53:32  7 of 18 OK created sql view model cobra_staging.chg_lojas ...................... [[32mCREATE VIEW[0m in 0.46s]
[0m23:53:32  9 of 18 START sql view model cobra_staging.chg_devedores ....................... [RUN]
[0m23:53:32  5 of 18 OK created sql view model cobra_staging.stg_pagamentos ................. [[32mCREATE VIEW[0m in 0.50s]
[0m23:53:32  10 of 18 START sql view model cobra_staging.chg_emails ......................... [RUN]
[0m23:53:32  8 of 18 OK created sql incremental model public.lojas .......................... [[32mMERGE 20[0m in 0.66s]
[0m23:53:32  11 of 18 START sql view model cobra_staging.chg_enderecos ...................... [RUN]
[0m23:53:32  10 of 18 OK created sql view model cobra_staging.chg_emails .................... [[32mCREATE VIEW[0m in 0.23s]
[0m23:53:32  9 of 18 OK created sql view model cobra_staging.chg_devedores .................. [[32mCREATE VIEW[0m in 0.29s]
[0m23:53:32  12 of 18 START sql view model cobra_staging.chg_telefones ...................... [RUN]
[0m23:53:32  13 of 18 START sql incremental model public.devedores .......................... [RUN]
[0m23:53:32  11 of 18 OK created sql view model cobra_staging.chg_enderecos ................. [[32mCREATE VIEW[0m in 0.19s]
[0m23:53:32  14 of 18 START sql incremental model public.emails ............................. [RUN]
[0m23:53:32  12 of 18 OK created sql view model cobra_staging.chg_telefones ................. [[32mCREATE VIEW[0m in 0.17s]
[0m23:53:32  15 of 18 START sql incremental model public.enderecos .......................... [RUN]
[0m23:53:33  14 of 18 OK created sql incremental model public.emails ........................ [[32mMERGE 8581[0m in 0.43s]
[0m23:53:33  16 of 18 START sql incremental model public.telefones .......................... [RUN]
[0m23:53:33  13 of 18 OK created sql incremental model public.devedores ..................... [[32mMERGE 19643[0m in 0.71s]
[0m23:53:33  17 of 18 START sql view model cobra_staging.chg_pagamentos ..................... [RUN]
[0m23:53:33  15 of 18 OK created sql incremental model public.enderecos ..................... [[32mMERGE 19643[0m in 0.62s]
[0m23:53:33  18 of 18 START sql incremental model public.pagamentos ......................... [RUN]
[0m23:53:33  17 of 18 OK created sql view model cobra_staging.chg_pagamentos ................ [[32mCREATE VIEW[0m in 0.16s]
[0m23:53:33  16 of 18 OK created sql incremental model public.telefones ..................... [[32mMERGE 19176[0m in 0.48s]
[0m23:53:34  18 of 18 OK created sql incremental model public.pagamentos .................... [[32mMERGE 49255[0m in 1.23s]
[0m23:53:37  6 of 18 OK created sql table model public.dividas .............................. [[32mSELECT 194206[0m in 5.11s]
[0m23:53:37  
[0m23:53:37  Finished running 6 incremental models, 1 table model, 11 view models in 0 hours 0 minutes and 6.57 seconds (6.57s).
[0m23:53:37  
[0m23:53:37  [32mCompleted successfully[0m
[0m23:53:37  
[0m23:53:37  Done. PASS=18 WARN=0 ERROR=0 SKIP=0 NO-OP=0 TOTAL=18
qua 13 mai 2026 20:53:38 -03 - dbt finalizado com código 0
qua 13 mai 2026 21:13:30 -03 - Iniciando dbt run...
[0m00:13:34  Running with dbt=1.12.0-b1
[0m00:13:34  Registered adapter: postgres=1.10.0
[0m00:13:35  Found 18 models, 468 macros
[0m00:13:35  
[0m00:13:35  Concurrency: 4 threads (target='dev')
[0m00:13:35  
[0m00:13:36  1 of 18 START sql view model cobra_staging.chg_dividas ......................... [RUN]
[0m00:13:36  2 of 18 START sql view model cobra_staging.stg_cadastro ........................ [RUN]
[0m00:13:36  3 of 18 START sql view model cobra_staging.stg_dividas ......................... [RUN]
[0m00:13:36  4 of 18 START sql view model cobra_staging.stg_filiais ......................... [RUN]
[0m00:13:36  1 of 18 OK created sql view model cobra_staging.chg_dividas .................... [[32mCREATE VIEW[0m in 0.85s]
[0m00:13:36  5 of 18 START sql view model cobra_staging.stg_pagamentos ...................... [RUN]
[0m00:13:36  2 of 18 OK created sql view model cobra_staging.stg_cadastro ................... [[32mCREATE VIEW[0m in 0.87s]
[0m00:13:36  4 of 18 OK created sql view model cobra_staging.stg_filiais .................... [[32mCREATE VIEW[0m in 0.88s]
[0m00:13:36  6 of 18 START sql view model cobra_staging.chg_devedores ....................... [RUN]
[0m00:13:36  7 of 18 START sql view model cobra_staging.chg_emails .......................... [RUN]
[0m00:13:37  7 of 18 OK created sql view model cobra_staging.chg_emails ..................... [[32mCREATE VIEW[0m in 0.16s]
[0m00:13:37  8 of 18 START sql view model cobra_staging.chg_enderecos ....................... [RUN]
[0m00:13:37  6 of 18 OK created sql view model cobra_staging.chg_devedores .................. [[32mCREATE VIEW[0m in 0.19s]
[0m00:13:37  9 of 18 START sql view model cobra_staging.chg_telefones ....................... [RUN]
[0m00:13:37  5 of 18 OK created sql view model cobra_staging.stg_pagamentos ................. [[32mCREATE VIEW[0m in 0.34s]
[0m00:13:37  10 of 18 START sql incremental model public.devedores .......................... [RUN]
[0m00:13:37  8 of 18 OK created sql view model cobra_staging.chg_enderecos .................. [[32mCREATE VIEW[0m in 0.37s]
[0m00:13:37  9 of 18 OK created sql view model cobra_staging.chg_telefones .................. [[32mCREATE VIEW[0m in 0.33s]
[0m00:13:37  11 of 18 START sql incremental model public.emails ............................. [RUN]
[0m00:13:37  12 of 18 START sql incremental model public.enderecos .......................... [RUN]
[0m00:13:38  11 of 18 OK created sql incremental model public.emails ........................ [[32mMERGE 8581[0m in 0.82s]
[0m00:13:38  13 of 18 START sql incremental model public.telefones .......................... [RUN]
[0m00:13:38  10 of 18 ERROR creating sql incremental model public.devedores ................. [[31mERROR[0m in 1.14s]
[0m00:13:38  12 of 18 ERROR creating sql incremental model public.enderecos ................. [[31mERROR[0m in 0.89s]
[0m00:13:38  14 of 18 START sql view model cobra_staging.chg_lojas .......................... [RUN]
[0m00:13:38  15 of 18 START sql incremental model public.lojas .............................. [RUN]
[0m00:13:38  14 of 18 OK created sql view model cobra_staging.chg_lojas ..................... [[32mCREATE VIEW[0m in 0.18s]
[0m00:13:38  16 of 18 START sql view model cobra_staging.chg_pagamentos ..................... [RUN]
[0m00:13:38  15 of 18 OK created sql incremental model public.lojas ......................... [[32mMERGE 20[0m in 0.27s]
[0m00:13:38  17 of 18 START sql incremental model public.pagamentos ......................... [RUN]
[0m00:13:38  16 of 18 OK created sql view model cobra_staging.chg_pagamentos ................ [[32mCREATE VIEW[0m in 0.19s]
[0m00:13:38  13 of 18 ERROR creating sql incremental model public.telefones ................. [[31mERROR[0m in 0.50s]
[0m00:13:38  17 of 18 OK created sql incremental model public.pagamentos .................... [[32mMERGE 0[0m in 0.26s]
qua 13 mai 2026 21:15:08 -03 - Iniciando dbt run...
[0m00:15:12  Running with dbt=1.12.0-b1
[0m00:15:12  Registered adapter: postgres=1.10.0
[0m00:15:13  Found 18 models, 468 macros
[0m00:15:13  
[0m00:15:13  Concurrency: 4 threads (target='dev')
[0m00:15:13  
[0m00:15:14  1 of 18 START sql view model cobra_staging.chg_dividas ......................... [RUN]
[0m00:15:14  2 of 18 START sql view model cobra_staging.stg_cadastro ........................ [RUN]
[0m00:15:14  3 of 18 START sql view model cobra_staging.stg_dividas ......................... [RUN]
[0m00:15:14  4 of 18 START sql view model cobra_staging.stg_filiais ......................... [RUN]
[0m00:15:14  1 of 18 OK created sql view model cobra_staging.chg_dividas .................... [[32mCREATE VIEW[0m in 0.78s]
[0m00:15:14  5 of 18 START sql view model cobra_staging.stg_pagamentos ...................... [RUN]
[0m00:15:14  4 of 18 OK created sql view model cobra_staging.stg_filiais .................... [[32mCREATE VIEW[0m in 0.80s]
[0m00:15:14  2 of 18 OK created sql view model cobra_staging.stg_cadastro ................... [[32mCREATE VIEW[0m in 0.81s]
[0m00:15:14  6 of 18 START sql view model cobra_staging.chg_lojas ........................... [RUN]
[0m00:15:14  7 of 18 START sql incremental model public.lojas ............................... [RUN]
[0m00:15:15  6 of 18 OK created sql view model cobra_staging.chg_lojas ...................... [[32mCREATE VIEW[0m in 0.25s]
[0m00:15:15  8 of 18 START sql view model cobra_staging.chg_devedores ....................... [RUN]
[0m00:15:15  5 of 18 OK created sql view model cobra_staging.stg_pagamentos ................. [[32mCREATE VIEW[0m in 0.29s]
[0m00:15:15  9 of 18 START sql view model cobra_staging.chg_emails .......................... [RUN]
[0m00:15:15  9 of 18 OK created sql view model cobra_staging.chg_emails ..................... [[32mCREATE VIEW[0m in 0.28s]
[0m00:15:15  10 of 18 START sql view model cobra_staging.chg_enderecos ...................... [RUN]
[0m00:15:15  8 of 18 OK created sql view model cobra_staging.chg_devedores .................. [[32mCREATE VIEW[0m in 0.31s]
[0m00:15:15  11 of 18 START sql view model cobra_staging.chg_telefones ...................... [RUN]
[0m00:15:15  7 of 18 OK created sql incremental model public.lojas .......................... [[32mMERGE 20[0m in 0.58s]
[0m00:15:15  12 of 18 START sql incremental model public.devedores .......................... [RUN]
[0m00:15:15  10 of 18 OK created sql view model cobra_staging.chg_enderecos ................. [[32mCREATE VIEW[0m in 0.15s]
[0m00:15:15  13 of 18 START sql incremental model public.emails ............................. [RUN]
[0m00:15:15  11 of 18 OK created sql view model cobra_staging.chg_telefones ................. [[32mCREATE VIEW[0m in 0.17s]
[0m00:15:15  14 of 18 START sql incremental model public.enderecos .......................... [RUN]
[0m00:15:15  12 of 18 OK created sql incremental model public.devedores ..................... [[32mMERGE 19643[0m in 0.50s]
[0m00:15:15  15 of 18 START sql incremental model public.telefones .......................... [RUN]
[0m00:15:16  13 of 18 OK created sql incremental model public.emails ........................ [[32mMERGE 8581[0m in 0.43s]
[0m00:15:16  16 of 18 START sql view model cobra_staging.chg_pagamentos ..................... [RUN]
[0m00:15:16  14 of 18 OK created sql incremental model public.enderecos ..................... [[32mMERGE 19643[0m in 0.49s]
[0m00:15:16  17 of 18 START sql incremental model public.pagamentos ......................... [RUN]
[0m00:15:16  16 of 18 OK created sql view model cobra_staging.chg_pagamentos ................ [[32mCREATE VIEW[0m in 0.16s]
[0m00:15:16  15 of 18 OK created sql incremental model public.telefones ..................... [[32mMERGE 19176[0m in 0.41s]
[0m00:15:17  17 of 18 ERROR creating sql incremental model public.pagamentos ................ [[31mERROR[0m in 1.22s]
[0m00:15:46  3 of 18 OK created sql view model cobra_staging.stg_dividas .................... [[32mCREATE VIEW[0m in 130.48s]
[0m00:15:46  18 of 18 START sql table model public.dividas .................................. [RUN]
[0m00:18:12  3 of 18 OK created sql view model cobra_staging.stg_dividas .................... [[32mCREATE VIEW[0m in 178.79s]
[0m00:18:12  18 of 18 START sql table model public.dividas .................................. [RUN]
[0m00:18:12  18 of 18 OK created sql table model public.dividas ............................. [[32mSELECT 0[0m in 146.37s]
[0m00:18:12  
[0m00:18:12  Finished running 6 incremental models, 1 table model, 11 view models in 0 hours 4 minutes and 37.32 seconds (277.32s).
[0m00:18:13  18 of 18 OK created sql table model public.dividas ............................. [[32mSELECT 0[0m in 0.25s]
[0m00:18:13  
[0m00:18:13  [31mCompleted with 3 errors, 0 partial successes, and 0 warnings:[0m
[0m00:18:13  
[0m00:18:13  [[31mERROR[0m]: in model devedores (models/mart/devedores.sql)
[0m00:18:13    Database Error in model devedores (models/mart/devedores.sql)
  MERGE command cannot affect row a second time
  HINT:  Ensure that not more than one source row matches any one target row.
  compiled code at target/run/cobra_etl/models/mart/devedores.sql
[0m00:18:13  
[0m00:18:13    compiled code at target/compiled/cobra_etl/models/mart/devedores.sql
[0m00:18:13  
[0m00:18:13  [[31mERROR[0m]: in model enderecos (models/mart/enderecos.sql)
[0m00:18:13    Database Error in model enderecos (models/mart/enderecos.sql)
  MERGE command cannot affect row a second time
  HINT:  Ensure that not more than one source row matches any one target row.
  compiled code at target/run/cobra_etl/models/mart/enderecos.sql
[0m00:18:13  
[0m00:18:13    compiled code at target/compiled/cobra_etl/models/mart/enderecos.sql
[0m00:18:13  
[0m00:18:13  [[31mERROR[0m]: in model telefones (models/mart/telefones.sql)
[0m00:18:13    Database Error in model telefones (models/mart/telefones.sql)
  MERGE command cannot affect row a second time
  HINT:  Ensure that not more than one source row matches any one target row.
  compiled code at target/run/cobra_etl/models/mart/telefones.sql
[0m00:18:13  
[0m00:18:13    compiled code at target/compiled/cobra_etl/models/mart/telefones.sql
[0m00:18:13  
[0m00:18:13  Done. PASS=15 WARN=0 ERROR=3 SKIP=0 NO-OP=0 TOTAL=18
[0m00:18:13  
[0m00:18:13  Finished running 6 incremental models, 1 table model, 11 view models in 0 hours 2 minutes and 59.49 seconds (179.49s).
[0m00:18:13  
[0m00:18:13  [31mCompleted with 1 error, 0 partial successes, and 0 warnings:[0m
[0m00:18:13  
[0m00:18:13  [[31mERROR[0m]: in model pagamentos (models/mart/pagamentos.sql)
[0m00:18:13    Database Error in model pagamentos (models/mart/pagamentos.sql)
  MERGE command cannot affect row a second time
  HINT:  Ensure that not more than one source row matches any one target row.
  compiled code at target/run/cobra_etl/models/mart/pagamentos.sql
[0m00:18:13  
[0m00:18:13    compiled code at target/compiled/cobra_etl/models/mart/pagamentos.sql
[0m00:18:13  
[0m00:18:13  Done. PASS=17 WARN=0 ERROR=1 SKIP=0 NO-OP=0 TOTAL=18
qua 13 mai 2026 21:18:14 -03 - dbt finalizado com código 0
qua 13 mai 2026 21:18:14 -03 - dbt finalizado com código 0
qua 13 mai 2026 21:18:44 -03 - Iniciando dbt run...
[0m00:18:48  Running with dbt=1.12.0-b1
[0m00:18:49  Registered adapter: postgres=1.10.0
[0m00:18:50  Found 18 models, 468 macros
[0m00:18:50  
[0m00:18:50  Concurrency: 4 threads (target='dev')
[0m00:18:50  
[0m00:18:50  1 of 18 START sql view model cobra_staging.chg_dividas ......................... [RUN]
[0m00:18:50  2 of 18 START sql view model cobra_staging.stg_cadastro ........................ [RUN]
[0m00:18:50  3 of 18 START sql view model cobra_staging.stg_dividas ......................... [RUN]
[0m00:18:50  4 of 18 START sql view model cobra_staging.stg_filiais ......................... [RUN]
[0m00:18:51  1 of 18 OK created sql view model cobra_staging.chg_dividas .................... [[32mCREATE VIEW[0m in 0.80s]
[0m00:18:51  3 of 18 OK created sql view model cobra_staging.stg_dividas .................... [[32mCREATE VIEW[0m in 0.82s]
[0m00:18:51  4 of 18 OK created sql view model cobra_staging.stg_filiais .................... [[32mCREATE VIEW[0m in 0.81s]
[0m00:18:51  5 of 18 START sql view model cobra_staging.stg_pagamentos ...................... [RUN]
[0m00:18:51  6 of 18 START sql table model public.dividas ................................... [RUN]
[0m00:18:51  7 of 18 START sql view model cobra_staging.chg_lojas ........................... [RUN]
[0m00:18:51  2 of 18 OK created sql view model cobra_staging.stg_cadastro ................... [[32mCREATE VIEW[0m in 0.84s]
[0m00:18:51  8 of 18 START sql incremental model public.lojas ............................... [RUN]
[0m00:18:52  7 of 18 OK created sql view model cobra_staging.chg_lojas ...................... [[32mCREATE VIEW[0m in 0.49s]
[0m00:18:52  9 of 18 START sql view model cobra_staging.chg_devedores ....................... [RUN]
[0m00:18:52  5 of 18 OK created sql view model cobra_staging.stg_pagamentos ................. [[32mCREATE VIEW[0m in 0.63s]
[0m00:18:52  10 of 18 START sql view model cobra_staging.chg_emails ......................... [RUN]
[0m00:18:52  8 of 18 OK created sql incremental model public.lojas .......................... [[32mMERGE 20[0m in 0.70s]
[0m00:18:52  11 of 18 START sql view model cobra_staging.chg_enderecos ...................... [RUN]
[0m00:18:52  9 of 18 OK created sql view model cobra_staging.chg_devedores .................. [[32mCREATE VIEW[0m in 0.31s]
[0m00:18:52  12 of 18 START sql view model cobra_staging.chg_telefones ...................... [RUN]
[0m00:18:52  10 of 18 OK created sql view model cobra_staging.chg_emails .................... [[32mCREATE VIEW[0m in 0.22s]
[0m00:18:52  13 of 18 START sql incremental model public.devedores .......................... [RUN]
[0m00:18:52  11 of 18 OK created sql view model cobra_staging.chg_enderecos ................. [[32mCREATE VIEW[0m in 0.26s]
[0m00:18:52  14 of 18 START sql incremental model public.emails ............................. [RUN]
[0m00:18:52  12 of 18 OK created sql view model cobra_staging.chg_telefones ................. [[32mCREATE VIEW[0m in 0.21s]
[0m00:18:52  15 of 18 START sql incremental model public.enderecos .......................... [RUN]
[0m00:18:53  14 of 18 OK created sql incremental model public.emails ........................ [[32mMERGE 8581[0m in 0.60s]
[0m00:18:53  16 of 18 START sql incremental model public.telefones .......................... [RUN]
[0m00:18:53  13 of 18 OK created sql incremental model public.devedores ..................... [[32mMERGE 19643[0m in 1.02s]
[0m00:18:53  17 of 18 START sql view model cobra_staging.chg_pagamentos ..................... [RUN]
[0m00:18:53  17 of 18 OK created sql view model cobra_staging.chg_pagamentos ................ [[32mCREATE VIEW[0m in 0.10s]
[0m00:18:53  18 of 18 START sql incremental model public.pagamentos ......................... [RUN]
[0m00:18:53  15 of 18 OK created sql incremental model public.enderecos ..................... [[32mMERGE 19643[0m in 0.99s]
[0m00:18:53  16 of 18 OK created sql incremental model public.telefones ..................... [[32mMERGE 19176[0m in 0.59s]
[0m00:18:54  18 of 18 OK created sql incremental model public.pagamentos .................... [[32mMERGE 48854[0m in 1.02s]
[0m00:19:10  6 of 18 OK created sql table model public.dividas .............................. [[32mSELECT 971030[0m in 18.58s]
[0m00:19:10  
[0m00:19:10  Finished running 6 incremental models, 1 table model, 11 view models in 0 hours 0 minutes and 20.05 seconds (20.05s).
[0m00:19:10  
[0m00:19:10  [32mCompleted successfully[0m
[0m00:19:10  
[0m00:19:10  Done. PASS=18 WARN=0 ERROR=0 SKIP=0 NO-OP=0 TOTAL=18
qua 13 mai 2026 21:19:11 -03 - dbt finalizado com código 0
qua 13 mai 2026 21:19:14 -03 - Iniciando dbt run...
[0m00:19:18  Running with dbt=1.12.0-b1
[0m00:19:18  Registered adapter: postgres=1.10.0
[0m00:19:19  Found 18 models, 468 macros
[0m00:19:19  
[0m00:19:19  Concurrency: 4 threads (target='dev')
[0m00:19:19  
[0m00:19:20  1 of 18 START sql view model cobra_staging.chg_dividas ......................... [RUN]
[0m00:19:20  2 of 18 START sql view model cobra_staging.stg_cadastro ........................ [RUN]
[0m00:19:20  3 of 18 START sql view model cobra_staging.stg_dividas ......................... [RUN]
[0m00:19:20  4 of 18 START sql view model cobra_staging.stg_filiais ......................... [RUN]
[0m00:19:20  1 of 18 OK created sql view model cobra_staging.chg_dividas .................... [[32mCREATE VIEW[0m in 0.71s]
[0m00:19:20  5 of 18 START sql view model cobra_staging.stg_pagamentos ...................... [RUN]
[0m00:19:21  4 of 18 OK created sql view model cobra_staging.stg_filiais .................... [[32mCREATE VIEW[0m in 0.74s]
[0m00:19:21  3 of 18 OK created sql view model cobra_staging.stg_dividas .................... [[32mCREATE VIEW[0m in 0.75s]
[0m00:19:21  2 of 18 OK created sql view model cobra_staging.stg_cadastro ................... [[32mCREATE VIEW[0m in 0.75s]
[0m00:19:21  6 of 18 START sql view model cobra_staging.chg_lojas ........................... [RUN]
[0m00:19:21  7 of 18 START sql incremental model public.lojas ............................... [RUN]
[0m00:19:21  8 of 18 START sql table model public.dividas ................................... [RUN]
[0m00:19:21  5 of 18 OK created sql view model cobra_staging.stg_pagamentos ................. [[32mCREATE VIEW[0m in 0.38s]
[0m00:19:21  9 of 18 START sql view model cobra_staging.chg_devedores ....................... [RUN]
[0m00:19:21  6 of 18 OK created sql view model cobra_staging.chg_lojas ...................... [[32mCREATE VIEW[0m in 0.45s]
[0m00:19:21  10 of 18 START sql view model cobra_staging.chg_emails ......................... [RUN]
[0m00:19:21  9 of 18 OK created sql view model cobra_staging.chg_devedores .................. [[32mCREATE VIEW[0m in 0.28s]
[0m00:19:21  7 of 18 OK created sql incremental model public.lojas .......................... [[32mMERGE 20[0m in 0.67s]
[0m00:19:21  11 of 18 START sql view model cobra_staging.chg_enderecos ...................... [RUN]
[0m00:19:21  12 of 18 START sql view model cobra_staging.chg_telefones ...................... [RUN]
[0m00:19:21  10 of 18 OK created sql view model cobra_staging.chg_emails .................... [[32mCREATE VIEW[0m in 0.29s]
[0m00:19:21  13 of 18 START sql incremental model public.devedores .......................... [RUN]
[0m00:19:21  12 of 18 OK created sql view model cobra_staging.chg_telefones ................. [[32mCREATE VIEW[0m in 0.20s]
[0m00:19:21  11 of 18 OK created sql view model cobra_staging.chg_enderecos ................. [[32mCREATE VIEW[0m in 0.22s]
[0m00:19:21  14 of 18 START sql incremental model public.emails ............................. [RUN]
[0m00:19:21  15 of 18 START sql incremental model public.enderecos .......................... [RUN]
[0m00:19:22  13 of 18 OK created sql incremental model public.devedores ..................... [[32mMERGE 19643[0m in 0.63s]
[0m00:19:22  16 of 18 START sql incremental model public.telefones .......................... [RUN]
[0m00:19:22  14 of 18 OK created sql incremental model public.emails ........................ [[32mMERGE 8581[0m in 0.52s]
[0m00:19:22  17 of 18 START sql view model cobra_staging.chg_pagamentos ..................... [RUN]
[0m00:19:22  17 of 18 OK created sql view model cobra_staging.chg_pagamentos ................ [[32mCREATE VIEW[0m in 0.15s]
[0m00:19:22  18 of 18 START sql incremental model public.pagamentos ......................... [RUN]
[0m00:19:22  15 of 18 OK created sql incremental model public.enderecos ..................... [[32mMERGE 19643[0m in 0.73s]
[0m00:19:23  16 of 18 OK created sql incremental model public.telefones ..................... [[32mMERGE 19176[0m in 0.58s]
[0m00:19:24  18 of 18 OK created sql incremental model public.pagamentos .................... [[32mMERGE 48854[0m in 1.70s]
[0m00:19:46  8 of 18 OK created sql table model public.dividas .............................. [[32mSELECT 1165236[0m in 25.28s]
[0m00:19:46  
[0m00:19:46  Finished running 6 incremental models, 1 table model, 11 view models in 0 hours 0 minutes and 26.60 seconds (26.60s).
[0m00:19:46  
[0m00:19:46  [32mCompleted successfully[0m
[0m00:19:46  
[0m00:19:46  Done. PASS=18 WARN=0 ERROR=0 SKIP=0 NO-OP=0 TOTAL=18
qua 13 mai 2026 21:19:47 -03 - dbt finalizado com código 0
qua 13 mai 2026 21:20:41 -03 - Iniciando dbt run...
[0m00:20:45  Running with dbt=1.12.0-b1
[0m00:20:45  Registered adapter: postgres=1.10.0
[0m00:20:46  Found 18 models, 468 macros
[0m00:20:46  
[0m00:20:46  Concurrency: 4 threads (target='dev')
[0m00:20:46  
[0m00:20:46  1 of 18 START sql view model cobra_staging.chg_dividas ......................... [RUN]
[0m00:20:46  2 of 18 START sql view model cobra_staging.stg_cadastro ........................ [RUN]
[0m00:20:46  3 of 18 START sql view model cobra_staging.stg_dividas ......................... [RUN]
[0m00:20:46  4 of 18 START sql view model cobra_staging.stg_filiais ......................... [RUN]
[0m00:20:47  1 of 18 OK created sql view model cobra_staging.chg_dividas .................... [[32mCREATE VIEW[0m in 0.64s]
[0m00:20:47  5 of 18 START sql view model cobra_staging.stg_pagamentos ...................... [RUN]
[0m00:20:47  4 of 18 OK created sql view model cobra_staging.stg_filiais .................... [[32mCREATE VIEW[0m in 0.68s]
[0m00:20:47  3 of 18 OK created sql view model cobra_staging.stg_dividas .................... [[32mCREATE VIEW[0m in 0.69s]
[0m00:20:47  2 of 18 OK created sql view model cobra_staging.stg_cadastro ................... [[32mCREATE VIEW[0m in 0.70s]
[0m00:20:47  6 of 18 START sql view model cobra_staging.chg_lojas ........................... [RUN]
[0m00:20:47  7 of 18 START sql table model public.dividas ................................... [RUN]
[0m00:20:47  8 of 18 START sql incremental model public.lojas ............................... [RUN]
qua 13 mai 2026 21:20:47 -03 - Iniciando dbt run...
[0m00:20:48  5 of 18 OK created sql view model cobra_staging.stg_pagamentos ................. [[32mCREATE VIEW[0m in 0.34s]
[0m00:20:48  9 of 18 START sql view model cobra_staging.chg_devedores ....................... [RUN]
[0m00:20:48  6 of 18 OK created sql view model cobra_staging.chg_lojas ...................... [[32mCREATE VIEW[0m in 0.44s]
[0m00:20:48  10 of 18 START sql view model cobra_staging.chg_emails ......................... [RUN]
[0m00:20:48  9 of 18 OK created sql view model cobra_staging.chg_devedores .................. [[32mCREATE VIEW[0m in 0.31s]
[0m00:20:48  11 of 18 START sql view model cobra_staging.chg_enderecos ...................... [RUN]
[0m00:20:48  8 of 18 OK created sql incremental model public.lojas .......................... [[32mMERGE 20[0m in 0.65s]
[0m00:20:48  12 of 18 START sql view model cobra_staging.chg_telefones ...................... [RUN]
[0m00:20:48  10 of 18 OK created sql view model cobra_staging.chg_emails .................... [[32mCREATE VIEW[0m in 0.26s]
[0m00:20:48  13 of 18 START sql incremental model public.devedores .......................... [RUN]
[0m00:20:48  11 of 18 OK created sql view model cobra_staging.chg_enderecos ................. [[32mCREATE VIEW[0m in 0.18s]
[0m00:20:48  14 of 18 START sql incremental model public.emails ............................. [RUN]
[0m00:20:48  12 of 18 OK created sql view model cobra_staging.chg_telefones ................. [[32mCREATE VIEW[0m in 0.19s]
[0m00:20:48  15 of 18 START sql incremental model public.enderecos .......................... [RUN]
[0m00:20:49  14 of 18 OK created sql incremental model public.emails ........................ [[32mMERGE 8581[0m in 0.51s]
[0m00:20:49  16 of 18 START sql incremental model public.telefones .......................... [RUN]
[0m00:20:49  13 of 18 OK created sql incremental model public.devedores ..................... [[32mMERGE 19643[0m in 0.73s]
[0m00:20:49  17 of 18 START sql view model cobra_staging.chg_pagamentos ..................... [RUN]
[0m00:20:49  15 of 18 OK created sql incremental model public.enderecos ..................... [[32mMERGE 19643[0m in 0.67s]
[0m00:20:49  18 of 18 START sql incremental model public.pagamentos ......................... [RUN]
[0m00:20:49  17 of 18 OK created sql view model cobra_staging.chg_pagamentos ................ [[32mCREATE VIEW[0m in 0.19s]
[0m00:20:49  16 of 18 OK created sql incremental model public.telefones ..................... [[32mMERGE 19176[0m in 0.55s]
[0m00:20:50  18 of 18 OK created sql incremental model public.pagamentos .................... [[32mMERGE 48854[0m in 1.19s]
[0m00:20:52  Running with dbt=1.12.0-b1
[0m00:20:52  Registered adapter: postgres=1.10.0
[0m00:20:53  Found 18 models, 468 macros
[0m00:20:53  
[0m00:20:53  Concurrency: 4 threads (target='dev')
[0m00:20:53  
[0m00:20:53  1 of 18 START sql view model cobra_staging.chg_dividas ......................... [RUN]
[0m00:20:53  2 of 18 START sql view model cobra_staging.stg_cadastro ........................ [RUN]
[0m00:20:53  3 of 18 START sql view model cobra_staging.stg_dividas ......................... [RUN]
[0m00:20:53  4 of 18 START sql view model cobra_staging.stg_filiais ......................... [RUN]
[0m00:20:54  4 of 18 OK created sql view model cobra_staging.stg_filiais .................... [[32mCREATE VIEW[0m in 0.78s]
[0m00:20:54  2 of 18 OK created sql view model cobra_staging.stg_cadastro ................... [[32mCREATE VIEW[0m in 0.79s]
[0m00:20:54  5 of 18 START sql view model cobra_staging.stg_pagamentos ...................... [RUN]
[0m00:20:54  6 of 18 START sql view model cobra_staging.chg_devedores ....................... [RUN]
[0m00:20:54  6 of 18 OK created sql view model cobra_staging.chg_devedores .................. [[32mCREATE VIEW[0m in 0.16s]
[0m00:20:54  7 of 18 START sql view model cobra_staging.chg_emails .......................... [RUN]
[0m00:20:54  5 of 18 OK created sql view model cobra_staging.stg_pagamentos ................. [[32mCREATE VIEW[0m in 0.19s]
[0m00:20:54  8 of 18 START sql view model cobra_staging.chg_enderecos ....................... [RUN]
[0m00:20:55  7 of 18 OK created sql view model cobra_staging.chg_emails ..................... [[32mCREATE VIEW[0m in 0.17s]
[0m00:20:55  8 of 18 OK created sql view model cobra_staging.chg_enderecos .................. [[32mCREATE VIEW[0m in 0.16s]
[0m00:20:55  9 of 18 START sql view model cobra_staging.chg_lojas ........................... [RUN]
[0m00:20:55  10 of 18 START sql view model cobra_staging.chg_telefones ...................... [RUN]
[0m00:20:55  9 of 18 OK created sql view model cobra_staging.chg_lojas ...................... [[32mCREATE VIEW[0m in 0.16s]
[0m00:20:55  10 of 18 OK created sql view model cobra_staging.chg_telefones ................. [[32mCREATE VIEW[0m in 0.16s]
[0m00:20:55  11 of 18 START sql incremental model public.devedores .......................... [RUN]
[0m00:20:55  12 of 18 START sql incremental model public.emails ............................. [RUN]
[0m00:20:56  12 of 18 OK created sql incremental model public.emails ........................ [[32mMERGE 8581[0m in 0.88s]
[0m00:20:56  13 of 18 START sql incremental model public.enderecos .......................... [RUN]
[0m00:20:56  11 of 18 OK created sql incremental model public.devedores ..................... [[32mMERGE 19643[0m in 1.02s]
[0m00:20:56  14 of 18 START sql incremental model public.lojas .............................. [RUN]
[0m00:20:56  14 of 18 OK created sql incremental model public.lojas ......................... [[32mMERGE 20[0m in 0.21s]
[0m00:20:56  15 of 18 START sql incremental model public.telefones .......................... [RUN]
[0m00:20:56  13 of 18 OK created sql incremental model public.enderecos ..................... [[32mMERGE 19643[0m in 0.62s]
[0m00:20:56  16 of 18 START sql view model cobra_staging.chg_pagamentos ..................... [RUN]
[0m00:20:56  16 of 18 OK created sql view model cobra_staging.chg_pagamentos ................ [[32mCREATE VIEW[0m in 0.11s]
[0m00:20:56  17 of 18 START sql incremental model public.pagamentos ......................... [RUN]
[0m00:20:56  15 of 18 OK created sql incremental model public.telefones ..................... [[32mMERGE 19176[0m in 0.45s]
[0m00:20:57  17 of 18 OK created sql incremental model public.pagamentos .................... [[32mMERGE 48854[0m in 1.16s]
[0m00:21:10  3 of 18 OK created sql view model cobra_staging.stg_dividas .................... [[32mCREATE VIEW[0m in 16.55s]
[0m00:21:10  18 of 18 START sql table model public.dividas .................................. [RUN]
[0m00:21:10  1 of 18 OK created sql view model cobra_staging.chg_dividas .................... [[32mCREATE VIEW[0m in 16.59s]
[0m00:21:10  7 of 18 OK created sql table model public.dividas .............................. [[32mSELECT 1165236[0m in 22.81s]
[0m00:21:10  
[0m00:21:10  Finished running 6 incremental models, 1 table model, 11 view models in 0 hours 0 minutes and 23.99 seconds (23.99s).
[0m00:21:10  
[0m00:21:10  [32mCompleted successfully[0m
[0m00:21:10  
[0m00:21:10  Done. PASS=18 WARN=0 ERROR=0 SKIP=0 NO-OP=0 TOTAL=18
qua 13 mai 2026 21:21:12 -03 - dbt finalizado com código 0
[0m00:21:36  18 of 18 OK created sql table model public.dividas ............................. [[32mSELECT 1165236[0m in 25.72s]
[0m00:21:36  
[0m00:21:36  Finished running 6 incremental models, 1 table model, 11 view models in 0 hours 0 minutes and 42.82 seconds (42.82s).
[0m00:21:36  
[0m00:21:36  [32mCompleted successfully[0m
[0m00:21:36  
[0m00:21:36  Done. PASS=18 WARN=0 ERROR=0 SKIP=0 NO-OP=0 TOTAL=18
qua 13 mai 2026 21:21:37 -03 - dbt finalizado com código 0
qua 13 mai 2026 22:05:37 -03 - Iniciando dbt run...
[0m01:05:41  Running with dbt=1.12.0-b1
[0m01:05:42  Registered adapter: postgres=1.10.0
[0m01:05:43  Found 17 models, 468 macros
[0m01:05:43  
[0m01:05:43  Concurrency: 4 threads (target='dev')
[0m01:05:43  
[0m01:05:43  1 of 17 START sql view model cobra_staging.chg_devedores ....................... [RUN]
[0m01:05:43  2 of 17 START sql view model cobra_staging.chg_emails .......................... [RUN]
[0m01:05:43  3 of 17 START sql view model cobra_staging.chg_enderecos ....................... [RUN]
[0m01:05:43  4 of 17 START sql view model cobra_staging.chg_lojas ........................... [RUN]
[0m01:05:44  2 of 17 OK created sql view model cobra_staging.chg_emails ..................... [[32mCREATE VIEW[0m in 0.84s]
[0m01:05:44  4 of 17 OK created sql view model cobra_staging.chg_lojas ...................... [[32mCREATE VIEW[0m in 0.84s]
[0m01:05:44  5 of 17 START sql view model cobra_staging.chg_pagamentos ...................... [RUN]
[0m01:05:44  6 of 17 START sql view model cobra_staging.chg_telefones ....................... [RUN]
[0m01:05:44  1 of 17 OK created sql view model cobra_staging.chg_devedores .................. [[32mCREATE VIEW[0m in 0.88s]
[0m01:05:44  3 of 17 OK created sql view model cobra_staging.chg_enderecos .................. [[32mCREATE VIEW[0m in 0.88s]
[0m01:05:44  7 of 17 START sql view model cobra_staging.stg_cadastro ........................ [RUN]
[0m01:05:44  8 of 17 START sql view model cobra_staging.stg_dividas ......................... [RUN]
[0m01:05:44  5 of 17 OK created sql view model cobra_staging.chg_pagamentos ................. [[32mCREATE VIEW[0m in 0.30s]
[0m01:05:44  6 of 17 OK created sql view model cobra_staging.chg_telefones .................. [[32mCREATE VIEW[0m in 0.32s]
[0m01:05:44  9 of 17 START sql view model cobra_staging.stg_filiais ......................... [RUN]
[0m01:05:44  10 of 17 START sql view model cobra_staging.stg_pagamentos ..................... [RUN]
[0m01:05:44  8 of 17 OK created sql view model cobra_staging.stg_dividas .................... [[32mCREATE VIEW[0m in 0.32s]
[0m01:05:44  7 of 17 OK created sql view model cobra_staging.stg_cadastro ................... [[32mCREATE VIEW[0m in 0.32s]
[0m01:05:44  11 of 17 START sql incremental model public.devedores .......................... [RUN]
[0m01:05:44  12 of 17 START sql table model public.dividas .................................. [RUN]
[0m01:05:45  9 of 17 OK created sql view model cobra_staging.stg_filiais .................... [[32mCREATE VIEW[0m in 0.40s]
[0m01:05:45  10 of 17 OK created sql view model cobra_staging.stg_pagamentos ................ [[32mCREATE VIEW[0m in 0.38s]
[0m01:05:45  13 of 17 START sql incremental model public.emails ............................. [RUN]
[0m01:05:45  14 of 17 START sql incremental model public.enderecos .......................... [RUN]
[0m01:05:45  13 of 17 OK created sql incremental model public.emails ........................ [[32mMERGE 8581[0m in 0.50s]
[0m01:05:45  15 of 17 START sql incremental model public.telefones .......................... [RUN]
[0m01:05:45  11 of 17 OK created sql incremental model public.devedores ..................... [[32mMERGE 19643[0m in 0.94s]
[0m01:05:45  16 of 17 START sql incremental model public.lojas .............................. [RUN]
[0m01:05:45  14 of 17 OK created sql incremental model public.enderecos ..................... [[32mMERGE 19643[0m in 0.71s]
[0m01:05:45  17 of 17 START sql incremental model public.pagamentos ......................... [RUN]
[0m01:05:46  16 of 17 OK created sql incremental model public.lojas ......................... [[32mMERGE 20[0m in 0.25s]
[0m01:05:46  15 of 17 OK created sql incremental model public.telefones ..................... [[32mMERGE 19176[0m in 0.50s]
[0m01:05:47  17 of 17 OK created sql incremental model public.pagamentos .................... [[32mMERGE 48854[0m in 1.14s]
[0m01:05:48  12 of 17 OK created sql table model public.dividas ............................. [[32mSELECT 194206[0m in 3.14s]
[0m01:05:48  
[0m01:05:48  Finished running 6 incremental models, 1 table model, 10 view models in 0 hours 0 minutes and 4.88 seconds (4.88s).
[0m01:05:48  
[0m01:05:48  [32mCompleted successfully[0m
[0m01:05:48  
[0m01:05:48  Done. PASS=17 WARN=0 ERROR=0 SKIP=0 NO-OP=0 TOTAL=17
qua 13 mai 2026 22:05:49 -03 - dbt finalizado com código 0
qua 13 mai 2026 22:15:42 -03 - Iniciando dbt run...
[0m01:15:46  Running with dbt=1.12.0-b1
[0m01:15:46  Registered adapter: postgres=1.10.0
[0m01:15:47  Found 17 models, 468 macros
[0m01:15:47  
[0m01:15:47  Concurrency: 4 threads (target='dev')
[0m01:15:47  
[0m01:15:47  1 of 17 START sql view model cobra_staging.chg_devedores ....................... [RUN]
[0m01:15:47  2 of 17 START sql view model cobra_staging.chg_emails .......................... [RUN]
[0m01:15:47  3 of 17 START sql view model cobra_staging.chg_enderecos ....................... [RUN]
[0m01:15:47  4 of 17 START sql view model cobra_staging.chg_lojas ........................... [RUN]
[0m01:15:48  4 of 17 OK created sql view model cobra_staging.chg_lojas ...................... [[32mCREATE VIEW[0m in 0.86s]
[0m01:15:48  1 of 17 OK created sql view model cobra_staging.chg_devedores .................. [[32mCREATE VIEW[0m in 0.88s]
[0m01:15:48  2 of 17 OK created sql view model cobra_staging.chg_emails ..................... [[32mCREATE VIEW[0m in 0.88s]
[0m01:15:48  3 of 17 OK created sql view model cobra_staging.chg_enderecos .................. [[32mCREATE VIEW[0m in 0.88s]
[0m01:15:48  5 of 17 START sql view model cobra_staging.chg_pagamentos ...................... [RUN]
[0m01:15:48  6 of 17 START sql view model cobra_staging.chg_telefones ....................... [RUN]
[0m01:15:48  7 of 17 START sql view model cobra_staging.stg_cadastro ........................ [RUN]
[0m01:15:48  8 of 17 START sql view model cobra_staging.stg_dividas ......................... [RUN]
[0m01:15:49  8 of 17 OK created sql view model cobra_staging.stg_dividas .................... [[32mCREATE VIEW[0m in 0.32s]
[0m01:15:49  5 of 17 OK created sql view model cobra_staging.chg_pagamentos ................. [[32mCREATE VIEW[0m in 0.33s]
[0m01:15:49  9 of 17 START sql view model cobra_staging.stg_filiais ......................... [RUN]
[0m01:15:49  10 of 17 START sql view model cobra_staging.stg_pagamentos ..................... [RUN]
[0m01:15:49  6 of 17 OK created sql view model cobra_staging.chg_telefones .................. [[32mCREATE VIEW[0m in 0.35s]
[0m01:15:49  7 of 17 OK created sql view model cobra_staging.stg_cadastro ................... [[32mCREATE VIEW[0m in 0.35s]
[0m01:15:49  11 of 17 START sql table model public.dividas .................................. [RUN]
[0m01:15:49  12 of 17 START sql incremental model public.devedores .......................... [RUN]
[0m01:15:49  9 of 17 OK created sql view model cobra_staging.stg_filiais .................... [[32mCREATE VIEW[0m in 0.38s]
[0m01:15:49  13 of 17 START sql incremental model public.emails ............................. [RUN]
[0m01:15:49  10 of 17 OK created sql view model cobra_staging.stg_pagamentos ................ [[32mCREATE VIEW[0m in 0.40s]
[0m01:15:49  14 of 17 START sql incremental model public.enderecos .......................... [RUN]
[0m01:15:50  13 of 17 OK created sql incremental model public.emails ........................ [[32mMERGE 8581[0m in 0.59s]
[0m01:15:50  15 of 17 START sql incremental model public.telefones .......................... [RUN]
[0m01:15:50  12 of 17 OK created sql incremental model public.devedores ..................... [[32mMERGE 19643[0m in 1.00s]
[0m01:15:50  16 of 17 START sql incremental model public.lojas .............................. [RUN]
[0m01:15:50  14 of 17 OK created sql incremental model public.enderecos ..................... [[32mMERGE 19643[0m in 0.76s]
[0m01:15:50  17 of 17 START sql incremental model public.pagamentos ......................... [RUN]
[0m01:15:50  16 of 17 OK created sql incremental model public.lojas ......................... [[32mMERGE 20[0m in 0.23s]
[0m01:15:50  15 of 17 OK created sql incremental model public.telefones ..................... [[32mMERGE 19176[0m in 0.45s]
[0m01:15:51  17 of 17 OK created sql incremental model public.pagamentos .................... [[32mMERGE 48854[0m in 1.18s]
[0m01:15:53  11 of 17 OK created sql table model public.dividas ............................. [[32mSELECT 194206[0m in 4.53s]
[0m01:15:53  
[0m01:15:53  Finished running 6 incremental models, 1 table model, 10 view models in 0 hours 0 minutes and 6.28 seconds (6.28s).
[0m01:15:53  
[0m01:15:53  [32mCompleted successfully[0m
[0m01:15:53  
[0m01:15:53  Done. PASS=17 WARN=0 ERROR=0 SKIP=0 NO-OP=0 TOTAL=17
qua 13 mai 2026 22:15:55 -03 - dbt finalizado com código 0
qua 13 mai 2026 22:19:19 -03 - Iniciando dbt run...
[0m01:19:23  Running with dbt=1.12.0-b1
[0m01:19:23  Registered adapter: postgres=1.10.0
[0m01:19:24  Found 17 models, 468 macros
[0m01:19:24  
[0m01:19:24  Concurrency: 4 threads (target='dev')
[0m01:19:24  
[0m01:19:24  1 of 17 START sql view model cobra_staging.chg_devedores ....................... [RUN]
[0m01:19:24  2 of 17 START sql view model cobra_staging.chg_emails .......................... [RUN]
[0m01:19:24  3 of 17 START sql view model cobra_staging.chg_enderecos ....................... [RUN]
[0m01:19:24  4 of 17 START sql view model cobra_staging.chg_lojas ........................... [RUN]
[0m01:19:25  2 of 17 OK created sql view model cobra_staging.chg_emails ..................... [[32mCREATE VIEW[0m in 0.85s]
[0m01:19:25  3 of 17 OK created sql view model cobra_staging.chg_enderecos .................. [[32mCREATE VIEW[0m in 0.84s]
[0m01:19:25  5 of 17 START sql view model cobra_staging.chg_pagamentos ...................... [RUN]
[0m01:19:25  1 of 17 OK created sql view model cobra_staging.chg_devedores .................. [[32mCREATE VIEW[0m in 0.89s]
[0m01:19:25  4 of 17 OK created sql view model cobra_staging.chg_lojas ...................... [[32mCREATE VIEW[0m in 0.85s]
[0m01:19:25  6 of 17 START sql view model cobra_staging.chg_telefones ....................... [RUN]
[0m01:19:25  7 of 17 START sql view model cobra_staging.stg_cadastro ........................ [RUN]
[0m01:19:25  8 of 17 START sql view model cobra_staging.stg_dividas ......................... [RUN]
[0m01:19:26  5 of 17 OK created sql view model cobra_staging.chg_pagamentos ................. [[32mCREATE VIEW[0m in 0.28s]
[0m01:19:26  9 of 17 START sql view model cobra_staging.stg_filiais ......................... [RUN]
[0m01:19:26  6 of 17 OK created sql view model cobra_staging.chg_telefones .................. [[32mCREATE VIEW[0m in 0.33s]
[0m01:19:26  8 of 17 OK created sql view model cobra_staging.stg_dividas .................... [[32mCREATE VIEW[0m in 0.33s]
[0m01:19:26  7 of 17 OK created sql view model cobra_staging.stg_cadastro ................... [[32mCREATE VIEW[0m in 0.34s]
[0m01:19:26  10 of 17 START sql view model cobra_staging.stg_pagamentos ..................... [RUN]
[0m01:19:26  11 of 17 START sql table model public.dividas .................................. [RUN]
[0m01:19:26  12 of 17 START sql incremental model public.devedores .......................... [RUN]
[0m01:19:26  9 of 17 OK created sql view model cobra_staging.stg_filiais .................... [[32mCREATE VIEW[0m in 0.35s]
[0m01:19:26  13 of 17 START sql incremental model public.emails ............................. [RUN]
[0m01:19:26  10 of 17 OK created sql view model cobra_staging.stg_pagamentos ................ [[32mCREATE VIEW[0m in 0.40s]
[0m01:19:26  14 of 17 START sql incremental model public.enderecos .......................... [RUN]
[0m01:19:27  13 of 17 OK created sql incremental model public.emails ........................ [[32mMERGE 8581[0m in 0.61s]
[0m01:19:27  15 of 17 START sql incremental model public.telefones .......................... [RUN]
[0m01:19:27  12 of 17 OK created sql incremental model public.devedores ..................... [[32mMERGE 19643[0m in 1.11s]
[0m01:19:27  16 of 17 START sql incremental model public.lojas .............................. [RUN]
[0m01:19:27  14 of 17 OK created sql incremental model public.enderecos ..................... [[32mMERGE 19643[0m in 0.80s]
[0m01:19:27  17 of 17 START sql incremental model public.pagamentos ......................... [RUN]
[0m01:19:27  16 of 17 OK created sql incremental model public.lojas ......................... [[32mMERGE 20[0m in 0.21s]
[0m01:19:27  15 of 17 OK created sql incremental model public.telefones ..................... [[32mMERGE 19176[0m in 0.51s]
[0m01:19:28  17 of 17 OK created sql incremental model public.pagamentos .................... [[32mMERGE 48854[0m in 1.21s]
[0m01:19:31  11 of 17 OK created sql table model public.dividas ............................. [[32mSELECT 194206[0m in 4.83s]
[0m01:19:31  
[0m01:19:31  Finished running 6 incremental models, 1 table model, 10 view models in 0 hours 0 minutes and 6.57 seconds (6.57s).
[0m01:19:31  
[0m01:19:31  [32mCompleted successfully[0m
[0m01:19:31  
[0m01:19:31  Done. PASS=17 WARN=0 ERROR=0 SKIP=0 NO-OP=0 TOTAL=17
qua 13 mai 2026 22:19:32 -03 - dbt finalizado com código 0
qua 13 mai 2026 22:23:02 -03 - Iniciando dbt run...
[0m01:23:06  Running with dbt=1.12.0-b1
[0m01:23:06  Registered adapter: postgres=1.10.0
[0m01:23:07  Found 17 models, 468 macros
[0m01:23:07  
[0m01:23:07  Concurrency: 4 threads (target='dev')
[0m01:23:07  
[0m01:23:07  1 of 17 START sql view model cobra_staging.chg_devedores ....................... [RUN]
[0m01:23:07  2 of 17 START sql view model cobra_staging.chg_emails .......................... [RUN]
[0m01:23:07  3 of 17 START sql view model cobra_staging.chg_enderecos ....................... [RUN]
[0m01:23:07  4 of 17 START sql view model cobra_staging.chg_lojas ........................... [RUN]
[0m01:23:08  2 of 17 OK created sql view model cobra_staging.chg_emails ..................... [[32mCREATE VIEW[0m in 0.81s]
[0m01:23:08  5 of 17 START sql view model cobra_staging.chg_pagamentos ...................... [RUN]
[0m01:23:08  3 of 17 OK created sql view model cobra_staging.chg_enderecos .................. [[32mCREATE VIEW[0m in 0.84s]
[0m01:23:08  1 of 17 OK created sql view model cobra_staging.chg_devedores .................. [[32mCREATE VIEW[0m in 0.85s]
[0m01:23:08  4 of 17 OK created sql view model cobra_staging.chg_lojas ...................... [[32mCREATE VIEW[0m in 0.84s]
[0m01:23:08  6 of 17 START sql view model cobra_staging.chg_telefones ....................... [RUN]
[0m01:23:08  7 of 17 START sql view model cobra_staging.stg_cadastro ........................ [RUN]
[0m01:23:08  8 of 17 START sql view model cobra_staging.stg_dividas ......................... [RUN]
[0m01:23:09  5 of 17 OK created sql view model cobra_staging.chg_pagamentos ................. [[32mCREATE VIEW[0m in 0.25s]
[0m01:23:09  9 of 17 START sql view model cobra_staging.stg_filiais ......................... [RUN]
[0m01:23:09  6 of 17 OK created sql view model cobra_staging.chg_telefones .................. [[32mCREATE VIEW[0m in 0.31s]
[0m01:23:09  10 of 17 START sql view model cobra_staging.stg_pagamentos ..................... [RUN]
[0m01:23:09  7 of 17 OK created sql view model cobra_staging.stg_cadastro ................... [[32mCREATE VIEW[0m in 0.33s]
[0m01:23:09  8 of 17 OK created sql view model cobra_staging.stg_dividas .................... [[32mCREATE VIEW[0m in 0.33s]
[0m01:23:09  11 of 17 START sql incremental model public.devedores .......................... [RUN]
[0m01:23:09  12 of 17 START sql incremental model public.emails ............................. [RUN]
[0m01:23:09  9 of 17 OK created sql view model cobra_staging.stg_filiais .................... [[32mCREATE VIEW[0m in 0.48s]
[0m01:23:09  10 of 17 OK created sql view model cobra_staging.stg_pagamentos ................ [[32mCREATE VIEW[0m in 0.40s]
[0m01:23:09  13 of 17 START sql incremental model public.enderecos .......................... [RUN]
[0m01:23:09  14 of 17 START sql incremental model public.telefones .......................... [RUN]
[0m01:23:10  12 of 17 OK created sql incremental model public.emails ........................ [[32mMERGE 8581[0m in 0.90s]
[0m01:23:10  15 of 17 START sql table model public.dividas .................................. [RUN]
[0m01:23:10  14 of 17 OK created sql incremental model public.telefones ..................... [[32mMERGE 19176[0m in 0.61s]
[0m01:23:10  16 of 17 START sql incremental model public.lojas .............................. [RUN]
[0m01:23:10  11 of 17 OK created sql incremental model public.devedores ..................... [[32mMERGE 19643[0m in 1.06s]
[0m01:23:10  17 of 17 START sql incremental model public.pagamentos ......................... [RUN]
[0m01:23:10  13 of 17 OK created sql incremental model public.enderecos ..................... [[32mMERGE 19643[0m in 0.73s]
[0m01:23:10  16 of 17 OK created sql incremental model public.lojas ......................... [[32mMERGE 20[0m in 0.22s]
[0m01:23:11  17 of 17 OK created sql incremental model public.pagamentos .................... [[32mMERGE 48854[0m in 1.26s]
[0m01:23:14  15 of 17 OK created sql table model public.dividas ............................. [[32mSELECT 194206[0m in 4.53s]
[0m01:23:14  
[0m01:23:14  Finished running 6 incremental models, 1 table model, 10 view models in 0 hours 0 minutes and 7.18 seconds (7.18s).
[0m01:23:14  
[0m01:23:14  [32mCompleted successfully[0m
[0m01:23:14  
[0m01:23:14  Done. PASS=17 WARN=0 ERROR=0 SKIP=0 NO-OP=0 TOTAL=17
qua 13 mai 2026 22:23:16 -03 - dbt finalizado com código 0
qua 13 mai 2026 22:43:46 -03 - Iniciando dbt run...
[0m01:43:50  Running with dbt=1.12.0-b1
[0m01:43:51  Registered adapter: postgres=1.10.0
[0m01:43:51  Found 18 models, 468 macros
[0m01:43:51  
[0m01:43:51  Concurrency: 4 threads (target='dev')
[0m01:43:51  
[0m01:43:52  1 of 18 START sql view model cobra_staging.chg_devedores ....................... [RUN]
[0m01:43:52  2 of 18 START sql view model cobra_staging.chg_emails .......................... [RUN]
[0m01:43:52  3 of 18 START sql view model cobra_staging.chg_enderecos ....................... [RUN]
[0m01:43:52  4 of 18 START sql view model cobra_staging.chg_lojas ........................... [RUN]
[0m01:43:53  2 of 18 OK created sql view model cobra_staging.chg_emails ..................... [[32mCREATE VIEW[0m in 0.96s]
[0m01:43:53  4 of 18 OK created sql view model cobra_staging.chg_lojas ...................... [[32mCREATE VIEW[0m in 0.97s]
[0m01:43:53  1 of 18 OK created sql view model cobra_staging.chg_devedores .................. [[32mCREATE VIEW[0m in 0.98s]
[0m01:43:53  3 of 18 OK created sql view model cobra_staging.chg_enderecos .................. [[32mCREATE VIEW[0m in 0.98s]
[0m01:43:53  5 of 18 START sql view model cobra_staging.chg_pagamentos ...................... [RUN]
[0m01:43:53  6 of 18 START sql view model cobra_staging.chg_telefones ....................... [RUN]
[0m01:43:53  7 of 18 START sql view model cobra_staging.stg_cadastro ........................ [RUN]
[0m01:43:53  8 of 18 START sql view model cobra_staging.stg_dividas ......................... [RUN]
[0m01:43:53  8 of 18 OK created sql view model cobra_staging.stg_dividas .................... [[32mCREATE VIEW[0m in 0.34s]
[0m01:43:53  6 of 18 OK created sql view model cobra_staging.chg_telefones .................. [[32mCREATE VIEW[0m in 0.36s]
[0m01:43:53  5 of 18 OK created sql view model cobra_staging.chg_pagamentos ................. [[32mCREATE VIEW[0m in 0.36s]
[0m01:43:53  7 of 18 OK created sql view model cobra_staging.stg_cadastro ................... [[32mCREATE VIEW[0m in 0.35s]
[0m01:43:53  9 of 18 START sql view model cobra_staging.stg_filiais ......................... [RUN]
[0m01:43:53  10 of 18 START sql view model cobra_staging.stg_pagamentos ..................... [RUN]
[0m01:43:53  11 of 18 START sql table model public.dividas .................................. [RUN]
[0m01:43:53  12 of 18 START sql incremental model public.devedores .......................... [RUN]
[0m01:43:54  9 of 18 OK created sql view model cobra_staging.stg_filiais .................... [[32mCREATE VIEW[0m in 0.43s]
[0m01:43:54  10 of 18 OK created sql view model cobra_staging.stg_pagamentos ................ [[32mCREATE VIEW[0m in 0.43s]
[0m01:43:54  13 of 18 START sql incremental model public.emails ............................. [RUN]
[0m01:43:54  14 of 18 START sql incremental model public.enderecos .......................... [RUN]
[0m01:43:54  13 of 18 OK created sql incremental model public.emails ........................ [[32mMERGE 8581[0m in 0.56s]
[0m01:43:54  15 of 18 START sql incremental model public.telefones .......................... [RUN]
[0m01:43:54  12 of 18 OK created sql incremental model public.devedores ..................... [[32mMERGE 19643[0m in 1.08s]
[0m01:43:54  16 of 18 START sql incremental model public.lojas .............................. [RUN]
[0m01:43:55  14 of 18 OK created sql incremental model public.enderecos ..................... [[32mMERGE 19643[0m in 0.72s]
[0m01:43:55  17 of 18 START sql incremental model public.pagamentos ......................... [RUN]
[0m01:43:55  16 of 18 OK created sql incremental model public.lojas ......................... [[32mMERGE 20[0m in 0.28s]
[0m01:43:55  15 of 18 OK created sql incremental model public.telefones ..................... [[32mMERGE 19176[0m in 0.51s]
[0m01:43:56  17 of 18 OK created sql incremental model public.pagamentos .................... [[32mMERGE 48854[0m in 1.20s]
[0m01:43:58  11 of 18 OK created sql table model public.dividas ............................. [[32mSELECT 194206[0m in 4.51s]
[0m01:43:58  18 of 18 START sql incremental model cobra.tb_audit_mudancas ................... [RUN]
[0m01:43:59  18 of 18 OK created sql incremental model cobra.tb_audit_mudancas .............. [[32mINSERT 0 9[0m in 1.57s]
[0m01:43:59  
[0m01:43:59  Finished running 7 incremental models, 1 table model, 10 view models in 0 hours 0 minutes and 8.08 seconds (8.08s).
[0m01:44:00  
[0m01:44:00  [32mCompleted successfully[0m
[0m01:44:00  
[0m01:44:00  Done. PASS=18 WARN=0 ERROR=0 SKIP=0 NO-OP=0 TOTAL=18
qua 13 mai 2026 22:44:01 -03 - dbt finalizado com código 0
qua 13 mai 2026 22:46:31 -03 - Iniciando dbt run...
[0m01:46:35  Running with dbt=1.12.0-b1
[0m01:46:35  Registered adapter: postgres=1.10.0
[0m01:46:36  Found 18 models, 468 macros
[0m01:46:36  
[0m01:46:36  Concurrency: 4 threads (target='dev')
[0m01:46:36  
[0m01:46:36  1 of 18 START sql view model cobra_staging.chg_devedores ....................... [RUN]
[0m01:46:36  2 of 18 START sql view model cobra_staging.chg_emails .......................... [RUN]
[0m01:46:36  3 of 18 START sql view model cobra_staging.chg_enderecos ....................... [RUN]
[0m01:46:36  4 of 18 START sql view model cobra_staging.chg_lojas ........................... [RUN]
[0m01:46:37  4 of 18 OK created sql view model cobra_staging.chg_lojas ...................... [[32mCREATE VIEW[0m in 0.89s]
[0m01:46:37  1 of 18 OK created sql view model cobra_staging.chg_devedores .................. [[32mCREATE VIEW[0m in 0.89s]
[0m01:46:37  2 of 18 OK created sql view model cobra_staging.chg_emails ..................... [[32mCREATE VIEW[0m in 0.89s]
[0m01:46:37  3 of 18 OK created sql view model cobra_staging.chg_enderecos .................. [[32mCREATE VIEW[0m in 0.89s]
[0m01:46:37  5 of 18 START sql view model cobra_staging.chg_pagamentos ...................... [RUN]
[0m01:46:37  6 of 18 START sql view model cobra_staging.chg_telefones ....................... [RUN]
[0m01:46:37  7 of 18 START sql view model cobra_staging.stg_cadastro ........................ [RUN]
[0m01:46:37  8 of 18 START sql view model cobra_staging.stg_dividas ......................... [RUN]
[0m01:46:38  8 of 18 OK created sql view model cobra_staging.stg_dividas .................... [[32mCREATE VIEW[0m in 0.32s]
[0m01:46:38  5 of 18 OK created sql view model cobra_staging.chg_pagamentos ................. [[32mCREATE VIEW[0m in 0.33s]
[0m01:46:38  9 of 18 START sql view model cobra_staging.stg_filiais ......................... [RUN]
[0m01:46:38  7 of 18 OK created sql view model cobra_staging.stg_cadastro ................... [[32mCREATE VIEW[0m in 0.35s]
[0m01:46:38  10 of 18 START sql view model cobra_staging.stg_pagamentos ..................... [RUN]
[0m01:46:38  6 of 18 OK created sql view model cobra_staging.chg_telefones .................. [[32mCREATE VIEW[0m in 0.35s]
[0m01:46:38  11 of 18 START sql table model public.dividas .................................. [RUN]
[0m01:46:38  12 of 18 START sql incremental model public.devedores .......................... [RUN]
[0m01:46:38  9 of 18 OK created sql view model cobra_staging.stg_filiais .................... [[32mCREATE VIEW[0m in 0.39s]
[0m01:46:38  10 of 18 OK created sql view model cobra_staging.stg_pagamentos ................ [[32mCREATE VIEW[0m in 0.38s]
[0m01:46:38  13 of 18 START sql incremental model public.emails ............................. [RUN]
[0m01:46:38  14 of 18 START sql incremental model public.enderecos .......................... [RUN]
[0m01:46:39  13 of 18 OK created sql incremental model public.emails ........................ [[32mMERGE 8581[0m in 0.56s]
[0m01:46:39  15 of 18 START sql incremental model public.telefones .......................... [RUN]
[0m01:46:39  12 of 18 OK created sql incremental model public.devedores ..................... [[32mMERGE 19643[0m in 1.03s]
[0m01:46:39  16 of 18 START sql incremental model public.lojas .............................. [RUN]
[0m01:46:39  14 of 18 OK created sql incremental model public.enderecos ..................... [[32mMERGE 19643[0m in 0.75s]
[0m01:46:39  17 of 18 START sql incremental model public.pagamentos ......................... [RUN]
[0m01:46:39  16 of 18 OK created sql incremental model public.lojas ......................... [[32mMERGE 20[0m in 0.23s]
[0m01:46:39  15 of 18 OK created sql incremental model public.telefones ..................... [[32mMERGE 19176[0m in 0.50s]
[0m01:46:40  17 of 18 OK created sql incremental model public.pagamentos .................... [[32mMERGE 48854[0m in 1.16s]
[0m01:46:42  11 of 18 OK created sql table model public.dividas ............................. [[32mSELECT 194206[0m in 4.55s]
[0m01:46:42  18 of 18 START sql incremental model cobra.tb_audit_mudancas ................... [RUN]
[0m01:46:44  18 of 18 OK created sql incremental model cobra.tb_audit_mudancas .............. [[32mINSERT 0 9[0m in 1.44s]
[0m01:46:44  
[0m01:46:44  Finished running 7 incremental models, 1 table model, 10 view models in 0 hours 0 minutes and 7.91 seconds (7.91s).
[0m01:46:44  
[0m01:46:44  [32mCompleted successfully[0m
[0m01:46:44  
[0m01:46:44  Done. PASS=18 WARN=0 ERROR=0 SKIP=0 NO-OP=0 TOTAL=18
qua 13 mai 2026 22:46:45 -03 - dbt finalizado com código 0
qua 13 mai 2026 22:51:15 -03 - Iniciando dbt run...
[0m01:51:19  Running with dbt=1.12.0-b1
[0m01:51:20  Registered adapter: postgres=1.10.0
[0m01:51:21  Found 18 models, 468 macros
[0m01:51:21  
[0m01:51:21  Concurrency: 4 threads (target='dev')
[0m01:51:21  
[0m01:51:21  1 of 18 START sql view model cobra_staging.chg_devedores ....................... [RUN]
[0m01:51:21  2 of 18 START sql view model cobra_staging.chg_emails .......................... [RUN]
[0m01:51:21  3 of 18 START sql view model cobra_staging.chg_enderecos ....................... [RUN]
[0m01:51:21  4 of 18 START sql view model cobra_staging.chg_lojas ........................... [RUN]
[0m01:51:22  2 of 18 OK created sql view model cobra_staging.chg_emails ..................... [[32mCREATE VIEW[0m in 0.83s]
[0m01:51:22  1 of 18 OK created sql view model cobra_staging.chg_devedores .................. [[32mCREATE VIEW[0m in 0.84s]
[0m01:51:22  5 of 18 START sql view model cobra_staging.chg_pagamentos ...................... [RUN]
[0m01:51:22  6 of 18 START sql view model cobra_staging.chg_telefones ....................... [RUN]
[0m01:51:22  3 of 18 OK created sql view model cobra_staging.chg_enderecos .................. [[32mCREATE VIEW[0m in 0.86s]
[0m01:51:22  7 of 18 START sql view model cobra_staging.stg_cadastro ........................ [RUN]
[0m01:51:22  4 of 18 OK created sql view model cobra_staging.chg_lojas ...................... [[32mCREATE VIEW[0m in 0.88s]
[0m01:51:22  8 of 18 START sql view model cobra_staging.stg_dividas ......................... [RUN]
[0m01:51:23  5 of 18 OK created sql view model cobra_staging.chg_pagamentos ................. [[32mCREATE VIEW[0m in 0.32s]
[0m01:51:23  6 of 18 OK created sql view model cobra_staging.chg_telefones .................. [[32mCREATE VIEW[0m in 0.32s]
[0m01:51:23  9 of 18 START sql view model cobra_staging.stg_filiais ......................... [RUN]
[0m01:51:23  10 of 18 START sql view model cobra_staging.stg_pagamentos ..................... [RUN]
[0m01:51:23  7 of 18 OK created sql view model cobra_staging.stg_cadastro ................... [[32mCREATE VIEW[0m in 0.31s]
[0m01:51:23  8 of 18 OK created sql view model cobra_staging.stg_dividas .................... [[32mCREATE VIEW[0m in 0.28s]
[0m01:51:23  11 of 18 START sql incremental model public.devedores .......................... [RUN]
[0m01:51:23  12 of 18 START sql incremental model public.emails ............................. [RUN]
[0m01:51:23  9 of 18 OK created sql view model cobra_staging.stg_filiais .................... [[32mCREATE VIEW[0m in 0.45s]
[0m01:51:23  10 of 18 OK created sql view model cobra_staging.stg_pagamentos ................ [[32mCREATE VIEW[0m in 0.45s]
[0m01:51:23  13 of 18 START sql incremental model public.enderecos .......................... [RUN]
[0m01:51:23  14 of 18 START sql incremental model public.telefones .......................... [RUN]
[0m01:51:24  12 of 18 OK created sql incremental model public.emails ........................ [[32mMERGE 8581[0m in 1.06s]
[0m01:51:24  15 of 18 START sql table model public.dividas .................................. [RUN]
[0m01:51:24  14 of 18 OK created sql incremental model public.telefones ..................... [[32mMERGE 19176[0m in 0.78s]
[0m01:51:24  11 of 18 OK created sql incremental model public.devedores ..................... [[32mMERGE 19643[0m in 1.20s]
[0m01:51:24  16 of 18 START sql incremental model public.lojas .............................. [RUN]
[0m01:51:24  17 of 18 START sql incremental model public.pagamentos ......................... [RUN]
[0m01:51:24  13 of 18 OK created sql incremental model public.enderecos ..................... [[32mMERGE 19643[0m in 0.85s]
[0m01:51:24  16 of 18 OK created sql incremental model public.lojas ......................... [[32mMERGE 20[0m in 0.25s]
[0m01:51:25  17 of 18 OK created sql incremental model public.pagamentos .................... [[32mMERGE 48854[0m in 1.23s]
[0m01:51:28  15 of 18 OK created sql table model public.dividas ............................. [[32mSELECT 194206[0m in 4.60s]
[0m01:51:28  18 of 18 START sql incremental model cobra.tb_audit_mudancas ................... [RUN]
[0m01:51:30  18 of 18 OK created sql incremental model cobra.tb_audit_mudancas .............. [[32mINSERT 0 9[0m in 1.73s]
[0m01:51:30  
[0m01:51:30  Finished running 7 incremental models, 1 table model, 10 view models in 0 hours 0 minutes and 9.26 seconds (9.26s).
[0m01:51:30  
[0m01:51:30  [32mCompleted successfully[0m
[0m01:51:30  
[0m01:51:30  Done. PASS=18 WARN=0 ERROR=0 SKIP=0 NO-OP=0 TOTAL=18
qua 13 mai 2026 22:51:32 -03 - dbt finalizado com código 0
qua 13 mai 2026 22:53:55 -03 - Iniciando dbt run...
[0m01:53:59  Running with dbt=1.12.0-b1
[0m01:53:59  Registered adapter: postgres=1.10.0
[0m01:54:00  Found 18 models, 468 macros
[0m01:54:00  
[0m01:54:00  Concurrency: 4 threads (target='dev')
[0m01:54:00  
[0m01:54:00  1 of 18 START sql view model cobra_staging.chg_devedores ....................... [RUN]
[0m01:54:00  2 of 18 START sql view model cobra_staging.chg_emails .......................... [RUN]
[0m01:54:00  3 of 18 START sql view model cobra_staging.chg_enderecos ....................... [RUN]
[0m01:54:00  4 of 18 START sql view model cobra_staging.chg_lojas ........................... [RUN]
[0m01:54:01  4 of 18 OK created sql view model cobra_staging.chg_lojas ...................... [[32mCREATE VIEW[0m in 0.94s]
[0m01:54:01  3 of 18 OK created sql view model cobra_staging.chg_enderecos .................. [[32mCREATE VIEW[0m in 0.95s]
[0m01:54:01  1 of 18 OK created sql view model cobra_staging.chg_devedores .................. [[32mCREATE VIEW[0m in 0.95s]
[0m01:54:01  2 of 18 OK created sql view model cobra_staging.chg_emails ..................... [[32mCREATE VIEW[0m in 0.96s]
[0m01:54:01  5 of 18 START sql view model cobra_staging.chg_pagamentos ...................... [RUN]
[0m01:54:01  6 of 18 START sql view model cobra_staging.chg_telefones ....................... [RUN]
[0m01:54:01  7 of 18 START sql view model cobra_staging.stg_cadastro ........................ [RUN]
[0m01:54:01  8 of 18 START sql view model cobra_staging.stg_dividas ......................... [RUN]
[0m01:54:02  7 of 18 OK created sql view model cobra_staging.stg_cadastro ................... [[32mCREATE VIEW[0m in 0.35s]
[0m01:54:02  5 of 18 OK created sql view model cobra_staging.chg_pagamentos ................. [[32mCREATE VIEW[0m in 0.36s]
[0m01:54:02  6 of 18 OK created sql view model cobra_staging.chg_telefones .................. [[32mCREATE VIEW[0m in 0.36s]
[0m01:54:02  8 of 18 OK created sql view model cobra_staging.stg_dividas .................... [[32mCREATE VIEW[0m in 0.36s]
[0m01:54:02  9 of 18 START sql view model cobra_staging.stg_filiais ......................... [RUN]
[0m01:54:02  10 of 18 START sql view model cobra_staging.stg_pagamentos ..................... [RUN]
[0m01:54:02  11 of 18 START sql incremental model public.devedores .......................... [RUN]
[0m01:54:02  12 of 18 START sql incremental model public.emails ............................. [RUN]
[0m01:54:02  9 of 18 OK created sql view model cobra_staging.stg_filiais .................... [[32mCREATE VIEW[0m in 0.43s]
[0m01:54:02  13 of 18 START sql incremental model public.enderecos .......................... [RUN]
[0m01:54:02  10 of 18 OK created sql view model cobra_staging.stg_pagamentos ................ [[32mCREATE VIEW[0m in 0.44s]
[0m01:54:02  14 of 18 START sql incremental model public.telefones .......................... [RUN]
[0m01:54:03  12 of 18 OK created sql incremental model public.emails ........................ [[32mMERGE 8581[0m in 1.03s]
[0m01:54:03  15 of 18 START sql table model public.dividas .................................. [RUN]
[0m01:54:03  14 of 18 OK created sql incremental model public.telefones ..................... [[32mMERGE 19176[0m in 0.68s]
[0m01:54:03  16 of 18 START sql incremental model public.lojas .............................. [RUN]
[0m01:54:03  13 of 18 OK created sql incremental model public.enderecos ..................... [[32mMERGE 19643[0m in 0.76s]
[0m01:54:03  17 of 18 START sql incremental model public.pagamentos ......................... [RUN]
[0m01:54:03  11 of 18 OK created sql incremental model public.devedores ..................... [[32mMERGE 19643[0m in 1.21s]
[0m01:54:03  16 of 18 OK created sql incremental model public.lojas ......................... [[32mMERGE 20[0m in 0.23s]
[0m01:54:04  17 of 18 OK created sql incremental model public.pagamentos .................... [[32mMERGE 48854[0m in 1.27s]
[0m01:54:07  15 of 18 OK created sql table model public.dividas ............................. [[32mSELECT 194206[0m in 4.33s]
[0m01:54:07  18 of 18 START sql incremental model cobra.tb_audit_mudancas ................... [RUN]
[0m01:54:09  18 of 18 OK created sql incremental model cobra.tb_audit_mudancas .............. [[32mINSERT 0 9[0m in 1.75s]
[0m01:54:09  
[0m01:54:09  Finished running 7 incremental models, 1 table model, 10 view models in 0 hours 0 minutes and 9.00 seconds (9.00s).
[0m01:54:09  
[0m01:54:09  [32mCompleted successfully[0m
[0m01:54:09  
[0m01:54:09  Done. PASS=18 WARN=0 ERROR=0 SKIP=0 NO-OP=0 TOTAL=18
qua 13 mai 2026 22:54:11 -03 - dbt finalizado com código 0
qua 13 mai 2026 22:56:32 -03 - Iniciando dbt run...
[0m01:56:35  Running with dbt=1.12.0-b1
[0m01:56:36  Registered adapter: postgres=1.10.0
[0m01:56:37  Found 18 models, 468 macros
[0m01:56:37  
[0m01:56:37  Concurrency: 4 threads (target='dev')
[0m01:56:37  
[0m01:56:37  1 of 18 START sql view model cobra_staging.chg_devedores ....................... [RUN]
[0m01:56:37  2 of 18 START sql view model cobra_staging.chg_emails .......................... [RUN]
[0m01:56:37  3 of 18 START sql view model cobra_staging.chg_enderecos ....................... [RUN]
[0m01:56:37  4 of 18 START sql view model cobra_staging.chg_lojas ........................... [RUN]
[0m01:56:38  1 of 18 OK created sql view model cobra_staging.chg_devedores .................. [[32mCREATE VIEW[0m in 0.90s]
[0m01:56:38  2 of 18 OK created sql view model cobra_staging.chg_emails ..................... [[32mCREATE VIEW[0m in 0.92s]
[0m01:56:38  5 of 18 START sql view model cobra_staging.chg_pagamentos ...................... [RUN]
[0m01:56:38  4 of 18 OK created sql view model cobra_staging.chg_lojas ...................... [[32mCREATE VIEW[0m in 0.92s]
[0m01:56:38  3 of 18 OK created sql view model cobra_staging.chg_enderecos .................. [[32mCREATE VIEW[0m in 0.93s]
[0m01:56:38  6 of 18 START sql view model cobra_staging.chg_telefones ....................... [RUN]
[0m01:56:38  7 of 18 START sql view model cobra_staging.stg_cadastro ........................ [RUN]
[0m01:56:38  8 of 18 START sql view model cobra_staging.stg_dividas ......................... [RUN]
[0m01:56:38  5 of 18 OK created sql view model cobra_staging.chg_pagamentos ................. [[32mCREATE VIEW[0m in 0.32s]
[0m01:56:38  6 of 18 OK created sql view model cobra_staging.chg_telefones .................. [[32mCREATE VIEW[0m in 0.31s]
[0m01:56:38  8 of 18 OK created sql view model cobra_staging.stg_dividas .................... [[32mCREATE VIEW[0m in 0.31s]
[0m01:56:38  7 of 18 OK created sql view model cobra_staging.stg_cadastro ................... [[32mCREATE VIEW[0m in 0.31s]
[0m01:56:38  9 of 18 START sql view model cobra_staging.stg_filiais ......................... [RUN]
[0m01:56:38  10 of 18 START sql view model cobra_staging.stg_pagamentos ..................... [RUN]
[0m01:56:39  11 of 18 START sql table model public.dividas .................................. [RUN]
[0m01:56:39  12 of 18 START sql incremental model public.devedores .......................... [RUN]
[0m01:56:39  9 of 18 OK created sql view model cobra_staging.stg_filiais .................... [[32mCREATE VIEW[0m in 0.38s]
[0m01:56:39  13 of 18 START sql incremental model public.emails ............................. [RUN]
[0m01:56:39  10 of 18 OK created sql view model cobra_staging.stg_pagamentos ................ [[32mCREATE VIEW[0m in 0.40s]
[0m01:56:39  14 of 18 START sql incremental model public.enderecos .......................... [RUN]
[0m01:56:39  13 of 18 OK created sql incremental model public.emails ........................ [[32mMERGE 8581[0m in 0.56s]
[0m01:56:39  15 of 18 START sql incremental model public.telefones .......................... [RUN]
[0m01:56:40  12 of 18 OK created sql incremental model public.devedores ..................... [[32mMERGE 19643[0m in 1.02s]
[0m01:56:40  16 of 18 START sql incremental model public.lojas .............................. [RUN]
[0m01:56:40  14 of 18 OK created sql incremental model public.enderecos ..................... [[32mMERGE 19643[0m in 0.72s]
[0m01:56:40  17 of 18 START sql incremental model public.pagamentos ......................... [RUN]
[0m01:56:40  16 of 18 OK created sql incremental model public.lojas ......................... [[32mMERGE 20[0m in 0.26s]
[0m01:56:40  15 of 18 OK created sql incremental model public.telefones ..................... [[32mMERGE 19176[0m in 0.53s]
[0m01:56:41  17 of 18 OK created sql incremental model public.pagamentos .................... [[32mMERGE 48854[0m in 1.13s]
[0m01:56:43  11 of 18 OK created sql table model public.dividas ............................. [[32mSELECT 194206[0m in 4.87s]
[0m01:56:43  18 of 18 START sql incremental model cobra.tb_audit_mudancas ................... [RUN]
[0m01:56:45  18 of 18 OK created sql incremental model cobra.tb_audit_mudancas .............. [[32mINSERT 0 9[0m in 1.62s]
[0m01:56:45  
[0m01:56:45  Finished running 7 incremental models, 1 table model, 10 view models in 0 hours 0 minutes and 8.40 seconds (8.40s).
[0m01:56:45  
[0m01:56:45  [32mCompleted successfully[0m
[0m01:56:45  
[0m01:56:45  Done. PASS=18 WARN=0 ERROR=0 SKIP=0 NO-OP=0 TOTAL=18
qua 13 mai 2026 22:56:47 -03 - dbt finalizado com código 0
qui 14 mai 2026 06:03:43 -03 - Iniciando dbt run...
[0m09:03:46  Running with dbt=1.12.0-b1
[0m09:03:47  Registered adapter: postgres=1.10.0
[0m09:03:48  Found 18 models, 468 macros
[0m09:03:48  
[0m09:03:48  Concurrency: 4 threads (target='dev')
[0m09:03:48  
[0m09:03:48  1 of 18 START sql view model cobra_staging.chg_devedores ....................... [RUN]
[0m09:03:48  2 of 18 START sql view model cobra_staging.chg_emails .......................... [RUN]
[0m09:03:48  3 of 18 START sql view model cobra_staging.chg_enderecos ....................... [RUN]
[0m09:03:48  4 of 18 START sql view model cobra_staging.chg_lojas ........................... [RUN]
[0m09:03:49  2 of 18 OK created sql view model cobra_staging.chg_emails ..................... [[32mCREATE VIEW[0m in 0.86s]
[0m09:03:49  1 of 18 OK created sql view model cobra_staging.chg_devedores .................. [[32mCREATE VIEW[0m in 0.86s]
[0m09:03:49  4 of 18 OK created sql view model cobra_staging.chg_lojas ...................... [[32mCREATE VIEW[0m in 0.86s]
[0m09:03:49  3 of 18 OK created sql view model cobra_staging.chg_enderecos .................. [[32mCREATE VIEW[0m in 0.87s]
[0m09:03:49  5 of 18 START sql view model cobra_staging.chg_pagamentos ...................... [RUN]
[0m09:03:49  6 of 18 START sql view model cobra_staging.chg_telefones ....................... [RUN]
[0m09:03:49  7 of 18 START sql view model cobra_staging.stg_cadastro ........................ [RUN]
[0m09:03:49  8 of 18 START sql view model cobra_staging.stg_dividas ......................... [RUN]
[0m09:03:50  5 of 18 OK created sql view model cobra_staging.chg_pagamentos ................. [[32mCREATE VIEW[0m in 0.31s]
[0m09:03:50  6 of 18 OK created sql view model cobra_staging.chg_telefones .................. [[32mCREATE VIEW[0m in 0.31s]
[0m09:03:50  9 of 18 START sql view model cobra_staging.stg_filiais ......................... [RUN]
[0m09:03:50  10 of 18 START sql view model cobra_staging.stg_pagamentos ..................... [RUN]
[0m09:03:50  8 of 18 OK created sql view model cobra_staging.stg_dividas .................... [[32mCREATE VIEW[0m in 0.33s]
[0m09:03:50  7 of 18 OK created sql view model cobra_staging.stg_cadastro ................... [[32mCREATE VIEW[0m in 0.33s]
[0m09:03:50  11 of 18 START sql incremental model public.devedores .......................... [RUN]
[0m09:03:50  12 of 18 START sql table model public.dividas .................................. [RUN]
[0m09:03:50  9 of 18 OK created sql view model cobra_staging.stg_filiais .................... [[32mCREATE VIEW[0m in 0.38s]
[0m09:03:50  10 of 18 OK created sql view model cobra_staging.stg_pagamentos ................ [[32mCREATE VIEW[0m in 0.38s]
[0m09:03:50  13 of 18 START sql incremental model public.emails ............................. [RUN]
[0m09:03:50  14 of 18 START sql incremental model public.enderecos .......................... [RUN]
[0m09:03:51  13 of 18 OK created sql incremental model public.emails ........................ [[32mMERGE 8587[0m in 0.58s]
[0m09:03:51  15 of 18 START sql incremental model public.telefones .......................... [RUN]
[0m09:03:51  11 of 18 OK created sql incremental model public.devedores ..................... [[32mMERGE 19649[0m in 1.07s]
[0m09:03:51  16 of 18 START sql incremental model public.lojas .............................. [RUN]
[0m09:03:51  14 of 18 OK created sql incremental model public.enderecos ..................... [[32mMERGE 19649[0m in 0.77s]
[0m09:03:51  17 of 18 START sql incremental model public.pagamentos ......................... [RUN]
[0m09:03:51  16 of 18 OK created sql incremental model public.lojas ......................... [[32mMERGE 20[0m in 0.23s]
[0m09:03:51  15 of 18 OK created sql incremental model public.telefones ..................... [[32mMERGE 19182[0m in 0.52s]
[0m09:03:52  17 of 18 OK created sql incremental model public.pagamentos .................... [[32mMERGE 48854[0m in 1.21s]
[0m09:03:55  12 of 18 OK created sql table model public.dividas ............................. [[32mSELECT 194688[0m in 5.21s]
[0m09:03:55  18 of 18 START sql incremental model cobra.tb_audit_mudancas ................... [RUN]
[0m09:03:57  18 of 18 OK created sql incremental model cobra.tb_audit_mudancas .............. [[32mINSERT 0 9[0m in 1.88s]
[0m09:03:57  
[0m09:03:57  Finished running 7 incremental models, 1 table model, 10 view models in 0 hours 0 minutes and 8.96 seconds (8.96s).
[0m09:03:57  
[0m09:03:57  [32mCompleted successfully[0m
[0m09:03:57  
[0m09:03:57  Done. PASS=18 WARN=0 ERROR=0 SKIP=0 NO-OP=0 TOTAL=18
qui 14 mai 2026 06:03:58 -03 - dbt finalizado com código 0
qui 14 mai 2026 08:16:50 -03 - Iniciando dbt run...
[0m11:16:53  Running with dbt=1.12.0-b1
[0m11:16:54  Registered adapter: postgres=1.10.0
[0m11:16:55  Found 18 models, 468 macros
[0m11:16:55  
[0m11:16:55  Concurrency: 4 threads (target='dev')
[0m11:16:55  
[0m11:16:55  1 of 18 START sql view model cobra_staging.chg_devedores ....................... [RUN]
[0m11:16:55  2 of 18 START sql view model cobra_staging.chg_emails .......................... [RUN]
[0m11:16:55  3 of 18 START sql view model cobra_staging.chg_enderecos ....................... [RUN]
[0m11:16:55  4 of 18 START sql view model cobra_staging.chg_lojas ........................... [RUN]
[0m11:16:56  2 of 18 OK created sql view model cobra_staging.chg_emails ..................... [[32mCREATE VIEW[0m in 0.69s]
[0m11:16:56  4 of 18 OK created sql view model cobra_staging.chg_lojas ...................... [[32mCREATE VIEW[0m in 0.71s]
[0m11:16:56  1 of 18 OK created sql view model cobra_staging.chg_devedores .................. [[32mCREATE VIEW[0m in 0.72s]
[0m11:16:56  3 of 18 OK created sql view model cobra_staging.chg_enderecos .................. [[32mCREATE VIEW[0m in 0.72s]
[0m11:16:56  5 of 18 START sql view model cobra_staging.chg_pagamentos ...................... [RUN]
[0m11:16:56  6 of 18 START sql view model cobra_staging.chg_telefones ....................... [RUN]
[0m11:16:56  7 of 18 START sql view model cobra_staging.stg_cadastro ........................ [RUN]
[0m11:16:56  8 of 18 START sql view model cobra_staging.stg_dividas ......................... [RUN]
[0m11:16:57  8 of 18 OK created sql view model cobra_staging.stg_dividas .................... [[32mCREATE VIEW[0m in 0.30s]
[0m11:16:57  5 of 18 OK created sql view model cobra_staging.chg_pagamentos ................. [[32mCREATE VIEW[0m in 0.31s]
[0m11:16:57  7 of 18 OK created sql view model cobra_staging.stg_cadastro ................... [[32mCREATE VIEW[0m in 0.32s]
[0m11:16:57  9 of 18 START sql view model cobra_staging.stg_filiais ......................... [RUN]
[0m11:16:57  6 of 18 OK created sql view model cobra_staging.chg_telefones .................. [[32mCREATE VIEW[0m in 0.32s]
[0m11:16:57  10 of 18 START sql view model cobra_staging.stg_pagamentos ..................... [RUN]
[0m11:16:57  11 of 18 START sql table model public.dividas .................................. [RUN]
[0m11:16:57  12 of 18 START sql incremental model public.devedores .......................... [RUN]
[0m11:16:57  9 of 18 OK created sql view model cobra_staging.stg_filiais .................... [[32mCREATE VIEW[0m in 0.33s]
[0m11:16:57  13 of 18 START sql incremental model public.emails ............................. [RUN]
[0m11:16:57  10 of 18 OK created sql view model cobra_staging.stg_pagamentos ................ [[32mCREATE VIEW[0m in 0.43s]
[0m11:16:57  14 of 18 START sql incremental model public.enderecos .......................... [RUN]
[0m11:16:57  13 of 18 OK created sql incremental model public.emails ........................ [[32mMERGE 8587[0m in 0.56s]
[0m11:16:57  15 of 18 START sql incremental model public.telefones .......................... [RUN]
[0m11:16:58  12 of 18 OK created sql incremental model public.devedores ..................... [[32mMERGE 19649[0m in 1.06s]
[0m11:16:58  16 of 18 START sql incremental model public.lojas .............................. [RUN]
[0m11:16:58  14 of 18 OK created sql incremental model public.enderecos ..................... [[32mMERGE 19649[0m in 0.68s]
[0m11:16:58  17 of 18 START sql incremental model public.pagamentos ......................... [RUN]
[0m11:16:58  16 of 18 OK created sql incremental model public.lojas ......................... [[32mMERGE 20[0m in 0.22s]
[0m11:16:58  15 of 18 OK created sql incremental model public.telefones ..................... [[32mMERGE 19182[0m in 0.48s]
[0m11:16:59  17 of 18 OK created sql incremental model public.pagamentos .................... [[32mMERGE 48854[0m in 1.15s]
[0m11:17:01  11 of 18 OK created sql table model public.dividas ............................. [[32mSELECT 194688[0m in 4.30s]
[0m11:17:01  18 of 18 START sql incremental model cobra.tb_audit_mudancas ................... [RUN]
[0m11:17:02  18 of 18 OK created sql incremental model cobra.tb_audit_mudancas .............. [[32mINSERT 0 9[0m in 1.49s]
[0m11:17:02  
[0m11:17:02  Finished running 7 incremental models, 1 table model, 10 view models in 0 hours 0 minutes and 7.48 seconds (7.48s).
[0m11:17:03  
[0m11:17:03  [32mCompleted successfully[0m
[0m11:17:03  
[0m11:17:03  Done. PASS=18 WARN=0 ERROR=0 SKIP=0 NO-OP=0 TOTAL=18
qui 14 mai 2026 08:17:04 -03 - dbt finalizado com código 0
qui 14 mai 2026 09:06:29 -03 - Iniciando dbt run...
[0m12:06:33  Running with dbt=1.12.0-b1
[0m12:06:34  Registered adapter: postgres=1.10.0
[0m12:06:34  Found 20 models, 468 macros
[0m12:06:34  
[0m12:06:34  Concurrency: 4 threads (target='dev')
[0m12:06:34  
[0m12:06:35  1 of 20 START sql view model cobra_staging.chg_devedores ....................... [RUN]
[0m12:06:35  2 of 20 START sql view model cobra_staging.chg_emails .......................... [RUN]
[0m12:06:35  3 of 20 START sql view model cobra_staging.chg_enderecos ....................... [RUN]
[0m12:06:35  4 of 20 START sql view model cobra_staging.chg_lojas ........................... [RUN]
[0m12:06:36  4 of 20 OK created sql view model cobra_staging.chg_lojas ...................... [[32mCREATE VIEW[0m in 0.81s]
[0m12:06:36  5 of 20 START sql view model cobra_staging.chg_pagamentos ...................... [RUN]
[0m12:06:36  1 of 20 OK created sql view model cobra_staging.chg_devedores .................. [[32mCREATE VIEW[0m in 0.84s]
[0m12:06:36  3 of 20 OK created sql view model cobra_staging.chg_enderecos .................. [[32mCREATE VIEW[0m in 0.84s]
[0m12:06:36  2 of 20 OK created sql view model cobra_staging.chg_emails ..................... [[32mCREATE VIEW[0m in 0.84s]
[0m12:06:36  6 of 20 START sql view model cobra_staging.chg_telefones ....................... [RUN]
[0m12:06:36  7 of 20 START sql view model cobra_staging.stg_cadastro ........................ [RUN]
[0m12:06:36  8 of 20 START sql view model cobra_staging.stg_dividas ......................... [RUN]
[0m12:06:36  5 of 20 OK created sql view model cobra_staging.chg_pagamentos ................. [[32mCREATE VIEW[0m in 0.20s]
[0m12:06:36  9 of 20 START sql view model cobra_staging.stg_filiais ......................... [RUN]
[0m12:06:36  6 of 20 OK created sql view model cobra_staging.chg_telefones .................. [[32mCREATE VIEW[0m in 0.29s]
[0m12:06:36  8 of 20 OK created sql view model cobra_staging.stg_dividas .................... [[32mCREATE VIEW[0m in 0.29s]
[0m12:06:36  10 of 20 START sql view model cobra_staging.stg_pagamentos ..................... [RUN]
[0m12:06:36  11 of 20 START sql view model cobra_staging.stg_processos ...................... [RUN]
[0m12:06:36  7 of 20 OK created sql view model cobra_staging.stg_cadastro ................... [[32mCREATE VIEW[0m in 0.31s]
[0m12:06:36  12 of 20 START sql table model public.dividas .................................. [RUN]
[0m12:06:36  9 of 20 OK created sql view model cobra_staging.stg_filiais .................... [[32mCREATE VIEW[0m in 0.32s]
[0m12:06:36  13 of 20 START sql incremental model public.devedores .......................... [RUN]
[0m12:06:36  11 of 20 OK created sql view model cobra_staging.stg_processos ................. [[32mCREATE VIEW[0m in 0.27s]
[0m12:06:36  14 of 20 START sql incremental model public.emails ............................. [RUN]
[0m12:06:36  10 of 20 OK created sql view model cobra_staging.stg_pagamentos ................ [[32mCREATE VIEW[0m in 0.37s]
[0m12:06:36  15 of 20 START sql incremental model public.enderecos .......................... [RUN]
[0m12:06:37  14 of 20 OK created sql incremental model public.emails ........................ [[32mMERGE 8587[0m in 0.78s]
[0m12:06:37  16 of 20 START sql incremental model public.telefones .......................... [RUN]
[0m12:06:37  13 of 20 OK created sql incremental model public.devedores ..................... [[32mMERGE 19649[0m in 1.15s]
[0m12:06:37  17 of 20 START sql incremental model public.lojas .............................. [RUN]
[0m12:06:37  15 of 20 OK created sql incremental model public.enderecos ..................... [[32mMERGE 19649[0m in 0.97s]
[0m12:06:37  18 of 20 START sql incremental model public.processos .......................... [RUN]
[0m12:06:38  17 of 20 OK created sql incremental model public.lojas ......................... [[32mMERGE 20[0m in 0.26s]
[0m12:06:38  19 of 20 START sql incremental model public.pagamentos ......................... [RUN]
[0m12:06:38  16 of 20 OK created sql incremental model public.telefones ..................... [[32mMERGE 19182[0m in 0.55s]
[0m12:06:38  18 of 20 OK created sql incremental model public.processos ..................... [[32mMERGE 285[0m in 0.31s]
[0m12:06:39  19 of 20 OK created sql incremental model public.pagamentos .................... [[32mMERGE 48854[0m in 1.11s]
[0m12:06:40  12 of 20 OK created sql table model public.dividas ............................. [[32mSELECT 194688[0m in 4.42s]
[0m12:06:40  20 of 20 START sql incremental model cobra.tb_audit_mudancas ................... [RUN]
[0m12:06:42  20 of 20 OK created sql incremental model cobra.tb_audit_mudancas .............. [[32mINSERT 0 9[0m in 1.46s]
[0m12:06:42  
[0m12:06:42  Finished running 8 incremental models, 1 table model, 11 view models in 0 hours 0 minutes and 7.67 seconds (7.67s).
[0m12:06:42  
[0m12:06:42  [32mCompleted successfully[0m
[0m12:06:42  
[0m12:06:42  Done. PASS=20 WARN=0 ERROR=0 SKIP=0 NO-OP=0 TOTAL=20
qui 14 mai 2026 09:06:43 -03 - dbt finalizado com código 0
sex 15 mai 2026 06:04:11 -03 - Iniciando dbt run...
[0m09:04:15  Running with dbt=1.12.0-b1
[0m09:04:15  Registered adapter: postgres=1.10.0
[0m09:04:16  Found 20 models, 468 macros
[0m09:04:16  
[0m09:04:16  Concurrency: 4 threads (target='dev')
[0m09:04:16  
[0m09:04:17  1 of 20 START sql view model cobra_staging.chg_devedores ....................... [RUN]
[0m09:04:17  2 of 20 START sql view model cobra_staging.chg_emails .......................... [RUN]
[0m09:04:17  3 of 20 START sql view model cobra_staging.chg_enderecos ....................... [RUN]
[0m09:04:17  4 of 20 START sql view model cobra_staging.chg_lojas ........................... [RUN]
[0m09:04:18  4 of 20 OK created sql view model cobra_staging.chg_lojas ...................... [[32mCREATE VIEW[0m in 0.89s]
[0m09:04:18  3 of 20 OK created sql view model cobra_staging.chg_enderecos .................. [[32mCREATE VIEW[0m in 0.89s]
[0m09:04:18  1 of 20 OK created sql view model cobra_staging.chg_devedores .................. [[32mCREATE VIEW[0m in 0.91s]
[0m09:04:18  2 of 20 OK created sql view model cobra_staging.chg_emails ..................... [[32mCREATE VIEW[0m in 0.91s]
[0m09:04:18  5 of 20 START sql view model cobra_staging.chg_pagamentos ...................... [RUN]
[0m09:04:18  6 of 20 START sql view model cobra_staging.chg_telefones ....................... [RUN]
[0m09:04:18  7 of 20 START sql view model cobra_staging.stg_cadastro ........................ [RUN]
[0m09:04:18  8 of 20 START sql view model cobra_staging.stg_dividas ......................... [RUN]
[0m09:04:18  5 of 20 OK created sql view model cobra_staging.chg_pagamentos ................. [[32mCREATE VIEW[0m in 0.33s]
[0m09:04:18  7 of 20 OK created sql view model cobra_staging.stg_cadastro ................... [[32mCREATE VIEW[0m in 0.33s]
[0m09:04:18  6 of 20 OK created sql view model cobra_staging.chg_telefones .................. [[32mCREATE VIEW[0m in 0.35s]
[0m09:04:18  9 of 20 START sql view model cobra_staging.stg_filiais ......................... [RUN]
[0m09:04:18  8 of 20 OK created sql view model cobra_staging.stg_dividas .................... [[32mCREATE VIEW[0m in 0.34s]
[0m09:04:18  10 of 20 START sql view model cobra_staging.stg_pagamentos ..................... [RUN]
[0m09:04:18  11 of 20 START sql view model cobra_staging.stg_processos ...................... [RUN]
[0m09:04:18  12 of 20 START sql incremental model public.devedores .......................... [RUN]
[0m09:04:18  9 of 20 OK created sql view model cobra_staging.stg_filiais .................... [[32mCREATE VIEW[0m in 0.33s]
[0m09:04:18  13 of 20 START sql incremental model public.emails ............................. [RUN]
[0m09:04:18  10 of 20 OK created sql view model cobra_staging.stg_pagamentos ................ [[32mCREATE VIEW[0m in 0.41s]
[0m09:04:18  14 of 20 START sql incremental model public.enderecos .......................... [RUN]
[0m09:04:18  11 of 20 OK created sql view model cobra_staging.stg_processos ................. [[32mCREATE VIEW[0m in 0.46s]
[0m09:04:19  15 of 20 START sql incremental model public.telefones .......................... [RUN]
[0m09:04:19  15 of 20 ERROR creating sql incremental model public.telefones ................. [[31mERROR[0m in 0.37s]
[0m09:04:19  16 of 20 START sql table model public.dividas .................................. [RUN]
[0m09:04:19  13 of 20 OK created sql incremental model public.emails ........................ [[32mMERGE 8632[0m in 0.56s]
[0m09:04:19  17 of 20 START sql incremental model public.lojas .............................. [RUN]
[0m09:04:19  12 of 20 OK created sql incremental model public.devedores ..................... [[32mMERGE 19689[0m in 1.00s]
[0m09:04:19  18 of 20 START sql incremental model public.pagamentos ......................... [RUN]
[0m09:04:19  14 of 20 OK created sql incremental model public.enderecos ..................... [[32mMERGE 19689[0m in 0.64s]
[0m09:04:19  19 of 20 START sql incremental model public.processos .......................... [RUN]
[0m09:04:19  17 of 20 OK created sql incremental model public.lojas ......................... [[32mMERGE 20[0m in 0.26s]
[0m09:04:19  19 of 20 OK created sql incremental model public.processos ..................... [[32mMERGE 285[0m in 0.19s]
[0m09:04:20  18 of 20 OK created sql incremental model public.pagamentos .................... [[32mMERGE 48669[0m in 1.12s]
[0m09:04:25  16 of 20 OK created sql table model public.dividas ............................. [[32mSELECT 196833[0m in 5.69s]
[0m09:04:25  20 of 20 START sql incremental model cobra.tb_audit_mudancas ................... [RUN]
[0m09:04:26  20 of 20 OK created sql incremental model cobra.tb_audit_mudancas .............. [[32mINSERT 0 10[0m in 1.74s]
[0m09:04:26  
[0m09:04:26  Finished running 8 incremental models, 1 table model, 11 view models in 0 hours 0 minutes and 10.24 seconds (10.24s).
[0m09:04:27  
[0m09:04:27  [31mCompleted with 1 error, 0 partial successes, and 0 warnings:[0m
[0m09:04:27  
[0m09:04:27  [[31mERROR[0m]: in model telefones (models/mart/telefones.sql)
[0m09:04:27    Database Error in model telefones (models/mart/telefones.sql)
  column "blacklist" does not exist
  LINE 40: ...one", "telefone", "whatsapp", "data_atualizacao", "blacklist...
                                                                ^
  DETAIL:  There is a column named "blacklist" in table "dbt_internal_dest", but it cannot be referenced from this part of the query.
  compiled code at target/run/cobra_etl/models/mart/telefones.sql
[0m09:04:27  
[0m09:04:27    compiled code at target/compiled/cobra_etl/models/mart/telefones.sql
[0m09:04:27  
[0m09:04:27  Done. PASS=19 WARN=0 ERROR=1 SKIP=0 NO-OP=0 TOTAL=20
sex 15 mai 2026 06:04:28 -03 - dbt finalizado com código 0
sáb 16 mai 2026 06:05:28 -03 - Iniciando dbt run...
[0m09:05:32  Running with dbt=1.12.0-b1
[0m09:05:32  Registered adapter: postgres=1.10.0
[0m09:05:33  Found 20 models, 468 macros
[0m09:05:33  
[0m09:05:33  Concurrency: 4 threads (target='dev')
[0m09:05:33  
[0m09:05:34  1 of 20 START sql view model cobra_staging.chg_devedores ....................... [RUN]
[0m09:05:34  2 of 20 START sql view model cobra_staging.chg_emails .......................... [RUN]
[0m09:05:34  3 of 20 START sql view model cobra_staging.chg_enderecos ....................... [RUN]
[0m09:05:34  4 of 20 START sql view model cobra_staging.chg_lojas ........................... [RUN]
[0m09:05:35  1 of 20 OK created sql view model cobra_staging.chg_devedores .................. [[32mCREATE VIEW[0m in 0.82s]
[0m09:05:35  3 of 20 OK created sql view model cobra_staging.chg_enderecos .................. [[32mCREATE VIEW[0m in 0.82s]
[0m09:05:35  2 of 20 OK created sql view model cobra_staging.chg_emails ..................... [[32mCREATE VIEW[0m in 0.83s]
[0m09:05:35  4 of 20 OK created sql view model cobra_staging.chg_lojas ...................... [[32mCREATE VIEW[0m in 0.83s]
[0m09:05:35  5 of 20 START sql view model cobra_staging.chg_pagamentos ...................... [RUN]
[0m09:05:35  6 of 20 START sql view model cobra_staging.chg_telefones ....................... [RUN]
[0m09:05:35  7 of 20 START sql view model cobra_staging.stg_cadastro ........................ [RUN]
[0m09:05:35  8 of 20 START sql view model cobra_staging.stg_dividas ......................... [RUN]
[0m09:05:35  5 of 20 OK created sql view model cobra_staging.chg_pagamentos ................. [[32mCREATE VIEW[0m in 0.31s]
[0m09:05:35  6 of 20 OK created sql view model cobra_staging.chg_telefones .................. [[32mCREATE VIEW[0m in 0.31s]
[0m09:05:35  9 of 20 START sql view model cobra_staging.stg_filiais ......................... [RUN]
[0m09:05:35  10 of 20 START sql view model cobra_staging.stg_pagamentos ..................... [RUN]
[0m09:05:35  7 of 20 OK created sql view model cobra_staging.stg_cadastro ................... [[32mCREATE VIEW[0m in 0.33s]
[0m09:05:35  8 of 20 OK created sql view model cobra_staging.stg_dividas .................... [[32mCREATE VIEW[0m in 0.34s]
[0m09:05:35  11 of 20 START sql view model cobra_staging.stg_processos ...................... [RUN]
[0m09:05:35  12 of 20 START sql incremental model public.devedores .......................... [RUN]
[0m09:05:35  9 of 20 OK created sql view model cobra_staging.stg_filiais .................... [[32mCREATE VIEW[0m in 0.36s]
[0m09:05:35  13 of 20 START sql incremental model public.emails ............................. [RUN]
[0m09:05:35  10 of 20 OK created sql view model cobra_staging.stg_pagamentos ................ [[32mCREATE VIEW[0m in 0.41s]
[0m09:05:35  14 of 20 START sql incremental model public.enderecos .......................... [RUN]
[0m09:05:35  11 of 20 OK created sql view model cobra_staging.stg_processos ................. [[32mCREATE VIEW[0m in 0.40s]
[0m09:05:35  15 of 20 START sql incremental model public.telefones .......................... [RUN]
[0m09:05:36  13 of 20 OK created sql incremental model public.emails ........................ [[32mMERGE 8633[0m in 0.51s]
[0m09:05:36  16 of 20 START sql incremental model public.dividas ............................ [RUN]
[0m09:05:36  12 of 20 OK created sql incremental model public.devedores ..................... [[32mMERGE 19689[0m in 0.95s]
[0m09:05:36  17 of 20 START sql incremental model public.lojas .............................. [RUN]
[0m09:05:36  14 of 20 OK created sql incremental model public.enderecos ..................... [[32mMERGE 19689[0m in 0.75s]
[0m09:05:36  18 of 20 START sql incremental model public.pagamentos ......................... [RUN]
[0m09:05:36  17 of 20 OK created sql incremental model public.lojas ......................... [[32mMERGE 20[0m in 0.22s]
[0m09:05:36  19 of 20 START sql incremental model public.processos .......................... [RUN]
[0m09:05:36  19 of 20 OK created sql incremental model public.processos ..................... [[32mMERGE 285[0m in 0.20s]
[0m09:05:36  15 of 20 OK created sql incremental model public.telefones ..................... [[32mMERGE 19224[0m in 0.95s]
[0m09:05:37  18 of 20 OK created sql incremental model public.pagamentos .................... [[32mMERGE 48679[0m in 1.10s]
[0m09:05:44  16 of 20 OK created sql incremental model public.dividas ....................... [[32mINSERT 0 196509[0m in 8.63s]
[0m09:05:44  20 of 20 START sql incremental model cobra.tb_audit_mudancas ................... [RUN]
[0m09:05:47  20 of 20 OK created sql incremental model cobra.tb_audit_mudancas .............. [[32mINSERT 0 10[0m in 2.86s]
[0m09:05:47  
[0m09:05:47  Finished running 9 incremental models, 11 view models in 0 hours 0 minutes and 14.18 seconds (14.18s).
[0m09:05:48  
[0m09:05:48  [32mCompleted successfully[0m
[0m09:05:48  
[0m09:05:48  Done. PASS=20 WARN=0 ERROR=0 SKIP=0 NO-OP=0 TOTAL=20
sáb 16 mai 2026 06:05:49 -03 - dbt finalizado com código 0
dom 17 mai 2026 06:03:14 -03 - Iniciando dbt run...
[0m09:03:17  Running with dbt=1.12.0-b1
[0m09:03:18  Registered adapter: postgres=1.10.0
[0m09:03:19  Found 20 models, 468 macros
[0m09:03:19  
[0m09:03:19  Concurrency: 4 threads (target='dev')
[0m09:03:19  
[0m09:03:19  1 of 20 START sql view model cobra_staging.chg_devedores ....................... [RUN]
[0m09:03:19  2 of 20 START sql view model cobra_staging.chg_emails .......................... [RUN]
[0m09:03:19  3 of 20 START sql view model cobra_staging.chg_enderecos ....................... [RUN]
[0m09:03:19  4 of 20 START sql view model cobra_staging.chg_lojas ........................... [RUN]
[0m09:03:20  1 of 20 OK created sql view model cobra_staging.chg_devedores .................. [[32mCREATE VIEW[0m in 0.85s]
[0m09:03:20  3 of 20 OK created sql view model cobra_staging.chg_enderecos .................. [[32mCREATE VIEW[0m in 0.86s]
[0m09:03:20  2 of 20 OK created sql view model cobra_staging.chg_emails ..................... [[32mCREATE VIEW[0m in 0.86s]
[0m09:03:20  4 of 20 OK created sql view model cobra_staging.chg_lojas ...................... [[32mCREATE VIEW[0m in 0.86s]
[0m09:03:20  5 of 20 START sql view model cobra_staging.chg_pagamentos ...................... [RUN]
[0m09:03:20  6 of 20 START sql view model cobra_staging.chg_telefones ....................... [RUN]
[0m09:03:20  7 of 20 START sql view model cobra_staging.stg_cadastro ........................ [RUN]
[0m09:03:20  8 of 20 START sql view model cobra_staging.stg_dividas ......................... [RUN]
[0m09:03:21  6 of 20 OK created sql view model cobra_staging.chg_telefones .................. [[32mCREATE VIEW[0m in 0.32s]
[0m09:03:21  9 of 20 START sql view model cobra_staging.stg_filiais ......................... [RUN]
[0m09:03:21  5 of 20 OK created sql view model cobra_staging.chg_pagamentos ................. [[32mCREATE VIEW[0m in 0.34s]
[0m09:03:21  7 of 20 OK created sql view model cobra_staging.stg_cadastro ................... [[32mCREATE VIEW[0m in 0.35s]
[0m09:03:21  8 of 20 OK created sql view model cobra_staging.stg_dividas .................... [[32mCREATE VIEW[0m in 0.35s]
[0m09:03:21  10 of 20 START sql view model cobra_staging.stg_pagamentos ..................... [RUN]
[0m09:03:21  11 of 20 START sql view model cobra_staging.stg_processos ...................... [RUN]
[0m09:03:21  12 of 20 START sql incremental model public.devedores .......................... [RUN]
[0m09:03:21  9 of 20 OK created sql view model cobra_staging.stg_filiais .................... [[32mCREATE VIEW[0m in 0.31s]
[0m09:03:21  13 of 20 START sql incremental model public.emails ............................. [RUN]
[0m09:03:21  11 of 20 OK created sql view model cobra_staging.stg_processos ................. [[32mCREATE VIEW[0m in 0.41s]
[0m09:03:21  10 of 20 OK created sql view model cobra_staging.stg_pagamentos ................ [[32mCREATE VIEW[0m in 0.44s]
[0m09:03:21  14 of 20 START sql incremental model public.enderecos .......................... [RUN]
[0m09:03:21  15 of 20 START sql incremental model public.telefones .......................... [RUN]
[0m09:03:21  13 of 20 OK created sql incremental model public.emails ........................ [[32mMERGE 8630[0m in 0.58s]
[0m09:03:21  16 of 20 START sql incremental model public.dividas ............................ [RUN]
[0m09:03:22  12 of 20 OK created sql incremental model public.devedores ..................... [[32mMERGE 19683[0m in 0.96s]
[0m09:03:22  17 of 20 START sql incremental model public.lojas .............................. [RUN]
[0m09:03:22  17 of 20 OK created sql incremental model public.lojas ......................... [[32mMERGE 20[0m in 0.20s]
[0m09:03:22  18 of 20 START sql incremental model public.processos .......................... [RUN]
[0m09:03:22  14 of 20 OK created sql incremental model public.enderecos ..................... [[32mMERGE 19683[0m in 0.77s]
[0m09:03:22  19 of 20 START sql incremental model public.pagamentos ......................... [RUN]
[0m09:03:22  18 of 20 OK created sql incremental model public.processos ..................... [[32mMERGE 292[0m in 0.22s]
[0m09:03:22  15 of 20 OK created sql incremental model public.telefones ..................... [[32mMERGE 19218[0m in 0.99s]
[0m09:03:23  19 of 20 OK created sql incremental model public.pagamentos .................... [[32mMERGE 48971[0m in 1.17s]
[0m09:03:29  16 of 20 OK created sql incremental model public.dividas ....................... [[32mINSERT 0 224107[0m in 7.14s]
[0m09:03:29  20 of 20 START sql incremental model cobra.tb_audit_mudancas ................... [RUN]
[0m09:03:31  20 of 20 OK created sql incremental model cobra.tb_audit_mudancas .............. [[32mINSERT 0 10[0m in 1.97s]
[0m09:03:31  
[0m09:03:31  Finished running 9 incremental models, 11 view models in 0 hours 0 minutes and 11.89 seconds (11.89s).
[0m09:03:31  
[0m09:03:31  [32mCompleted successfully[0m
[0m09:03:31  
[0m09:03:31  Done. PASS=20 WARN=0 ERROR=0 SKIP=0 NO-OP=0 TOTAL=20
dom 17 mai 2026 06:03:32 -03 - dbt finalizado com código 0
seg 18 mai 2026 06:04:05 -03 - Iniciando dbt run...
[0m09:04:08  Running with dbt=1.12.0-b1
[0m09:04:09  Registered adapter: postgres=1.10.0
[0m09:04:10  Found 20 models, 468 macros
[0m09:04:10  
[0m09:04:10  Concurrency: 4 threads (target='dev')
[0m09:04:10  
[0m09:04:10  1 of 20 START sql view model cobra_staging.chg_devedores ....................... [RUN]
[0m09:04:10  2 of 20 START sql view model cobra_staging.chg_emails .......................... [RUN]
[0m09:04:10  3 of 20 START sql view model cobra_staging.chg_enderecos ....................... [RUN]
[0m09:04:10  4 of 20 START sql view model cobra_staging.chg_lojas ........................... [RUN]
[0m09:04:11  1 of 20 OK created sql view model cobra_staging.chg_devedores .................. [[32mCREATE VIEW[0m in 0.81s]
[0m09:04:11  4 of 20 OK created sql view model cobra_staging.chg_lojas ...................... [[32mCREATE VIEW[0m in 0.81s]
[0m09:04:11  2 of 20 OK created sql view model cobra_staging.chg_emails ..................... [[32mCREATE VIEW[0m in 0.82s]
[0m09:04:11  3 of 20 OK created sql view model cobra_staging.chg_enderecos .................. [[32mCREATE VIEW[0m in 0.83s]
[0m09:04:11  5 of 20 START sql view model cobra_staging.chg_pagamentos ...................... [RUN]
[0m09:04:11  6 of 20 START sql view model cobra_staging.chg_telefones ....................... [RUN]
[0m09:04:11  7 of 20 START sql view model cobra_staging.stg_cadastro ........................ [RUN]
[0m09:04:11  8 of 20 START sql view model cobra_staging.stg_dividas ......................... [RUN]
[0m09:04:11  5 of 20 OK created sql view model cobra_staging.chg_pagamentos ................. [[32mCREATE VIEW[0m in 0.33s]
[0m09:04:11  6 of 20 OK created sql view model cobra_staging.chg_telefones .................. [[32mCREATE VIEW[0m in 0.33s]
[0m09:04:11  7 of 20 OK created sql view model cobra_staging.stg_cadastro ................... [[32mCREATE VIEW[0m in 0.33s]
[0m09:04:11  9 of 20 START sql view model cobra_staging.stg_filiais ......................... [RUN]
[0m09:04:11  10 of 20 START sql view model cobra_staging.stg_pagamentos ..................... [RUN]
[0m09:04:11  11 of 20 START sql view model cobra_staging.stg_processos ...................... [RUN]
[0m09:04:11  8 of 20 OK created sql view model cobra_staging.stg_dividas .................... [[32mCREATE VIEW[0m in 0.33s]
[0m09:04:11  12 of 20 START sql incremental model public.devedores .......................... [RUN]
[0m09:04:12  9 of 20 OK created sql view model cobra_staging.stg_filiais .................... [[32mCREATE VIEW[0m in 0.37s]
[0m09:04:12  13 of 20 START sql incremental model public.emails ............................. [RUN]
[0m09:04:12  10 of 20 OK created sql view model cobra_staging.stg_pagamentos ................ [[32mCREATE VIEW[0m in 0.41s]
[0m09:04:12  11 of 20 OK created sql view model cobra_staging.stg_processos ................. [[32mCREATE VIEW[0m in 0.41s]
[0m09:04:12  14 of 20 START sql incremental model public.enderecos .......................... [RUN]
[0m09:04:12  15 of 20 START sql incremental model public.telefones .......................... [RUN]
[0m09:04:12  13 of 20 OK created sql incremental model public.emails ........................ [[32mMERGE 8639[0m in 0.59s]
[0m09:04:12  16 of 20 START sql incremental model public.dividas ............................ [RUN]
[0m09:04:12  12 of 20 OK created sql incremental model public.devedores ..................... [[32mMERGE 19691[0m in 0.94s]
[0m09:04:12  17 of 20 START sql incremental model public.lojas .............................. [RUN]
[0m09:04:12  14 of 20 OK created sql incremental model public.enderecos ..................... [[32mMERGE 19691[0m in 0.67s]
[0m09:04:12  18 of 20 START sql incremental model public.pagamentos ......................... [RUN]
[0m09:04:13  17 of 20 OK created sql incremental model public.lojas ......................... [[32mMERGE 20[0m in 0.25s]
[0m09:04:13  19 of 20 START sql incremental model public.processos .......................... [RUN]
[0m09:04:13  15 of 20 OK created sql incremental model public.telefones ..................... [[32mMERGE 19226[0m in 0.87s]
[0m09:04:13  19 of 20 OK created sql incremental model public.processos ..................... [[32mMERGE 292[0m in 0.19s]
[0m09:04:14  18 of 20 OK created sql incremental model public.pagamentos .................... [[32mMERGE 48510[0m in 1.15s]
[0m09:04:19  16 of 20 OK created sql incremental model public.dividas ....................... [[32mINSERT 0 224564[0m in 6.53s]
[0m09:04:19  20 of 20 START sql incremental model cobra.tb_audit_mudancas ................... [RUN]
[0m09:04:21  20 of 20 OK created sql incremental model cobra.tb_audit_mudancas .............. [[32mINSERT 0 10[0m in 2.07s]
[0m09:04:21  
[0m09:04:21  Finished running 9 incremental models, 11 view models in 0 hours 0 minutes and 11.34 seconds (11.34s).
[0m09:04:21  
[0m09:04:21  [32mCompleted successfully[0m
[0m09:04:21  
[0m09:04:21  Done. PASS=20 WARN=0 ERROR=0 SKIP=0 NO-OP=0 TOTAL=20
seg 18 mai 2026 06:04:22 -03 - dbt finalizado com código 0
ter 19 mai 2026 06:04:18 -03 - Iniciando dbt run...
[0m09:04:22  Running with dbt=1.12.0-b1
[0m09:04:22  Registered adapter: postgres=1.10.0
[0m09:04:23  Found 20 models, 468 macros
[0m09:04:23  
[0m09:04:23  Concurrency: 4 threads (target='dev')
[0m09:04:23  
[0m09:04:24  1 of 20 START sql view model cobra_staging.chg_devedores ....................... [RUN]
[0m09:04:24  2 of 20 START sql view model cobra_staging.chg_emails .......................... [RUN]
[0m09:04:24  3 of 20 START sql view model cobra_staging.chg_enderecos ....................... [RUN]
[0m09:04:24  4 of 20 START sql view model cobra_staging.chg_lojas ........................... [RUN]
[0m09:04:24  2 of 20 OK created sql view model cobra_staging.chg_emails ..................... [[32mCREATE VIEW[0m in 0.74s]
[0m09:04:24  4 of 20 OK created sql view model cobra_staging.chg_lojas ...................... [[32mCREATE VIEW[0m in 0.74s]
[0m09:04:24  1 of 20 OK created sql view model cobra_staging.chg_devedores .................. [[32mCREATE VIEW[0m in 0.75s]
[0m09:04:24  3 of 20 OK created sql view model cobra_staging.chg_enderecos .................. [[32mCREATE VIEW[0m in 0.75s]
[0m09:04:24  5 of 20 START sql view model cobra_staging.chg_pagamentos ...................... [RUN]
[0m09:04:24  6 of 20 START sql view model cobra_staging.chg_telefones ....................... [RUN]
[0m09:04:24  7 of 20 START sql view model cobra_staging.stg_cadastro ........................ [RUN]
[0m09:04:24  8 of 20 START sql view model cobra_staging.stg_dividas ......................... [RUN]
[0m09:04:25  5 of 20 OK created sql view model cobra_staging.chg_pagamentos ................. [[32mCREATE VIEW[0m in 0.30s]
[0m09:04:25  7 of 20 OK created sql view model cobra_staging.stg_cadastro ................... [[32mCREATE VIEW[0m in 0.31s]
[0m09:04:25  9 of 20 START sql view model cobra_staging.stg_filiais ......................... [RUN]
[0m09:04:25  10 of 20 START sql view model cobra_staging.stg_pagamentos ..................... [RUN]
[0m09:04:25  6 of 20 OK created sql view model cobra_staging.chg_telefones .................. [[32mCREATE VIEW[0m in 0.34s]
[0m09:04:25  8 of 20 OK created sql view model cobra_staging.stg_dividas .................... [[32mCREATE VIEW[0m in 0.35s]
[0m09:04:25  11 of 20 START sql view model cobra_staging.stg_processos ...................... [RUN]
[0m09:04:25  12 of 20 START sql incremental model public.devedores .......................... [RUN]
[0m09:04:25  9 of 20 OK created sql view model cobra_staging.stg_filiais .................... [[32mCREATE VIEW[0m in 0.40s]
[0m09:04:25  10 of 20 OK created sql view model cobra_staging.stg_pagamentos ................ [[32mCREATE VIEW[0m in 0.40s]
[0m09:04:25  11 of 20 OK created sql view model cobra_staging.stg_processos ................. [[32mCREATE VIEW[0m in 0.34s]
[0m09:04:25  13 of 20 START sql incremental model public.emails ............................. [RUN]
[0m09:04:25  14 of 20 START sql incremental model public.enderecos .......................... [RUN]
[0m09:04:25  15 of 20 START sql incremental model public.telefones .......................... [RUN]
[0m09:04:26  12 of 20 OK created sql incremental model public.devedores ..................... [[32mMERGE 19681[0m in 0.94s]
[0m09:04:26  16 of 20 START sql incremental model public.dividas ............................ [RUN]
[0m09:04:26  13 of 20 OK created sql incremental model public.emails ........................ [[32mMERGE 8632[0m in 0.63s]
[0m09:04:26  17 of 20 START sql incremental model public.lojas .............................. [RUN]
[0m09:04:26  14 of 20 OK created sql incremental model public.enderecos ..................... [[32mMERGE 19681[0m in 0.74s]
[0m09:04:26  18 of 20 START sql incremental model public.pagamentos ......................... [RUN]
[0m09:04:26  17 of 20 OK created sql incremental model public.lojas ......................... [[32mMERGE 20[0m in 0.22s]
[0m09:04:26  19 of 20 START sql incremental model public.processos .......................... [RUN]
[0m09:04:26  19 of 20 OK created sql incremental model public.processos ..................... [[32mMERGE 292[0m in 0.19s]
[0m09:04:26  15 of 20 OK created sql incremental model public.telefones ..................... [[32mMERGE 19216[0m in 1.08s]
[0m09:04:27  18 of 20 OK created sql incremental model public.pagamentos .................... [[32mMERGE 49004[0m in 1.27s]
[0m09:04:32  16 of 20 OK created sql incremental model public.dividas ....................... [[32mINSERT 0 223582[0m in 6.72s]
[0m09:04:32  20 of 20 START sql incremental model cobra.tb_audit_mudancas ................... [RUN]
[0m09:04:35  20 of 20 OK created sql incremental model cobra.tb_audit_mudancas .............. [[32mINSERT 0 10[0m in 2.18s]
[0m09:04:35  
[0m09:04:35  Finished running 9 incremental models, 11 view models in 0 hours 0 minutes and 11.59 seconds (11.59s).
[0m09:04:35  
[0m09:04:35  [32mCompleted successfully[0m
[0m09:04:35  
[0m09:04:35  Done. PASS=20 WARN=0 ERROR=0 SKIP=0 NO-OP=0 TOTAL=20
ter 19 mai 2026 06:04:36 -03 - dbt finalizado com código 0
qua 20 mai 2026 14:40:41 -03 - Iniciando dbt run...
[0m17:40:45  Running with dbt=1.12.0-b1
[0m17:40:45  Registered adapter: postgres=1.10.0
[0m17:40:46  Found 20 models, 468 macros
[0m17:40:46  
[0m17:40:46  Concurrency: 4 threads (target='dev')
[0m17:40:46  
[0m17:40:46  1 of 20 START sql view model cobra_staging.chg_devedores ....................... [RUN]
[0m17:40:46  2 of 20 START sql view model cobra_staging.chg_emails .......................... [RUN]
[0m17:40:46  3 of 20 START sql view model cobra_staging.chg_enderecos ....................... [RUN]
[0m17:40:46  4 of 20 START sql view model cobra_staging.chg_lojas ........................... [RUN]
[0m17:40:47  3 of 20 OK created sql view model cobra_staging.chg_enderecos .................. [[32mCREATE VIEW[0m in 0.68s]
[0m17:40:47  2 of 20 OK created sql view model cobra_staging.chg_emails ..................... [[32mCREATE VIEW[0m in 0.70s]
[0m17:40:47  5 of 20 START sql view model cobra_staging.chg_pagamentos ...................... [RUN]
[0m17:40:47  4 of 20 OK created sql view model cobra_staging.chg_lojas ...................... [[32mCREATE VIEW[0m in 0.70s]
[0m17:40:47  1 of 20 OK created sql view model cobra_staging.chg_devedores .................. [[32mCREATE VIEW[0m in 0.71s]
[0m17:40:47  6 of 20 START sql view model cobra_staging.chg_telefones ....................... [RUN]
[0m17:40:47  7 of 20 START sql view model cobra_staging.stg_cadastro ........................ [RUN]
[0m17:40:47  8 of 20 START sql view model cobra_staging.stg_dividas ......................... [RUN]
[0m17:40:47  5 of 20 OK created sql view model cobra_staging.chg_pagamentos ................. [[32mCREATE VIEW[0m in 0.29s]
[0m17:40:48  9 of 20 START sql view model cobra_staging.stg_filiais ......................... [RUN]
[0m17:40:48  6 of 20 OK created sql view model cobra_staging.chg_telefones .................. [[32mCREATE VIEW[0m in 0.29s]
[0m17:40:48  8 of 20 OK created sql view model cobra_staging.stg_dividas .................... [[32mCREATE VIEW[0m in 0.29s]
[0m17:40:48  7 of 20 OK created sql view model cobra_staging.stg_cadastro ................... [[32mCREATE VIEW[0m in 0.30s]
[0m17:40:48  10 of 20 START sql view model cobra_staging.stg_pagamentos ..................... [RUN]
[0m17:40:48  11 of 20 START sql view model cobra_staging.stg_processos ...................... [RUN]
[0m17:40:48  12 of 20 START sql incremental model public.devedores .......................... [RUN]
[0m17:40:48  9 of 20 OK created sql view model cobra_staging.stg_filiais .................... [[32mCREATE VIEW[0m in 0.39s]
[0m17:40:48  10 of 20 OK created sql view model cobra_staging.stg_pagamentos ................ [[32mCREATE VIEW[0m in 0.36s]
[0m17:40:48  13 of 20 START sql incremental model public.dividas ............................ [RUN]
[0m17:40:48  14 of 20 START sql incremental model public.emails ............................. [RUN]
[0m17:40:48  11 of 20 OK created sql view model cobra_staging.stg_processos ................. [[32mCREATE VIEW[0m in 0.38s]
[0m17:40:48  15 of 20 START sql incremental model public.enderecos .......................... [RUN]
[0m17:40:49  14 of 20 OK created sql incremental model public.emails ........................ [[32mMERGE 8662[0m in 0.57s]
[0m17:40:49  16 of 20 START sql incremental model public.telefones .......................... [RUN]
[0m17:40:49  12 of 20 OK created sql incremental model public.devedores ..................... [[32mMERGE 19706[0m in 1.02s]
[0m17:40:49  17 of 20 START sql incremental model public.lojas .............................. [RUN]
[0m17:40:49  15 of 20 OK created sql incremental model public.enderecos ..................... [[32mMERGE 19706[0m in 0.68s]
[0m17:40:49  18 of 20 START sql incremental model public.pagamentos ......................... [RUN]
[0m17:40:49  17 of 20 OK created sql incremental model public.lojas ......................... [[32mMERGE 20[0m in 0.20s]
[0m17:40:49  19 of 20 START sql incremental model public.processos .......................... [RUN]
[0m17:40:49  19 of 20 OK created sql incremental model public.processos ..................... [[32mMERGE 0[0m in 0.17s]
[0m17:40:49  16 of 20 OK created sql incremental model public.telefones ..................... [[32mMERGE 19241[0m in 0.61s]
[0m17:40:50  18 of 20 OK created sql incremental model public.pagamentos .................... [[32mMERGE 49526[0m in 0.88s]
[0m17:40:57  13 of 20 OK created sql incremental model public.dividas ....................... [[32mINSERT 0 225096[0m in 8.59s]
[0m17:40:57  20 of 20 START sql incremental model cobra.tb_audit_mudancas ................... [RUN]
[0m17:41:00  20 of 20 OK created sql incremental model cobra.tb_audit_mudancas .............. [[32mINSERT 0 10[0m in 3.10s]
[0m17:41:00  
[0m17:41:00  Finished running 9 incremental models, 11 view models in 0 hours 0 minutes and 13.64 seconds (13.64s).
[0m17:41:00  
[0m17:41:00  [32mCompleted successfully[0m
[0m17:41:00  
[0m17:41:00  Done. PASS=20 WARN=0 ERROR=0 SKIP=0 NO-OP=0 TOTAL=20
qua 20 mai 2026 14:41:01 -03 - dbt finalizado com código 0
qua 20 mai 2026 14:43:17 -03 - Iniciando dbt run...
[0m17:43:21  Running with dbt=1.12.0-b1
[0m17:43:22  Registered adapter: postgres=1.10.0
[0m17:43:23  Found 20 models, 468 macros
[0m17:43:23  
[0m17:43:23  Concurrency: 4 threads (target='dev')
[0m17:43:23  
[0m17:43:23  1 of 20 START sql view model cobra_staging.chg_devedores ....................... [RUN]
[0m17:43:23  2 of 20 START sql view model cobra_staging.chg_emails .......................... [RUN]
[0m17:43:23  3 of 20 START sql view model cobra_staging.chg_enderecos ....................... [RUN]
[0m17:43:23  4 of 20 START sql view model cobra_staging.chg_lojas ........................... [RUN]
[0m17:43:24  1 of 20 OK created sql view model cobra_staging.chg_devedores .................. [[32mCREATE VIEW[0m in 0.87s]
[0m17:43:24  4 of 20 OK created sql view model cobra_staging.chg_lojas ...................... [[32mCREATE VIEW[0m in 0.87s]
[0m17:43:24  2 of 20 OK created sql view model cobra_staging.chg_emails ..................... [[32mCREATE VIEW[0m in 0.89s]
[0m17:43:24  3 of 20 OK created sql view model cobra_staging.chg_enderecos .................. [[32mCREATE VIEW[0m in 0.89s]
[0m17:43:24  5 of 20 START sql view model cobra_staging.chg_pagamentos ...................... [RUN]
[0m17:43:24  6 of 20 START sql view model cobra_staging.chg_telefones ....................... [RUN]
[0m17:43:24  7 of 20 START sql view model cobra_staging.stg_cadastro ........................ [RUN]
[0m17:43:24  8 of 20 START sql view model cobra_staging.stg_dividas ......................... [RUN]
[0m17:43:24  8 of 20 OK created sql view model cobra_staging.stg_dividas .................... [[32mCREATE VIEW[0m in 0.30s]
[0m17:43:24  9 of 20 START sql view model cobra_staging.stg_filiais ......................... [RUN]
[0m17:43:24  5 of 20 OK created sql view model cobra_staging.chg_pagamentos ................. [[32mCREATE VIEW[0m in 0.35s]
[0m17:43:24  6 of 20 OK created sql view model cobra_staging.chg_telefones .................. [[32mCREATE VIEW[0m in 0.35s]
[0m17:43:24  7 of 20 OK created sql view model cobra_staging.stg_cadastro ................... [[32mCREATE VIEW[0m in 0.34s]
[0m17:43:24  10 of 20 START sql view model cobra_staging.stg_pagamentos ..................... [RUN]
[0m17:43:24  11 of 20 START sql view model cobra_staging.stg_processos ...................... [RUN]
[0m17:43:24  12 of 20 START sql incremental model public.dividas ............................ [RUN]
[0m17:43:25  9 of 20 OK created sql view model cobra_staging.stg_filiais .................... [[32mCREATE VIEW[0m in 0.28s]
[0m17:43:25  13 of 20 START sql incremental model public.devedores .......................... [RUN]
[0m17:43:25  10 of 20 OK created sql view model cobra_staging.stg_pagamentos ................ [[32mCREATE VIEW[0m in 0.44s]
[0m17:43:25  11 of 20 OK created sql view model cobra_staging.stg_processos ................. [[32mCREATE VIEW[0m in 0.44s]
[0m17:43:25  14 of 20 START sql incremental model public.emails ............................. [RUN]
[0m17:43:25  15 of 20 START sql incremental model public.enderecos .......................... [RUN]
[0m17:43:25  14 of 20 OK created sql incremental model public.emails ........................ [[32mMERGE 8662[0m in 0.62s]
[0m17:43:25  16 of 20 START sql incremental model public.telefones .......................... [RUN]
[0m17:43:25  13 of 20 OK created sql incremental model public.devedores ..................... [[32mMERGE 19706[0m in 0.90s]
[0m17:43:25  17 of 20 START sql incremental model public.lojas .............................. [RUN]
[0m17:43:26  15 of 20 OK created sql incremental model public.enderecos ..................... [[32mMERGE 19706[0m in 0.77s]
[0m17:43:26  18 of 20 START sql incremental model public.pagamentos ......................... [RUN]
[0m17:43:26  17 of 20 OK created sql incremental model public.lojas ......................... [[32mMERGE 20[0m in 0.25s]
[0m17:43:26  19 of 20 START sql incremental model public.processos .......................... [RUN]
[0m17:43:26  19 of 20 OK created sql incremental model public.processos ..................... [[32mMERGE 0[0m in 0.18s]
[0m17:43:26  16 of 20 OK created sql incremental model public.telefones ..................... [[32mMERGE 19241[0m in 1.00s]
[0m17:43:27  18 of 20 OK created sql incremental model public.pagamentos .................... [[32mMERGE 49526[0m in 1.18s]
[0m17:43:30  12 of 20 OK created sql incremental model public.dividas ....................... [[32mINSERT 0 225096[0m in 5.64s]
[0m17:43:30  20 of 20 START sql incremental model cobra.tb_audit_mudancas ................... [RUN]
[0m17:43:32  20 of 20 OK created sql incremental model cobra.tb_audit_mudancas .............. [[32mINSERT 0 10[0m in 2.47s]
[0m17:43:33  
[0m17:43:33  Finished running 9 incremental models, 11 view models in 0 hours 0 minutes and 9.98 seconds (9.98s).
[0m17:43:33  
[0m17:43:33  [32mCompleted successfully[0m
[0m17:43:33  
[0m17:43:33  Done. PASS=20 WARN=0 ERROR=0 SKIP=0 NO-OP=0 TOTAL=20
qua 20 mai 2026 14:43:34 -03 - dbt finalizado com código 0
qua 20 mai 2026 14:45:01 -03 - Iniciando dbt run...
[0m17:45:06  Running with dbt=1.12.0-b1
[0m17:45:06  Registered adapter: postgres=1.10.0
[0m17:45:07  Found 20 models, 468 macros
[0m17:45:07  
[0m17:45:07  Concurrency: 4 threads (target='dev')
[0m17:45:07  
[0m17:45:08  1 of 20 START sql view model cobra_staging.chg_devedores ....................... [RUN]
[0m17:45:08  2 of 20 START sql view model cobra_staging.chg_emails .......................... [RUN]
[0m17:45:08  3 of 20 START sql view model cobra_staging.chg_enderecos ....................... [RUN]
[0m17:45:08  4 of 20 START sql view model cobra_staging.chg_lojas ........................... [RUN]
[0m17:45:08  1 of 20 OK created sql view model cobra_staging.chg_devedores .................. [[32mCREATE VIEW[0m in 0.81s]
[0m17:45:08  4 of 20 OK created sql view model cobra_staging.chg_lojas ...................... [[32mCREATE VIEW[0m in 0.82s]
[0m17:45:08  3 of 20 OK created sql view model cobra_staging.chg_enderecos .................. [[32mCREATE VIEW[0m in 0.82s]
[0m17:45:08  2 of 20 OK created sql view model cobra_staging.chg_emails ..................... [[32mCREATE VIEW[0m in 0.82s]
[0m17:45:08  5 of 20 START sql view model cobra_staging.chg_pagamentos ...................... [RUN]
[0m17:45:08  6 of 20 START sql view model cobra_staging.chg_telefones ....................... [RUN]
[0m17:45:08  7 of 20 START sql view model cobra_staging.stg_cadastro ........................ [RUN]
[0m17:45:08  8 of 20 START sql view model cobra_staging.stg_dividas ......................... [RUN]
[0m17:45:09  7 of 20 OK created sql view model cobra_staging.stg_cadastro ................... [[32mCREATE VIEW[0m in 0.30s]
[0m17:45:09  9 of 20 START sql view model cobra_staging.stg_filiais ......................... [RUN]
[0m17:45:09  6 of 20 OK created sql view model cobra_staging.chg_telefones .................. [[32mCREATE VIEW[0m in 0.33s]
[0m17:45:09  5 of 20 OK created sql view model cobra_staging.chg_pagamentos ................. [[32mCREATE VIEW[0m in 0.33s]
[0m17:45:09  8 of 20 OK created sql view model cobra_staging.stg_dividas .................... [[32mCREATE VIEW[0m in 0.33s]
[0m17:45:09  10 of 20 START sql view model cobra_staging.stg_pagamentos ..................... [RUN]
[0m17:45:09  11 of 20 START sql view model cobra_staging.stg_processos ...................... [RUN]
[0m17:45:09  12 of 20 START sql incremental model public.devedores .......................... [RUN]
[0m17:45:09  9 of 20 OK created sql view model cobra_staging.stg_filiais .................... [[32mCREATE VIEW[0m in 0.30s]
[0m17:45:09  13 of 20 START sql incremental model public.emails ............................. [RUN]
[0m17:45:09  11 of 20 OK created sql view model cobra_staging.stg_processos ................. [[32mCREATE VIEW[0m in 0.40s]
[0m17:45:09  10 of 20 OK created sql view model cobra_staging.stg_pagamentos ................ [[32mCREATE VIEW[0m in 0.40s]
[0m17:45:09  14 of 20 START sql incremental model public.enderecos .......................... [RUN]
[0m17:45:09  15 of 20 START sql incremental model public.telefones .......................... [RUN]
[0m17:45:10  13 of 20 OK created sql incremental model public.emails ........................ [[32mMERGE 8662[0m in 0.55s]
[0m17:45:10  16 of 20 START sql incremental model public.dividas ............................ [RUN]
[0m17:45:10  12 of 20 OK created sql incremental model public.devedores ..................... [[32mMERGE 19706[0m in 0.91s]
[0m17:45:10  17 of 20 START sql incremental model public.lojas .............................. [RUN]
[0m17:45:10  17 of 20 OK created sql incremental model public.lojas ......................... [[32mMERGE 20[0m in 0.21s]
[0m17:45:10  18 of 20 START sql incremental model public.processos .......................... [RUN]
[0m17:45:10  14 of 20 OK created sql incremental model public.enderecos ..................... [[32mMERGE 19706[0m in 0.73s]
[0m17:45:10  19 of 20 START sql incremental model public.pagamentos ......................... [RUN]
[0m17:45:10  18 of 20 OK created sql incremental model public.processos ..................... [[32mMERGE 0[0m in 0.20s]
[0m17:45:10  15 of 20 OK created sql incremental model public.telefones ..................... [[32mMERGE 19241[0m in 1.01s]
[0m17:45:11  19 of 20 ERROR creating sql incremental model public.pagamentos ................ [[31mERROR[0m in 1.38s]
[0m17:45:16  16 of 20 OK created sql incremental model public.dividas ....................... [[32mINSERT 0 225096[0m in 6.54s]
[0m17:45:16  20 of 20 START sql incremental model cobra.tb_audit_mudancas ................... [RUN]
[0m17:45:18  20 of 20 OK created sql incremental model cobra.tb_audit_mudancas .............. [[32mINSERT 0 10[0m in 2.24s]
[0m17:45:18  
[0m17:45:18  Finished running 9 incremental models, 11 view models in 0 hours 0 minutes and 11.42 seconds (11.42s).
[0m17:45:19  
[0m17:45:19  [31mCompleted with 1 error, 0 partial successes, and 0 warnings:[0m
[0m17:45:19  
[0m17:45:19  [[31mERROR[0m]: in model pagamentos (models/mart/pagamentos.sql)
[0m17:45:19    Database Error in model pagamentos (models/mart/pagamentos.sql)
  MERGE command cannot affect row a second time
  HINT:  Ensure that not more than one source row matches any one target row.
  compiled code at target/run/cobra_etl/models/mart/pagamentos.sql
[0m17:45:19  
[0m17:45:19    compiled code at target/compiled/cobra_etl/models/mart/pagamentos.sql
[0m17:45:19  
[0m17:45:19  Done. PASS=19 WARN=0 ERROR=1 SKIP=0 NO-OP=0 TOTAL=20
qua 20 mai 2026 14:45:20 -03 - dbt finalizado com código 0
qua 20 mai 2026 14:57:50 -03 - Iniciando dbt run...
[0m17:57:54  Running with dbt=1.12.0-b1
[0m17:57:55  Registered adapter: postgres=1.10.0
[0m17:57:56  Found 20 models, 468 macros
[0m17:57:56  
[0m17:57:56  Concurrency: 4 threads (target='dev')
[0m17:57:56  
[0m17:57:56  1 of 20 START sql view model cobra_staging.chg_devedores ....................... [RUN]
[0m17:57:56  2 of 20 START sql view model cobra_staging.chg_emails .......................... [RUN]
[0m17:57:56  3 of 20 START sql view model cobra_staging.chg_enderecos ....................... [RUN]
[0m17:57:56  4 of 20 START sql view model cobra_staging.chg_lojas ........................... [RUN]
[0m17:57:57  3 of 20 OK created sql view model cobra_staging.chg_enderecos .................. [[32mCREATE VIEW[0m in 0.86s]
[0m17:57:57  4 of 20 OK created sql view model cobra_staging.chg_lojas ...................... [[32mCREATE VIEW[0m in 0.87s]
[0m17:57:57  1 of 20 OK created sql view model cobra_staging.chg_devedores .................. [[32mCREATE VIEW[0m in 0.87s]
[0m17:57:57  2 of 20 OK created sql view model cobra_staging.chg_emails ..................... [[32mCREATE VIEW[0m in 0.87s]
[0m17:57:57  5 of 20 START sql view model cobra_staging.chg_pagamentos ...................... [RUN]
[0m17:57:57  6 of 20 START sql view model cobra_staging.chg_telefones ....................... [RUN]
[0m17:57:57  7 of 20 START sql view model cobra_staging.stg_cadastro ........................ [RUN]
[0m17:57:57  8 of 20 START sql view model cobra_staging.stg_dividas ......................... [RUN]
[0m17:57:57  5 of 20 OK created sql view model cobra_staging.chg_pagamentos ................. [[32mCREATE VIEW[0m in 0.31s]
[0m17:57:57  9 of 20 START sql view model cobra_staging.stg_filiais ......................... [RUN]
[0m17:57:57  6 of 20 OK created sql view model cobra_staging.chg_telefones .................. [[32mCREATE VIEW[0m in 0.33s]
[0m17:57:57  8 of 20 OK created sql view model cobra_staging.stg_dividas .................... [[32mCREATE VIEW[0m in 0.33s]
[0m17:57:57  7 of 20 OK created sql view model cobra_staging.stg_cadastro ................... [[32mCREATE VIEW[0m in 0.34s]
[0m17:57:57  10 of 20 START sql view model cobra_staging.stg_pagamentos ..................... [RUN]
[0m17:57:57  11 of 20 START sql view model cobra_staging.stg_processos ...................... [RUN]
[0m17:57:57  12 of 20 START sql incremental model public.dividas ............................ [RUN]
[0m17:57:58  9 of 20 OK created sql view model cobra_staging.stg_filiais .................... [[32mCREATE VIEW[0m in 0.27s]
[0m17:57:58  13 of 20 START sql incremental model public.devedores .......................... [RUN]
[0m17:57:58  10 of 20 OK created sql view model cobra_staging.stg_pagamentos ................ [[32mCREATE VIEW[0m in 0.47s]
[0m17:57:58  11 of 20 OK created sql view model cobra_staging.stg_processos ................. [[32mCREATE VIEW[0m in 0.47s]
[0m17:57:58  14 of 20 START sql incremental model public.emails ............................. [RUN]
[0m17:57:58  15 of 20 START sql incremental model public.enderecos .......................... [RUN]
[0m17:57:58  14 of 20 OK created sql incremental model public.emails ........................ [[32mMERGE 8662[0m in 0.62s]
[0m17:57:58  16 of 20 START sql incremental model public.telefones .......................... [RUN]
[0m17:57:59  13 of 20 OK created sql incremental model public.devedores ..................... [[32mMERGE 19706[0m in 0.92s]
[0m17:57:59  17 of 20 START sql incremental model public.lojas .............................. [RUN]
[0m17:57:59  15 of 20 OK created sql incremental model public.enderecos ..................... [[32mMERGE 19706[0m in 0.80s]
[0m17:57:59  18 of 20 START sql incremental model public.pagamentos ......................... [RUN]
[0m17:57:59  17 of 20 OK created sql incremental model public.lojas ......................... [[32mMERGE 20[0m in 0.25s]
[0m17:57:59  19 of 20 START sql incremental model public.processos .......................... [RUN]
[0m17:57:59  19 of 20 OK created sql incremental model public.processos ..................... [[32mMERGE 0[0m in 0.19s]
[0m17:57:59  16 of 20 OK created sql incremental model public.telefones ..................... [[32mMERGE 19241[0m in 0.86s]
[0m17:58:00  18 of 20 OK created sql incremental model public.pagamentos .................... [[32mMERGE 49529[0m in 1.52s]
[0m17:58:05  12 of 20 OK created sql incremental model public.dividas ....................... [[32mINSERT 0 225076[0m in 7.59s]
[0m17:58:05  20 of 20 START sql incremental model cobra.tb_audit_mudancas ................... [RUN]
[0m17:58:07  20 of 20 OK created sql incremental model cobra.tb_audit_mudancas .............. [[32mINSERT 0 10[0m in 2.05s]
[0m17:58:07  
[0m17:58:07  Finished running 9 incremental models, 11 view models in 0 hours 0 minutes and 11.51 seconds (11.51s).
[0m17:58:07  
[0m17:58:07  [32mCompleted successfully[0m
[0m17:58:07  
[0m17:58:07  Done. PASS=20 WARN=0 ERROR=0 SKIP=0 NO-OP=0 TOTAL=20
qua 20 mai 2026 14:58:09 -03 - dbt finalizado com código 0
qua 20 mai 2026 15:01:04 -03 - Iniciando dbt run...
[0m18:01:08  Running with dbt=1.12.0-b1
[0m18:01:09  Registered adapter: postgres=1.10.0
[0m18:01:10  Found 20 models, 468 macros
[0m18:01:10  
[0m18:01:10  Concurrency: 4 threads (target='dev')
[0m18:01:10  
[0m18:01:10  1 of 20 START sql view model cobra_staging.chg_devedores ....................... [RUN]
[0m18:01:10  2 of 20 START sql view model cobra_staging.chg_emails .......................... [RUN]
[0m18:01:10  3 of 20 START sql view model cobra_staging.chg_enderecos ....................... [RUN]
[0m18:01:10  4 of 20 START sql view model cobra_staging.chg_lojas ........................... [RUN]
[0m18:01:11  1 of 20 OK created sql view model cobra_staging.chg_devedores .................. [[32mCREATE VIEW[0m in 0.85s]
[0m18:01:11  4 of 20 OK created sql view model cobra_staging.chg_lojas ...................... [[32mCREATE VIEW[0m in 0.85s]
[0m18:01:11  3 of 20 OK created sql view model cobra_staging.chg_enderecos .................. [[32mCREATE VIEW[0m in 0.85s]
[0m18:01:11  2 of 20 OK created sql view model cobra_staging.chg_emails ..................... [[32mCREATE VIEW[0m in 0.86s]
[0m18:01:11  5 of 20 START sql view model cobra_staging.chg_pagamentos ...................... [RUN]
[0m18:01:11  6 of 20 START sql view model cobra_staging.chg_telefones ....................... [RUN]
[0m18:01:11  7 of 20 START sql view model cobra_staging.stg_cadastro ........................ [RUN]
[0m18:01:11  8 of 20 START sql view model cobra_staging.stg_dividas ......................... [RUN]
[0m18:01:11  5 of 20 OK created sql view model cobra_staging.chg_pagamentos ................. [[32mCREATE VIEW[0m in 0.33s]
[0m18:01:11  8 of 20 OK created sql view model cobra_staging.stg_dividas .................... [[32mCREATE VIEW[0m in 0.33s]
[0m18:01:11  6 of 20 OK created sql view model cobra_staging.chg_telefones .................. [[32mCREATE VIEW[0m in 0.35s]
[0m18:01:11  7 of 20 OK created sql view model cobra_staging.stg_cadastro ................... [[32mCREATE VIEW[0m in 0.35s]
[0m18:01:11  9 of 20 START sql view model cobra_staging.stg_filiais ......................... [RUN]
[0m18:01:11  10 of 20 START sql view model cobra_staging.stg_pagamentos ..................... [RUN]
[0m18:01:12  11 of 20 START sql view model cobra_staging.stg_processos ...................... [RUN]
[0m18:01:12  12 of 20 START sql incremental model public.dividas ............................ [RUN]
[0m18:01:12  9 of 20 OK created sql view model cobra_staging.stg_filiais .................... [[32mCREATE VIEW[0m in 0.34s]
[0m18:01:12  10 of 20 OK created sql view model cobra_staging.stg_pagamentos ................ [[32mCREATE VIEW[0m in 0.34s]
[0m18:01:12  13 of 20 START sql incremental model public.devedores .......................... [RUN]
[0m18:01:12  14 of 20 START sql incremental model public.emails ............................. [RUN]
[0m18:01:12  11 of 20 OK created sql view model cobra_staging.stg_processos ................. [[32mCREATE VIEW[0m in 0.35s]
[0m18:01:12  15 of 20 START sql incremental model public.enderecos .......................... [RUN]
[0m18:01:13  14 of 20 OK created sql incremental model public.emails ........................ [[32mMERGE 8662[0m in 0.97s]
[0m18:01:13  16 of 20 START sql incremental model public.telefones .......................... [RUN]
[0m18:01:13  13 of 20 OK created sql incremental model public.devedores ..................... [[32mMERGE 19706[0m in 1.16s]
[0m18:01:13  17 of 20 START sql incremental model public.lojas .............................. [RUN]
[0m18:01:13  15 of 20 OK created sql incremental model public.enderecos ..................... [[32mMERGE 19706[0m in 1.13s]
[0m18:01:13  18 of 20 START sql incremental model public.pagamentos ......................... [RUN]
[0m18:01:13  17 of 20 OK created sql incremental model public.lojas ......................... [[32mMERGE 20[0m in 0.24s]
[0m18:01:13  19 of 20 START sql incremental model public.processos .......................... [RUN]
[0m18:01:13  19 of 20 OK created sql incremental model public.processos ..................... [[32mMERGE 0[0m in 0.19s]
[0m18:01:14  16 of 20 OK created sql incremental model public.telefones ..................... [[32mMERGE 19241[0m in 0.92s]
[0m18:01:15  18 of 20 OK created sql incremental model public.pagamentos .................... [[32mMERGE 49531[0m in 1.61s]
[0m18:01:21  12 of 20 OK created sql incremental model public.dividas ....................... [[32mINSERT 0 225064[0m in 9.21s]
[0m18:01:21  20 of 20 START sql incremental model cobra.tb_audit_mudancas ................... [RUN]
[0m18:01:23  20 of 20 OK created sql incremental model cobra.tb_audit_mudancas .............. [[32mINSERT 0 10[0m in 2.56s]
[0m18:01:23  
[0m18:01:23  Finished running 9 incremental models, 11 view models in 0 hours 0 minutes and 13.59 seconds (13.59s).
[0m18:01:24  
[0m18:01:24  [32mCompleted successfully[0m
[0m18:01:24  
[0m18:01:24  Done. PASS=20 WARN=0 ERROR=0 SKIP=0 NO-OP=0 TOTAL=20
qua 20 mai 2026 15:01:25 -03 - dbt finalizado com código 0
qua 20 mai 2026 15:04:25 -03 - Iniciando dbt run...
[0m18:04:29  Running with dbt=1.12.0-b1
[0m18:04:30  Registered adapter: postgres=1.10.0
[0m18:04:30  Found 20 models, 468 macros
[0m18:04:30  
[0m18:04:30  Concurrency: 4 threads (target='dev')
[0m18:04:30  
[0m18:04:31  1 of 20 START sql view model cobra_staging.chg_devedores ....................... [RUN]
[0m18:04:31  2 of 20 START sql view model cobra_staging.chg_emails .......................... [RUN]
[0m18:04:31  3 of 20 START sql view model cobra_staging.chg_enderecos ....................... [RUN]
[0m18:04:31  4 of 20 START sql view model cobra_staging.chg_lojas ........................... [RUN]
[0m18:04:32  1 of 20 OK created sql view model cobra_staging.chg_devedores .................. [[32mCREATE VIEW[0m in 0.89s]
[0m18:04:32  5 of 20 START sql view model cobra_staging.chg_pagamentos ...................... [RUN]
[0m18:04:32  4 of 20 OK created sql view model cobra_staging.chg_lojas ...................... [[32mCREATE VIEW[0m in 0.92s]
[0m18:04:32  2 of 20 OK created sql view model cobra_staging.chg_emails ..................... [[32mCREATE VIEW[0m in 0.92s]
[0m18:04:32  3 of 20 OK created sql view model cobra_staging.chg_enderecos .................. [[32mCREATE VIEW[0m in 0.92s]
[0m18:04:32  6 of 20 START sql view model cobra_staging.chg_telefones ....................... [RUN]
[0m18:04:32  7 of 20 START sql view model cobra_staging.stg_cadastro ........................ [RUN]
[0m18:04:32  8 of 20 START sql view model cobra_staging.stg_dividas ......................... [RUN]
[0m18:04:32  5 of 20 OK created sql view model cobra_staging.chg_pagamentos ................. [[32mCREATE VIEW[0m in 0.26s]
[0m18:04:32  9 of 20 START sql view model cobra_staging.stg_filiais ......................... [RUN]
[0m18:04:32  8 of 20 OK created sql view model cobra_staging.stg_dividas .................... [[32mCREATE VIEW[0m in 0.30s]
[0m18:04:32  6 of 20 OK created sql view model cobra_staging.chg_telefones .................. [[32mCREATE VIEW[0m in 0.31s]
[0m18:04:32  7 of 20 OK created sql view model cobra_staging.stg_cadastro ................... [[32mCREATE VIEW[0m in 0.32s]
[0m18:04:32  10 of 20 START sql view model cobra_staging.stg_pagamentos ..................... [RUN]
[0m18:04:32  11 of 20 START sql view model cobra_staging.stg_processos ...................... [RUN]
[0m18:04:32  12 of 20 START sql incremental model public.dividas ............................ [RUN]
[0m18:04:32  9 of 20 OK created sql view model cobra_staging.stg_filiais .................... [[32mCREATE VIEW[0m in 0.30s]
[0m18:04:32  13 of 20 START sql incremental model public.devedores .......................... [RUN]
[0m18:04:33  11 of 20 OK created sql view model cobra_staging.stg_processos ................. [[32mCREATE VIEW[0m in 0.41s]
[0m18:04:33  10 of 20 OK created sql view model cobra_staging.stg_pagamentos ................ [[32mCREATE VIEW[0m in 0.42s]
[0m18:04:33  14 of 20 START sql incremental model public.emails ............................. [RUN]
[0m18:04:33  15 of 20 START sql incremental model public.enderecos .......................... [RUN]
[0m18:04:33  14 of 20 OK created sql incremental model public.emails ........................ [[32mMERGE 8662[0m in 0.61s]
[0m18:04:33  16 of 20 START sql incremental model public.telefones .......................... [RUN]
[0m18:04:33  13 of 20 OK created sql incremental model public.devedores ..................... [[32mMERGE 19706[0m in 0.87s]
[0m18:04:33  17 of 20 START sql incremental model public.lojas .............................. [RUN]
[0m18:04:33  15 of 20 OK created sql incremental model public.enderecos ..................... [[32mMERGE 19706[0m in 0.75s]
[0m18:04:33  18 of 20 START sql incremental model public.processos .......................... [RUN]
[0m18:04:34  17 of 20 OK created sql incremental model public.lojas ......................... [[32mMERGE 20[0m in 0.26s]
[0m18:04:34  19 of 20 START sql incremental model public.pagamentos ......................... [RUN]
[0m18:04:34  18 of 20 OK created sql incremental model public.processos ..................... [[32mMERGE 0[0m in 0.28s]
[0m18:04:34  16 of 20 OK created sql incremental model public.telefones ..................... [[32mMERGE 19241[0m in 0.90s]
[0m18:04:35  19 of 20 OK created sql incremental model public.pagamentos .................... [[32mMERGE 49532[0m in 1.43s]
[0m18:04:39  12 of 20 OK created sql incremental model public.dividas ....................... [[32mINSERT 0 225062[0m in 7.32s]
[0m18:04:39  20 of 20 START sql incremental model cobra.tb_audit_mudancas ................... [RUN]
[0m18:04:42  20 of 20 OK created sql incremental model cobra.tb_audit_mudancas .............. [[32mINSERT 0 10[0m in 2.47s]
[0m18:04:42  
[0m18:04:42  Finished running 9 incremental models, 11 view models in 0 hours 0 minutes and 11.72 seconds (11.72s).
[0m18:04:42  
[0m18:04:42  [32mCompleted successfully[0m
[0m18:04:42  
[0m18:04:42  Done. PASS=20 WARN=0 ERROR=0 SKIP=0 NO-OP=0 TOTAL=20
qua 20 mai 2026 15:04:44 -03 - dbt finalizado com código 0
qua 20 mai 2026 15:07:39 -03 - Iniciando dbt run...
[0m18:07:42  Running with dbt=1.12.0-b1
[0m18:07:43  Registered adapter: postgres=1.10.0
[0m18:07:44  Found 20 models, 468 macros
[0m18:07:44  
[0m18:07:44  Concurrency: 4 threads (target='dev')
[0m18:07:44  
[0m18:07:44  1 of 20 START sql view model cobra_staging.chg_devedores ....................... [RUN]
[0m18:07:44  2 of 20 START sql view model cobra_staging.chg_emails .......................... [RUN]
[0m18:07:44  3 of 20 START sql view model cobra_staging.chg_enderecos ....................... [RUN]
[0m18:07:44  4 of 20 START sql view model cobra_staging.chg_lojas ........................... [RUN]
[0m18:07:45  4 of 20 OK created sql view model cobra_staging.chg_lojas ...................... [[32mCREATE VIEW[0m in 0.87s]
[0m18:07:45  2 of 20 OK created sql view model cobra_staging.chg_emails ..................... [[32mCREATE VIEW[0m in 0.88s]
[0m18:07:45  1 of 20 OK created sql view model cobra_staging.chg_devedores .................. [[32mCREATE VIEW[0m in 0.89s]
[0m18:07:45  5 of 20 START sql view model cobra_staging.chg_pagamentos ...................... [RUN]
[0m18:07:45  3 of 20 OK created sql view model cobra_staging.chg_enderecos .................. [[32mCREATE VIEW[0m in 0.90s]
[0m18:07:45  6 of 20 START sql view model cobra_staging.chg_telefones ....................... [RUN]
[0m18:07:45  7 of 20 START sql view model cobra_staging.stg_cadastro ........................ [RUN]
[0m18:07:45  8 of 20 START sql view model cobra_staging.stg_dividas ......................... [RUN]
[0m18:07:46  5 of 20 OK created sql view model cobra_staging.chg_pagamentos ................. [[32mCREATE VIEW[0m in 0.31s]
[0m18:07:46  6 of 20 OK created sql view model cobra_staging.chg_telefones .................. [[32mCREATE VIEW[0m in 0.30s]
[0m18:07:46  7 of 20 OK created sql view model cobra_staging.stg_cadastro ................... [[32mCREATE VIEW[0m in 0.30s]
[0m18:07:46  9 of 20 START sql view model cobra_staging.stg_filiais ......................... [RUN]
[0m18:07:46  10 of 20 START sql view model cobra_staging.stg_pagamentos ..................... [RUN]
[0m18:07:46  11 of 20 START sql view model cobra_staging.stg_processos ...................... [RUN]
[0m18:07:46  8 of 20 OK created sql view model cobra_staging.stg_dividas .................... [[32mCREATE VIEW[0m in 0.31s]
[0m18:07:46  12 of 20 START sql incremental model public.devedores .......................... [RUN]
[0m18:07:46  10 of 20 OK created sql view model cobra_staging.stg_pagamentos ................ [[32mCREATE VIEW[0m in 0.32s]
[0m18:07:46  13 of 20 START sql incremental model public.emails ............................. [RUN]
[0m18:07:46  11 of 20 OK created sql view model cobra_staging.stg_processos ................. [[32mCREATE VIEW[0m in 0.35s]
[0m18:07:46  9 of 20 OK created sql view model cobra_staging.stg_filiais .................... [[32mCREATE VIEW[0m in 0.36s]
[0m18:07:46  14 of 20 START sql incremental model public.enderecos .......................... [RUN]
[0m18:07:46  15 of 20 START sql incremental model public.telefones .......................... [RUN]
[0m18:07:47  13 of 20 OK created sql incremental model public.emails ........................ [[32mMERGE 8662[0m in 0.58s]
[0m18:07:47  16 of 20 START sql incremental model public.dividas ............................ [RUN]
[0m18:07:47  12 of 20 OK created sql incremental model public.devedores ..................... [[32mMERGE 19706[0m in 0.91s]
[0m18:07:47  17 of 20 START sql incremental model public.pagamentos ......................... [RUN]
[0m18:07:47  14 of 20 OK created sql incremental model public.enderecos ..................... [[32mMERGE 19706[0m in 0.66s]
[0m18:07:47  18 of 20 START sql incremental model public.processos .......................... [RUN]
[0m18:07:47  18 of 20 OK created sql incremental model public.processos ..................... [[32mMERGE 0[0m in 0.18s]
[0m18:07:47  19 of 20 START sql incremental model public.lojas .............................. [RUN]
[0m18:07:47  15 of 20 OK created sql incremental model public.telefones ..................... [[32mMERGE 19241[0m in 0.92s]
[0m18:07:47  19 of 20 OK created sql incremental model public.lojas ......................... [[32mMERGE 20[0m in 0.18s]
[0m18:07:47  17 of 20 ERROR creating sql incremental model public.pagamentos ................ [[31mERROR[0m in 0.64s]
[0m18:07:53  16 of 20 OK created sql incremental model public.dividas ....................... [[32mINSERT 0 225049[0m in 6.50s]
[0m18:07:53  20 of 20 START sql incremental model cobra.tb_audit_mudancas ................... [RUN]
[0m18:07:56  20 of 20 OK created sql incremental model cobra.tb_audit_mudancas .............. [[32mINSERT 0 11[0m in 2.86s]
[0m18:07:56  
[0m18:07:56  Finished running 9 incremental models, 11 view models in 0 hours 0 minutes and 12.06 seconds (12.06s).
[0m18:07:56  
[0m18:07:56  [31mCompleted with 1 error, 0 partial successes, and 0 warnings:[0m
[0m18:07:56  
[0m18:07:56  [[31mERROR[0m]: in model pagamentos (models/mart/pagamentos.sql)
[0m18:07:56    Database Error in model pagamentos (models/mart/pagamentos.sql)
  column "id_acordo" of relation "pagamentos" does not exist
  LINE 34: ...a_digitavel = DBT_INTERNAL_SOURCE.linha_digitavel,id_acordo ...
                                                                ^
  compiled code at target/run/cobra_etl/models/mart/pagamentos.sql
[0m18:07:56  
[0m18:07:56    compiled code at target/compiled/cobra_etl/models/mart/pagamentos.sql
[0m18:07:56  
[0m18:07:56  Done. PASS=19 WARN=0 ERROR=1 SKIP=0 NO-OP=0 TOTAL=20
qua 20 mai 2026 15:07:58 -03 - dbt finalizado com código 0
qua 20 mai 2026 15:10:44 -03 - Iniciando dbt run...
[0m18:10:47  Running with dbt=1.12.0-b1
[0m18:10:48  Registered adapter: postgres=1.10.0
[0m18:10:49  Found 20 models, 468 macros
[0m18:10:49  
[0m18:10:49  Concurrency: 4 threads (target='dev')
[0m18:10:49  
[0m18:10:49  1 of 20 START sql view model cobra_staging.chg_devedores ....................... [RUN]
[0m18:10:49  2 of 20 START sql view model cobra_staging.chg_emails .......................... [RUN]
[0m18:10:49  3 of 20 START sql view model cobra_staging.chg_enderecos ....................... [RUN]
[0m18:10:49  4 of 20 START sql view model cobra_staging.chg_lojas ........................... [RUN]
[0m18:10:50  1 of 20 OK created sql view model cobra_staging.chg_devedores .................. [[32mCREATE VIEW[0m in 0.80s]
[0m18:10:50  2 of 20 OK created sql view model cobra_staging.chg_emails ..................... [[32mCREATE VIEW[0m in 0.81s]
[0m18:10:50  3 of 20 OK created sql view model cobra_staging.chg_enderecos .................. [[32mCREATE VIEW[0m in 0.80s]
[0m18:10:50  4 of 20 OK created sql view model cobra_staging.chg_lojas ...................... [[32mCREATE VIEW[0m in 0.79s]
[0m18:10:50  5 of 20 START sql view model cobra_staging.chg_pagamentos ...................... [RUN]
[0m18:10:50  6 of 20 START sql view model cobra_staging.chg_telefones ....................... [RUN]
[0m18:10:50  7 of 20 START sql view model cobra_staging.stg_cadastro ........................ [RUN]
[0m18:10:50  8 of 20 START sql view model cobra_staging.stg_dividas ......................... [RUN]
[0m18:10:50  5 of 20 OK created sql view model cobra_staging.chg_pagamentos ................. [[32mCREATE VIEW[0m in 0.31s]
[0m18:10:50  6 of 20 OK created sql view model cobra_staging.chg_telefones .................. [[32mCREATE VIEW[0m in 0.33s]
[0m18:10:50  8 of 20 OK created sql view model cobra_staging.stg_dividas .................... [[32mCREATE VIEW[0m in 0.32s]
[0m18:10:50  9 of 20 START sql view model cobra_staging.stg_filiais ......................... [RUN]
[0m18:10:50  7 of 20 OK created sql view model cobra_staging.stg_cadastro ................... [[32mCREATE VIEW[0m in 0.33s]
[0m18:10:50  10 of 20 START sql view model cobra_staging.stg_pagamentos ..................... [RUN]
[0m18:10:50  11 of 20 START sql view model cobra_staging.stg_processos ...................... [RUN]
[0m18:10:50  12 of 20 START sql incremental model public.dividas ............................ [RUN]
[0m18:10:50  9 of 20 OK created sql view model cobra_staging.stg_filiais .................... [[32mCREATE VIEW[0m in 0.26s]
[0m18:10:50  13 of 20 START sql incremental model public.devedores .......................... [RUN]
[0m18:10:51  11 of 20 OK created sql view model cobra_staging.stg_processos ................. [[32mCREATE VIEW[0m in 0.44s]
[0m18:10:51  10 of 20 OK created sql view model cobra_staging.stg_pagamentos ................ [[32mCREATE VIEW[0m in 0.45s]
[0m18:10:51  14 of 20 START sql incremental model public.emails ............................. [RUN]
[0m18:10:51  15 of 20 START sql incremental model public.enderecos .......................... [RUN]
[0m18:10:51  14 of 20 OK created sql incremental model public.emails ........................ [[32mMERGE 8662[0m in 0.62s]
[0m18:10:51  16 of 20 START sql incremental model public.telefones .......................... [RUN]
[0m18:10:51  13 of 20 OK created sql incremental model public.devedores ..................... [[32mMERGE 19706[0m in 0.88s]
[0m18:10:51  17 of 20 START sql incremental model public.lojas .............................. [RUN]
[0m18:10:51  15 of 20 OK created sql incremental model public.enderecos ..................... [[32mMERGE 19706[0m in 0.76s]
[0m18:10:51  18 of 20 START sql incremental model public.processos .......................... [RUN]
[0m18:10:52  17 of 20 OK created sql incremental model public.lojas ......................... [[32mMERGE 20[0m in 0.28s]
[0m18:10:52  19 of 20 START sql incremental model public.pagamentos ......................... [RUN]
[0m18:10:52  18 of 20 OK created sql incremental model public.processos ..................... [[32mMERGE 0[0m in 0.29s]
[0m18:10:52  16 of 20 OK created sql incremental model public.telefones ..................... [[32mMERGE 19241[0m in 0.88s]
[0m18:10:53  19 of 20 OK created sql incremental model public.pagamentos .................... [[32mMERGE 49536[0m in 1.24s]
[0m18:10:57  12 of 20 OK created sql incremental model public.dividas ....................... [[32mINSERT 0 225049[0m in 6.83s]
[0m18:10:57  20 of 20 START sql incremental model cobra.tb_audit_mudancas ................... [RUN]
[0m18:11:00  20 of 20 OK created sql incremental model cobra.tb_audit_mudancas .............. [[32mINSERT 0 10[0m in 2.97s]
[0m18:11:00  
[0m18:11:00  Finished running 9 incremental models, 11 view models in 0 hours 0 minutes and 11.54 seconds (11.54s).
[0m18:11:00  
[0m18:11:00  [32mCompleted successfully[0m
[0m18:11:00  
[0m18:11:00  Done. PASS=20 WARN=0 ERROR=0 SKIP=0 NO-OP=0 TOTAL=20
qua 20 mai 2026 15:11:02 -03 - dbt finalizado com código 0
qua 20 mai 2026 15:13:58 -03 - Iniciando dbt run...
[0m18:14:01  Running with dbt=1.12.0-b1
[0m18:14:02  Registered adapter: postgres=1.10.0
[0m18:14:03  Found 20 models, 468 macros
[0m18:14:03  
[0m18:14:03  Concurrency: 4 threads (target='dev')
[0m18:14:03  
[0m18:14:03  1 of 20 START sql view model cobra_staging.chg_devedores ....................... [RUN]
[0m18:14:03  2 of 20 START sql view model cobra_staging.chg_emails .......................... [RUN]
[0m18:14:03  3 of 20 START sql view model cobra_staging.chg_enderecos ....................... [RUN]
[0m18:14:03  4 of 20 START sql view model cobra_staging.chg_lojas ........................... [RUN]
[0m18:14:04  4 of 20 OK created sql view model cobra_staging.chg_lojas ...................... [[32mCREATE VIEW[0m in 0.91s]
[0m18:14:04  3 of 20 OK created sql view model cobra_staging.chg_enderecos .................. [[32mCREATE VIEW[0m in 0.92s]
[0m18:14:04  2 of 20 OK created sql view model cobra_staging.chg_emails ..................... [[32mCREATE VIEW[0m in 0.92s]
[0m18:14:04  1 of 20 OK created sql view model cobra_staging.chg_devedores .................. [[32mCREATE VIEW[0m in 0.93s]
[0m18:14:04  5 of 20 START sql view model cobra_staging.chg_pagamentos ...................... [RUN]
[0m18:14:04  6 of 20 START sql view model cobra_staging.chg_telefones ....................... [RUN]
[0m18:14:04  7 of 20 START sql view model cobra_staging.stg_cadastro ........................ [RUN]
[0m18:14:04  8 of 20 START sql view model cobra_staging.stg_dividas ......................... [RUN]
[0m18:14:05  5 of 20 OK created sql view model cobra_staging.chg_pagamentos ................. [[32mCREATE VIEW[0m in 0.31s]
[0m18:14:05  6 of 20 OK created sql view model cobra_staging.chg_telefones .................. [[32mCREATE VIEW[0m in 0.31s]
[0m18:14:05  8 of 20 OK created sql view model cobra_staging.stg_dividas .................... [[32mCREATE VIEW[0m in 0.32s]
[0m18:14:05  7 of 20 OK created sql view model cobra_staging.stg_cadastro ................... [[32mCREATE VIEW[0m in 0.32s]
[0m18:14:05  9 of 20 START sql view model cobra_staging.stg_filiais ......................... [RUN]
[0m18:14:05  10 of 20 START sql view model cobra_staging.stg_pagamentos ..................... [RUN]
[0m18:14:05  11 of 20 START sql view model cobra_staging.stg_processos ...................... [RUN]
[0m18:14:05  12 of 20 START sql incremental model public.devedores .......................... [RUN]
[0m18:14:05  9 of 20 OK created sql view model cobra_staging.stg_filiais .................... [[32mCREATE VIEW[0m in 0.28s]
[0m18:14:05  13 of 20 START sql incremental model public.dividas ............................ [RUN]
[0m18:14:05  10 of 20 OK created sql view model cobra_staging.stg_pagamentos ................ [[32mCREATE VIEW[0m in 0.37s]
[0m18:14:05  14 of 20 START sql incremental model public.emails ............................. [RUN]
[0m18:14:05  11 of 20 OK created sql view model cobra_staging.stg_processos ................. [[32mCREATE VIEW[0m in 0.39s]
[0m18:14:05  15 of 20 START sql incremental model public.enderecos .......................... [RUN]
[0m18:14:06  14 of 20 OK created sql incremental model public.emails ........................ [[32mMERGE 8662[0m in 0.50s]
[0m18:14:06  16 of 20 START sql incremental model public.telefones .......................... [RUN]
[0m18:14:06  12 of 20 OK created sql incremental model public.devedores ..................... [[32mMERGE 19706[0m in 0.93s]
[0m18:14:06  17 of 20 START sql incremental model public.lojas .............................. [RUN]
[0m18:14:06  15 of 20 OK created sql incremental model public.enderecos ..................... [[32mMERGE 19706[0m in 0.61s]
[0m18:14:06  18 of 20 START sql incremental model public.pagamentos ......................... [RUN]
[0m18:14:06  17 of 20 OK created sql incremental model public.lojas ......................... [[32mMERGE 20[0m in 0.27s]
[0m18:14:06  19 of 20 START sql incremental model public.processos .......................... [RUN]
[0m18:14:06  19 of 20 OK created sql incremental model public.processos ..................... [[32mMERGE 0[0m in 0.20s]
[0m18:14:07  16 of 20 OK created sql incremental model public.telefones ..................... [[32mMERGE 19241[0m in 1.02s]
[0m18:14:07  18 of 20 OK created sql incremental model public.pagamentos .................... [[32mMERGE 49535[0m in 1.39s]
[0m18:14:12  13 of 20 OK created sql incremental model public.dividas ....................... [[32mINSERT 0 225049[0m in 7.11s]
[0m18:14:12  20 of 20 START sql incremental model cobra.tb_audit_mudancas ................... [RUN]
[0m18:14:15  20 of 20 OK created sql incremental model cobra.tb_audit_mudancas .............. [[32mINSERT 0 10[0m in 2.88s]
[0m18:14:15  
[0m18:14:15  Finished running 9 incremental models, 11 view models in 0 hours 0 minutes and 12.19 seconds (12.19s).
[0m18:14:15  
[0m18:14:15  [32mCompleted successfully[0m
[0m18:14:15  
[0m18:14:15  Done. PASS=20 WARN=0 ERROR=0 SKIP=0 NO-OP=0 TOTAL=20
qua 20 mai 2026 15:14:17 -03 - dbt finalizado com código 0
qua 20 mai 2026 15:17:17 -03 - Iniciando dbt run...
[0m18:17:21  Running with dbt=1.12.0-b1
[0m18:17:21  Registered adapter: postgres=1.10.0
[0m18:17:22  Found 20 models, 468 macros
[0m18:17:22  
[0m18:17:22  Concurrency: 4 threads (target='dev')
[0m18:17:22  
[0m18:17:23  1 of 20 START sql view model cobra_staging.chg_devedores ....................... [RUN]
[0m18:17:23  2 of 20 START sql view model cobra_staging.chg_emails .......................... [RUN]
[0m18:17:23  3 of 20 START sql view model cobra_staging.chg_enderecos ....................... [RUN]
[0m18:17:23  4 of 20 START sql view model cobra_staging.chg_lojas ........................... [RUN]
[0m18:17:24  4 of 20 OK created sql view model cobra_staging.chg_lojas ...................... [[32mCREATE VIEW[0m in 0.88s]
[0m18:17:24  3 of 20 OK created sql view model cobra_staging.chg_enderecos .................. [[32mCREATE VIEW[0m in 0.89s]
[0m18:17:24  2 of 20 OK created sql view model cobra_staging.chg_emails ..................... [[32mCREATE VIEW[0m in 0.90s]
[0m18:17:24  1 of 20 OK created sql view model cobra_staging.chg_devedores .................. [[32mCREATE VIEW[0m in 0.90s]
[0m18:17:24  5 of 20 START sql view model cobra_staging.chg_pagamentos ...................... [RUN]
[0m18:17:24  6 of 20 START sql view model cobra_staging.chg_telefones ....................... [RUN]
[0m18:17:24  7 of 20 START sql view model cobra_staging.stg_cadastro ........................ [RUN]
[0m18:17:24  8 of 20 START sql view model cobra_staging.stg_dividas ......................... [RUN]
[0m18:17:24  5 of 20 OK created sql view model cobra_staging.chg_pagamentos ................. [[32mCREATE VIEW[0m in 0.32s]
[0m18:17:24  7 of 20 OK created sql view model cobra_staging.stg_cadastro ................... [[32mCREATE VIEW[0m in 0.32s]
[0m18:17:24  6 of 20 OK created sql view model cobra_staging.chg_telefones .................. [[32mCREATE VIEW[0m in 0.33s]
[0m18:17:24  8 of 20 OK created sql view model cobra_staging.stg_dividas .................... [[32mCREATE VIEW[0m in 0.33s]
[0m18:17:24  9 of 20 START sql view model cobra_staging.stg_filiais ......................... [RUN]
[0m18:17:24  10 of 20 START sql view model cobra_staging.stg_pagamentos ..................... [RUN]
[0m18:17:24  11 of 20 START sql view model cobra_staging.stg_processos ...................... [RUN]
[0m18:17:24  12 of 20 START sql incremental model public.devedores .......................... [RUN]
[0m18:17:24  9 of 20 OK created sql view model cobra_staging.stg_filiais .................... [[32mCREATE VIEW[0m in 0.31s]
[0m18:17:24  13 of 20 START sql incremental model public.emails ............................. [RUN]
[0m18:17:24  11 of 20 OK created sql view model cobra_staging.stg_processos ................. [[32mCREATE VIEW[0m in 0.40s]
[0m18:17:24  10 of 20 OK created sql view model cobra_staging.stg_pagamentos ................ [[32mCREATE VIEW[0m in 0.42s]
[0m18:17:24  14 of 20 START sql incremental model public.enderecos .......................... [RUN]
[0m18:17:24  15 of 20 START sql incremental model public.telefones .......................... [RUN]
[0m18:17:25  12 of 20 OK created sql incremental model public.devedores ..................... [[32mMERGE 19706[0m in 0.86s]
[0m18:17:25  16 of 20 START sql incremental model public.dividas ............................ [RUN]
[0m18:17:25  13 of 20 OK created sql incremental model public.emails ........................ [[32mMERGE 8662[0m in 0.60s]
[0m18:17:25  17 of 20 START sql incremental model public.lojas .............................. [RUN]
[0m18:17:25  17 of 20 OK created sql incremental model public.lojas ......................... [[32mMERGE 20[0m in 0.18s]
[0m18:17:25  18 of 20 START sql incremental model public.processos .......................... [RUN]
[0m18:17:25  14 of 20 OK created sql incremental model public.enderecos ..................... [[32mMERGE 19706[0m in 0.71s]
[0m18:17:25  19 of 20 START sql incremental model public.pagamentos ......................... [RUN]
[0m18:17:25  18 of 20 OK created sql incremental model public.processos ..................... [[32mMERGE 0[0m in 0.21s]
[0m18:17:25  15 of 20 OK created sql incremental model public.telefones ..................... [[32mMERGE 19241[0m in 0.92s]
[0m18:17:27  19 of 20 OK created sql incremental model public.pagamentos .................... [[32mMERGE 49536[0m in 1.38s]
[0m18:17:33  16 of 20 OK created sql incremental model public.dividas ....................... [[32mINSERT 0 225049[0m in 7.86s]
[0m18:17:33  20 of 20 START sql incremental model cobra.tb_audit_mudancas ................... [RUN]
[0m18:17:35  20 of 20 OK created sql incremental model cobra.tb_audit_mudancas .............. [[32mINSERT 0 10[0m in 2.56s]
[0m18:17:35  
[0m18:17:35  Finished running 9 incremental models, 11 view models in 0 hours 0 minutes and 13.17 seconds (13.17s).
[0m18:17:35  
[0m18:17:35  [32mCompleted successfully[0m
[0m18:17:35  
[0m18:17:35  Done. PASS=20 WARN=0 ERROR=0 SKIP=0 NO-OP=0 TOTAL=20
qua 20 mai 2026 15:17:37 -03 - dbt finalizado com código 0
qua 20 mai 2026 15:20:32 -03 - Iniciando dbt run...
[0m18:20:36  Running with dbt=1.12.0-b1
[0m18:20:36  Registered adapter: postgres=1.10.0
[0m18:20:37  Found 20 models, 468 macros
[0m18:20:37  
[0m18:20:37  Concurrency: 4 threads (target='dev')
[0m18:20:37  
[0m18:20:37  1 of 20 START sql view model cobra_staging.chg_devedores ....................... [RUN]
[0m18:20:37  2 of 20 START sql view model cobra_staging.chg_emails .......................... [RUN]
[0m18:20:37  3 of 20 START sql view model cobra_staging.chg_enderecos ....................... [RUN]
[0m18:20:37  4 of 20 START sql view model cobra_staging.chg_lojas ........................... [RUN]
[0m18:20:38  2 of 20 OK created sql view model cobra_staging.chg_emails ..................... [[32mCREATE VIEW[0m in 0.86s]
[0m18:20:38  3 of 20 OK created sql view model cobra_staging.chg_enderecos .................. [[32mCREATE VIEW[0m in 0.88s]
[0m18:20:38  5 of 20 START sql view model cobra_staging.chg_pagamentos ...................... [RUN]
[0m18:20:38  4 of 20 OK created sql view model cobra_staging.chg_lojas ...................... [[32mCREATE VIEW[0m in 0.89s]
[0m18:20:38  1 of 20 OK created sql view model cobra_staging.chg_devedores .................. [[32mCREATE VIEW[0m in 0.89s]
[0m18:20:38  6 of 20 START sql view model cobra_staging.chg_telefones ....................... [RUN]
[0m18:20:38  7 of 20 START sql view model cobra_staging.stg_cadastro ........................ [RUN]
[0m18:20:38  8 of 20 START sql view model cobra_staging.stg_dividas ......................... [RUN]
[0m18:20:38  5 of 20 OK created sql view model cobra_staging.chg_pagamentos ................. [[32mCREATE VIEW[0m in 0.21s]
[0m18:20:38  9 of 20 START sql view model cobra_staging.stg_filiais ......................... [RUN]
[0m18:20:39  6 of 20 OK created sql view model cobra_staging.chg_telefones .................. [[32mCREATE VIEW[0m in 0.29s]
[0m18:20:39  10 of 20 START sql view model cobra_staging.stg_pagamentos ..................... [RUN]
[0m18:20:39  8 of 20 OK created sql view model cobra_staging.stg_dividas .................... [[32mCREATE VIEW[0m in 0.30s]
[0m18:20:39  7 of 20 OK created sql view model cobra_staging.stg_cadastro ................... [[32mCREATE VIEW[0m in 0.32s]
[0m18:20:39  11 of 20 START sql view model cobra_staging.stg_processos ...................... [RUN]
[0m18:20:39  12 of 20 START sql incremental model public.dividas ............................ [RUN]
[0m18:20:39  9 of 20 OK created sql view model cobra_staging.stg_filiais .................... [[32mCREATE VIEW[0m in 0.38s]
[0m18:20:39  13 of 20 START sql incremental model public.devedores .......................... [RUN]
[0m18:20:39  10 of 20 OK created sql view model cobra_staging.stg_pagamentos ................ [[32mCREATE VIEW[0m in 0.42s]
[0m18:20:39  11 of 20 OK created sql view model cobra_staging.stg_processos ................. [[32mCREATE VIEW[0m in 0.39s]
[0m18:20:39  14 of 20 START sql incremental model public.emails ............................. [RUN]
[0m18:20:39  15 of 20 START sql incremental model public.enderecos .......................... [RUN]
[0m18:20:40  14 of 20 OK created sql incremental model public.emails ........................ [[32mMERGE 8662[0m in 0.62s]
[0m18:20:40  16 of 20 START sql incremental model public.telefones .......................... [RUN]
[0m18:20:40  13 of 20 OK created sql incremental model public.devedores ..................... [[32mMERGE 19706[0m in 0.89s]
[0m18:20:40  17 of 20 START sql incremental model public.lojas .............................. [RUN]
[0m18:20:40  15 of 20 OK created sql incremental model public.enderecos ..................... [[32mMERGE 19706[0m in 0.82s]
[0m18:20:40  18 of 20 START sql incremental model public.pagamentos ......................... [RUN]
[0m18:20:40  17 of 20 OK created sql incremental model public.lojas ......................... [[32mMERGE 20[0m in 0.23s]
[0m18:20:40  19 of 20 START sql incremental model public.processos .......................... [RUN]
[0m18:20:40  19 of 20 OK created sql incremental model public.processos ..................... [[32mMERGE 0[0m in 0.19s]
[0m18:20:41  16 of 20 OK created sql incremental model public.telefones ..................... [[32mMERGE 19241[0m in 0.97s]
[0m18:20:41  18 of 20 OK created sql incremental model public.pagamentos .................... [[32mMERGE 49536[0m in 1.38s]
[0m18:20:46  12 of 20 OK created sql incremental model public.dividas ....................... [[32mINSERT 0 225049[0m in 7.17s]
[0m18:20:46  20 of 20 START sql incremental model cobra.tb_audit_mudancas ................... [RUN]
[0m18:20:48  20 of 20 OK created sql incremental model cobra.tb_audit_mudancas .............. [[32mINSERT 0 10[0m in 2.50s]
[0m18:20:48  
[0m18:20:48  Finished running 9 incremental models, 11 view models in 0 hours 0 minutes and 11.48 seconds (11.48s).
[0m18:20:49  
[0m18:20:49  [32mCompleted successfully[0m
[0m18:20:49  
[0m18:20:49  Done. PASS=20 WARN=0 ERROR=0 SKIP=0 NO-OP=0 TOTAL=20
qua 20 mai 2026 15:20:50 -03 - dbt finalizado com código 0
qua 20 mai 2026 15:23:37 -03 - Iniciando dbt run...
[0m18:23:41  Running with dbt=1.12.0-b1
[0m18:23:41  Registered adapter: postgres=1.10.0
[0m18:23:42  Found 20 models, 468 macros
[0m18:23:42  
[0m18:23:42  Concurrency: 4 threads (target='dev')
[0m18:23:42  
[0m18:23:42  1 of 20 START sql view model cobra_staging.chg_devedores ....................... [RUN]
[0m18:23:42  2 of 20 START sql view model cobra_staging.chg_emails .......................... [RUN]
[0m18:23:42  3 of 20 START sql view model cobra_staging.chg_enderecos ....................... [RUN]
[0m18:23:42  4 of 20 START sql view model cobra_staging.chg_lojas ........................... [RUN]
[0m18:23:43  1 of 20 OK created sql view model cobra_staging.chg_devedores .................. [[32mCREATE VIEW[0m in 0.75s]
[0m18:23:43  3 of 20 OK created sql view model cobra_staging.chg_enderecos .................. [[32mCREATE VIEW[0m in 0.75s]
[0m18:23:43  4 of 20 OK created sql view model cobra_staging.chg_lojas ...................... [[32mCREATE VIEW[0m in 0.77s]
[0m18:23:43  5 of 20 START sql view model cobra_staging.chg_pagamentos ...................... [RUN]
[0m18:23:43  2 of 20 OK created sql view model cobra_staging.chg_emails ..................... [[32mCREATE VIEW[0m in 0.77s]
[0m18:23:43  6 of 20 START sql view model cobra_staging.chg_telefones ....................... [RUN]
[0m18:23:43  7 of 20 START sql view model cobra_staging.stg_cadastro ........................ [RUN]
[0m18:23:43  8 of 20 START sql view model cobra_staging.stg_dividas ......................... [RUN]
[0m18:23:44  5 of 20 OK created sql view model cobra_staging.chg_pagamentos ................. [[32mCREATE VIEW[0m in 0.32s]
[0m18:23:44  6 of 20 OK created sql view model cobra_staging.chg_telefones .................. [[32mCREATE VIEW[0m in 0.33s]
[0m18:23:44  8 of 20 OK created sql view model cobra_staging.stg_dividas .................... [[32mCREATE VIEW[0m in 0.31s]
[0m18:23:44  7 of 20 OK created sql view model cobra_staging.stg_cadastro ................... [[32mCREATE VIEW[0m in 0.32s]
[0m18:23:44  9 of 20 START sql view model cobra_staging.stg_filiais ......................... [RUN]
[0m18:23:44  10 of 20 START sql view model cobra_staging.stg_pagamentos ..................... [RUN]
[0m18:23:44  11 of 20 START sql view model cobra_staging.stg_processos ...................... [RUN]
[0m18:23:44  12 of 20 START sql incremental model public.dividas ............................ [RUN]
[0m18:23:44  11 of 20 OK created sql view model cobra_staging.stg_processos ................. [[32mCREATE VIEW[0m in 0.40s]
[0m18:23:44  10 of 20 OK created sql view model cobra_staging.stg_pagamentos ................ [[32mCREATE VIEW[0m in 0.41s]
[0m18:23:44  9 of 20 OK created sql view model cobra_staging.stg_filiais .................... [[32mCREATE VIEW[0m in 0.42s]
[0m18:23:44  13 of 20 START sql incremental model public.devedores .......................... [RUN]
[0m18:23:44  14 of 20 START sql incremental model public.emails ............................. [RUN]
[0m18:23:44  15 of 20 START sql incremental model public.enderecos .......................... [RUN]
[0m18:23:45  14 of 20 OK created sql incremental model public.emails ........................ [[32mMERGE 8662[0m in 0.77s]
[0m18:23:45  16 of 20 START sql incremental model public.telefones .......................... [RUN]
[0m18:23:45  13 of 20 OK created sql incremental model public.devedores ..................... [[32mMERGE 19706[0m in 0.99s]
[0m18:23:45  17 of 20 START sql incremental model public.processos .......................... [RUN]
[0m18:23:45  15 of 20 OK created sql incremental model public.enderecos ..................... [[32mMERGE 19706[0m in 1.00s]
[0m18:23:45  18 of 20 START sql incremental model public.pagamentos ......................... [RUN]
[0m18:23:45  17 of 20 OK created sql incremental model public.processos ..................... [[32mMERGE 0[0m in 0.22s]
[0m18:23:45  19 of 20 START sql incremental model public.lojas .............................. [RUN]
[0m18:23:45  19 of 20 OK created sql incremental model public.lojas ......................... [[32mMERGE 20[0m in 0.17s]
[0m18:23:46  16 of 20 OK created sql incremental model public.telefones ..................... [[32mMERGE 19241[0m in 0.87s]
[0m18:23:46  18 of 20 OK created sql incremental model public.pagamentos .................... [[32mMERGE 49537[0m in 1.35s]
[0m18:23:50  12 of 20 OK created sql incremental model public.dividas ....................... [[32mINSERT 0 225048[0m in 6.64s]
[0m18:23:50  20 of 20 START sql incremental model cobra.tb_audit_mudancas ................... [RUN]
[0m18:23:53  20 of 20 OK created sql incremental model cobra.tb_audit_mudancas .............. [[32mINSERT 0 10[0m in 2.81s]
[0m18:23:53  
[0m18:23:53  Finished running 9 incremental models, 11 view models in 0 hours 0 minutes and 11.14 seconds (11.14s).
[0m18:23:53  
[0m18:23:53  [32mCompleted successfully[0m
[0m18:23:53  
[0m18:23:53  Done. PASS=20 WARN=0 ERROR=0 SKIP=0 NO-OP=0 TOTAL=20
qua 20 mai 2026 15:23:55 -03 - dbt finalizado com código 0
qua 20 mai 2026 15:26:50 -03 - Iniciando dbt run...
[0m18:26:54  Running with dbt=1.12.0-b1
[0m18:26:55  Registered adapter: postgres=1.10.0
[0m18:26:56  Found 20 models, 468 macros
[0m18:26:56  
[0m18:26:56  Concurrency: 4 threads (target='dev')
[0m18:26:56  
[0m18:26:56  1 of 20 START sql view model cobra_staging.chg_devedores ....................... [RUN]
[0m18:26:56  2 of 20 START sql view model cobra_staging.chg_emails .......................... [RUN]
[0m18:26:56  3 of 20 START sql view model cobra_staging.chg_enderecos ....................... [RUN]
[0m18:26:56  4 of 20 START sql view model cobra_staging.chg_lojas ........................... [RUN]
[0m18:26:57  2 of 20 OK created sql view model cobra_staging.chg_emails ..................... [[32mCREATE VIEW[0m in 0.86s]
[0m18:26:57  3 of 20 OK created sql view model cobra_staging.chg_enderecos .................. [[32mCREATE VIEW[0m in 0.86s]
[0m18:26:57  4 of 20 OK created sql view model cobra_staging.chg_lojas ...................... [[32mCREATE VIEW[0m in 0.86s]
[0m18:26:57  1 of 20 OK created sql view model cobra_staging.chg_devedores .................. [[32mCREATE VIEW[0m in 0.88s]
[0m18:26:57  5 of 20 START sql view model cobra_staging.chg_pagamentos ...................... [RUN]
[0m18:26:57  6 of 20 START sql view model cobra_staging.chg_telefones ....................... [RUN]
[0m18:26:57  7 of 20 START sql view model cobra_staging.stg_cadastro ........................ [RUN]
[0m18:26:57  8 of 20 START sql view model cobra_staging.stg_dividas ......................... [RUN]
[0m18:26:58  8 of 20 OK created sql view model cobra_staging.stg_dividas .................... [[32mCREATE VIEW[0m in 0.30s]
[0m18:26:58  5 of 20 OK created sql view model cobra_staging.chg_pagamentos ................. [[32mCREATE VIEW[0m in 0.34s]
[0m18:26:58  7 of 20 OK created sql view model cobra_staging.stg_cadastro ................... [[32mCREATE VIEW[0m in 0.34s]
[0m18:26:58  6 of 20 OK created sql view model cobra_staging.chg_telefones .................. [[32mCREATE VIEW[0m in 0.34s]
[0m18:26:58  9 of 20 START sql view model cobra_staging.stg_filiais ......................... [RUN]
[0m18:26:58  10 of 20 START sql view model cobra_staging.stg_pagamentos ..................... [RUN]
[0m18:26:58  11 of 20 START sql view model cobra_staging.stg_processos ...................... [RUN]
[0m18:26:58  12 of 20 START sql incremental model public.dividas ............................ [RUN]
[0m18:26:58  11 of 20 OK created sql view model cobra_staging.stg_processos ................. [[32mCREATE VIEW[0m in 0.37s]
[0m18:26:58  13 of 20 START sql incremental model public.devedores .......................... [RUN]
[0m18:26:58  9 of 20 OK created sql view model cobra_staging.stg_filiais .................... [[32mCREATE VIEW[0m in 0.40s]
[0m18:26:58  10 of 20 OK created sql view model cobra_staging.stg_pagamentos ................ [[32mCREATE VIEW[0m in 0.39s]
[0m18:26:58  14 of 20 START sql incremental model public.emails ............................. [RUN]
[0m18:26:58  15 of 20 START sql incremental model public.enderecos .......................... [RUN]
[0m18:26:59  14 of 20 OK created sql incremental model public.emails ........................ [[32mMERGE 8662[0m in 0.86s]
[0m18:26:59  16 of 20 START sql incremental model public.telefones .......................... [RUN]
[0m18:26:59  13 of 20 OK created sql incremental model public.devedores ..................... [[32mMERGE 19706[0m in 1.05s]
[0m18:26:59  17 of 20 START sql incremental model public.processos .......................... [RUN]
[0m18:26:59  15 of 20 OK created sql incremental model public.enderecos ..................... [[32mMERGE 19706[0m in 1.06s]
[0m18:26:59  18 of 20 START sql incremental model public.lojas .............................. [RUN]
[0m18:26:59  17 of 20 OK created sql incremental model public.processos ..................... [[32mMERGE 0[0m in 0.26s]
[0m18:26:59  19 of 20 START sql incremental model public.pagamentos ......................... [RUN]
[0m18:26:59  18 of 20 OK created sql incremental model public.lojas ......................... [[32mMERGE 20[0m in 0.24s]
[0m18:27:00  16 of 20 OK created sql incremental model public.telefones ..................... [[32mMERGE 19241[0m in 0.90s]
[0m18:27:01  19 of 20 OK created sql incremental model public.pagamentos .................... [[32mMERGE 49540[0m in 1.36s]
[0m18:27:05  12 of 20 OK created sql incremental model public.dividas ....................... [[32mINSERT 0 225048[0m in 7.38s]
[0m18:27:05  20 of 20 START sql incremental model cobra.tb_audit_mudancas ................... [RUN]
[0m18:27:08  20 of 20 OK created sql incremental model cobra.tb_audit_mudancas .............. [[32mINSERT 0 10[0m in 2.88s]
[0m18:27:08  
[0m18:27:08  Finished running 9 incremental models, 11 view models in 0 hours 0 minutes and 12.13 seconds (12.13s).
[0m18:27:08  
[0m18:27:08  [32mCompleted successfully[0m
[0m18:27:08  
[0m18:27:08  Done. PASS=20 WARN=0 ERROR=0 SKIP=0 NO-OP=0 TOTAL=20
qua 20 mai 2026 15:27:09 -03 - dbt finalizado com código 0
qua 20 mai 2026 15:29:55 -03 - Iniciando dbt run...
[0m18:29:59  Running with dbt=1.12.0-b1
[0m18:30:00  Registered adapter: postgres=1.10.0
[0m18:30:00  Found 20 models, 468 macros
[0m18:30:00  
[0m18:30:00  Concurrency: 4 threads (target='dev')
[0m18:30:00  
[0m18:30:01  1 of 20 START sql view model cobra_staging.chg_devedores ....................... [RUN]
[0m18:30:01  2 of 20 START sql view model cobra_staging.chg_emails .......................... [RUN]
[0m18:30:01  3 of 20 START sql view model cobra_staging.chg_enderecos ....................... [RUN]
[0m18:30:01  4 of 20 START sql view model cobra_staging.chg_lojas ........................... [RUN]
[0m18:30:02  2 of 20 OK created sql view model cobra_staging.chg_emails ..................... [[32mCREATE VIEW[0m in 0.90s]
[0m18:30:02  3 of 20 OK created sql view model cobra_staging.chg_enderecos .................. [[32mCREATE VIEW[0m in 0.90s]
[0m18:30:02  5 of 20 START sql view model cobra_staging.chg_pagamentos ...................... [RUN]
[0m18:30:02  6 of 20 START sql view model cobra_staging.chg_telefones ....................... [RUN]
[0m18:30:02  1 of 20 OK created sql view model cobra_staging.chg_devedores .................. [[32mCREATE VIEW[0m in 0.93s]
[0m18:30:02  4 of 20 OK created sql view model cobra_staging.chg_lojas ...................... [[32mCREATE VIEW[0m in 0.93s]
[0m18:30:02  7 of 20 START sql view model cobra_staging.stg_cadastro ........................ [RUN]
[0m18:30:02  8 of 20 START sql view model cobra_staging.stg_dividas ......................... [RUN]
[0m18:30:02  5 of 20 OK created sql view model cobra_staging.chg_pagamentos ................. [[32mCREATE VIEW[0m in 0.30s]
[0m18:30:02  8 of 20 OK created sql view model cobra_staging.stg_dividas .................... [[32mCREATE VIEW[0m in 0.27s]
[0m18:30:02  9 of 20 START sql view model cobra_staging.stg_filiais ......................... [RUN]
[0m18:30:02  10 of 20 START sql view model cobra_staging.stg_pagamentos ..................... [RUN]
[0m18:30:02  6 of 20 OK created sql view model cobra_staging.chg_telefones .................. [[32mCREATE VIEW[0m in 0.33s]
[0m18:30:02  7 of 20 OK created sql view model cobra_staging.stg_cadastro ................... [[32mCREATE VIEW[0m in 0.32s]
[0m18:30:02  11 of 20 START sql view model cobra_staging.stg_processos ...................... [RUN]
[0m18:30:02  12 of 20 START sql incremental model public.dividas ............................ [RUN]
[0m18:30:03  9 of 20 OK created sql view model cobra_staging.stg_filiais .................... [[32mCREATE VIEW[0m in 0.35s]
[0m18:30:03  10 of 20 OK created sql view model cobra_staging.stg_pagamentos ................ [[32mCREATE VIEW[0m in 0.36s]
[0m18:30:03  11 of 20 OK created sql view model cobra_staging.stg_processos ................. [[32mCREATE VIEW[0m in 0.31s]
[0m18:30:03  13 of 20 START sql incremental model public.devedores .......................... [RUN]
[0m18:30:03  14 of 20 START sql incremental model public.emails ............................. [RUN]
[0m18:30:03  15 of 20 START sql incremental model public.enderecos .......................... [RUN]
[0m18:30:03  14 of 20 OK created sql incremental model public.emails ........................ [[32mMERGE 8662[0m in 0.88s]
[0m18:30:03  16 of 20 START sql incremental model public.telefones .......................... [RUN]
[0m18:30:04  13 of 20 OK created sql incremental model public.devedores ..................... [[32mMERGE 19706[0m in 1.08s]
[0m18:30:04  17 of 20 START sql incremental model public.lojas .............................. [RUN]
[0m18:30:04  15 of 20 OK created sql incremental model public.enderecos ..................... [[32mMERGE 19706[0m in 1.14s]
[0m18:30:04  18 of 20 START sql incremental model public.pagamentos ......................... [RUN]
[0m18:30:04  17 of 20 OK created sql incremental model public.lojas ......................... [[32mMERGE 20[0m in 0.23s]
[0m18:30:04  19 of 20 START sql incremental model public.processos .......................... [RUN]
[0m18:30:04  19 of 20 OK created sql incremental model public.processos ..................... [[32mMERGE 0[0m in 0.18s]
[0m18:30:04  16 of 20 OK created sql incremental model public.telefones ..................... [[32mMERGE 19241[0m in 0.89s]
[0m18:30:05  18 of 20 OK created sql incremental model public.pagamentos .................... [[32mMERGE 49546[0m in 1.52s]
[0m18:30:10  12 of 20 OK created sql incremental model public.dividas ....................... [[32mINSERT 0 225026[0m in 7.90s]
[0m18:30:10  20 of 20 START sql incremental model cobra.tb_audit_mudancas ................... [RUN]
[0m18:30:13  20 of 20 OK created sql incremental model cobra.tb_audit_mudancas .............. [[32mINSERT 0 10[0m in 2.61s]
[0m18:30:13  
[0m18:30:13  Finished running 9 incremental models, 11 view models in 0 hours 0 minutes and 12.49 seconds (12.49s).
[0m18:30:13  
[0m18:30:13  [32mCompleted successfully[0m
[0m18:30:13  
[0m18:30:13  Done. PASS=20 WARN=0 ERROR=0 SKIP=0 NO-OP=0 TOTAL=20
qua 20 mai 2026 15:30:15 -03 - dbt finalizado com código 0
qua 20 mai 2026 15:33:40 -03 - Iniciando dbt run...
[0m18:33:43  Running with dbt=1.12.0-b1
[0m18:33:44  Registered adapter: postgres=1.10.0
[0m18:33:44  Found 20 models, 468 macros
[0m18:33:44  
[0m18:33:44  Concurrency: 4 threads (target='dev')
[0m18:33:44  
[0m18:33:45  1 of 20 START sql view model cobra_staging.chg_devedores ....................... [RUN]
[0m18:33:45  2 of 20 START sql view model cobra_staging.chg_emails .......................... [RUN]
[0m18:33:45  3 of 20 START sql view model cobra_staging.chg_enderecos ....................... [RUN]
[0m18:33:45  4 of 20 START sql view model cobra_staging.chg_lojas ........................... [RUN]
[0m18:33:46  1 of 20 OK created sql view model cobra_staging.chg_devedores .................. [[32mCREATE VIEW[0m in 0.90s]
[0m18:33:46  4 of 20 OK created sql view model cobra_staging.chg_lojas ...................... [[32mCREATE VIEW[0m in 0.91s]
[0m18:33:46  3 of 20 OK created sql view model cobra_staging.chg_enderecos .................. [[32mCREATE VIEW[0m in 0.91s]
[0m18:33:46  2 of 20 OK created sql view model cobra_staging.chg_emails ..................... [[32mCREATE VIEW[0m in 0.91s]
[0m18:33:46  5 of 20 START sql view model cobra_staging.chg_pagamentos ...................... [RUN]
[0m18:33:46  6 of 20 START sql view model cobra_staging.chg_telefones ....................... [RUN]
[0m18:33:46  7 of 20 START sql view model cobra_staging.stg_cadastro ........................ [RUN]
[0m18:33:46  8 of 20 START sql view model cobra_staging.stg_dividas ......................... [RUN]
[0m18:33:46  5 of 20 OK created sql view model cobra_staging.chg_pagamentos ................. [[32mCREATE VIEW[0m in 0.34s]
[0m18:33:46  6 of 20 OK created sql view model cobra_staging.chg_telefones .................. [[32mCREATE VIEW[0m in 0.34s]
[0m18:33:46  9 of 20 START sql view model cobra_staging.stg_filiais ......................... [RUN]
[0m18:33:46  10 of 20 START sql view model cobra_staging.stg_pagamentos ..................... [RUN]
[0m18:33:46  8 of 20 OK created sql view model cobra_staging.stg_dividas .................... [[32mCREATE VIEW[0m in 0.36s]
[0m18:33:46  7 of 20 OK created sql view model cobra_staging.stg_cadastro ................... [[32mCREATE VIEW[0m in 0.37s]
[0m18:33:46  11 of 20 START sql view model cobra_staging.stg_processos ...................... [RUN]
[0m18:33:46  12 of 20 START sql incremental model public.dividas ............................ [RUN]
[0m18:33:47  9 of 20 OK created sql view model cobra_staging.stg_filiais .................... [[32mCREATE VIEW[0m in 0.33s]
[0m18:33:47  13 of 20 START sql incremental model public.devedores .......................... [RUN]
[0m18:33:47  10 of 20 OK created sql view model cobra_staging.stg_pagamentos ................ [[32mCREATE VIEW[0m in 0.35s]
[0m18:33:47  14 of 20 START sql incremental model public.emails ............................. [RUN]
[0m18:33:47  11 of 20 OK created sql view model cobra_staging.stg_processos ................. [[32mCREATE VIEW[0m in 0.40s]
[0m18:33:47  15 of 20 START sql incremental model public.enderecos .......................... [RUN]
[0m18:33:47  14 of 20 OK created sql incremental model public.emails ........................ [[32mMERGE 8662[0m in 0.73s]
[0m18:33:47  16 of 20 START sql incremental model public.telefones .......................... [RUN]
[0m18:33:48  15 of 20 OK created sql incremental model public.enderecos ..................... [[32mMERGE 19706[0m in 0.85s]
[0m18:33:48  17 of 20 START sql incremental model public.lojas .............................. [RUN]
[0m18:33:48  13 of 20 OK created sql incremental model public.devedores ..................... [[32mMERGE 19706[0m in 1.02s]
[0m18:33:48  18 of 20 START sql incremental model public.pagamentos ......................... [RUN]
[0m18:33:48  17 of 20 OK created sql incremental model public.lojas ......................... [[32mMERGE 20[0m in 0.25s]
[0m18:33:48  19 of 20 START sql incremental model public.processos .......................... [RUN]
[0m18:33:48  19 of 20 OK created sql incremental model public.processos ..................... [[32mMERGE 0[0m in 0.20s]
[0m18:33:48  16 of 20 OK created sql incremental model public.telefones ..................... [[32mMERGE 19241[0m in 1.02s]
[0m18:33:49  18 of 20 ERROR creating sql incremental model public.pagamentos ................ [[31mERROR[0m in 0.91s]
[0m18:33:53  12 of 20 OK created sql incremental model public.dividas ....................... [[32mINSERT 0 225020[0m in 6.89s]
[0m18:33:53  20 of 20 START sql incremental model cobra.tb_audit_mudancas ................... [RUN]
[0m18:33:56  20 of 20 OK created sql incremental model cobra.tb_audit_mudancas .............. [[32mINSERT 0 11[0m in 2.51s]
[0m18:33:56  
[0m18:33:56  Finished running 9 incremental models, 11 view models in 0 hours 0 minutes and 11.40 seconds (11.40s).
[0m18:33:56  
[0m18:33:56  [31mCompleted with 1 error, 0 partial successes, and 0 warnings:[0m
[0m18:33:56  
[0m18:33:56  [[31mERROR[0m]: in model pagamentos (models/mart/pagamentos.sql)
[0m18:33:56    Database Error in model pagamentos (models/mart/pagamentos.sql)
  MERGE command cannot affect row a second time
  HINT:  Ensure that not more than one source row matches any one target row.
  compiled code at target/run/cobra_etl/models/mart/pagamentos.sql
[0m18:33:56  
[0m18:33:56    compiled code at target/compiled/cobra_etl/models/mart/pagamentos.sql
[0m18:33:56  
[0m18:33:56  Done. PASS=19 WARN=0 ERROR=1 SKIP=0 NO-OP=0 TOTAL=20
qua 20 mai 2026 15:33:57 -03 - dbt finalizado com código 0
qua 20 mai 2026 15:37:15 -03 - Iniciando dbt run...
[0m18:37:18  Running with dbt=1.12.0-b1
[0m18:37:19  Registered adapter: postgres=1.10.0
[0m18:37:20  Found 20 models, 468 macros
[0m18:37:20  
[0m18:37:20  Concurrency: 4 threads (target='dev')
[0m18:37:20  
[0m18:37:20  1 of 20 START sql view model cobra_staging.chg_devedores ....................... [RUN]
[0m18:37:20  2 of 20 START sql view model cobra_staging.chg_emails .......................... [RUN]
[0m18:37:20  3 of 20 START sql view model cobra_staging.chg_enderecos ....................... [RUN]
[0m18:37:20  4 of 20 START sql view model cobra_staging.chg_lojas ........................... [RUN]
[0m18:37:21  2 of 20 OK created sql view model cobra_staging.chg_emails ..................... [[32mCREATE VIEW[0m in 0.75s]
[0m18:37:21  4 of 20 OK created sql view model cobra_staging.chg_lojas ...................... [[32mCREATE VIEW[0m in 0.76s]
[0m18:37:21  3 of 20 OK created sql view model cobra_staging.chg_enderecos .................. [[32mCREATE VIEW[0m in 0.77s]
[0m18:37:21  5 of 20 START sql view model cobra_staging.chg_pagamentos ...................... [RUN]
[0m18:37:21  6 of 20 START sql view model cobra_staging.chg_telefones ....................... [RUN]
[0m18:37:21  1 of 20 OK created sql view model cobra_staging.chg_devedores .................. [[32mCREATE VIEW[0m in 0.79s]
[0m18:37:21  7 of 20 START sql view model cobra_staging.stg_cadastro ........................ [RUN]
[0m18:37:21  8 of 20 START sql view model cobra_staging.stg_dividas ......................... [RUN]
[0m18:37:21  5 of 20 OK created sql view model cobra_staging.chg_pagamentos ................. [[32mCREATE VIEW[0m in 0.29s]
[0m18:37:21  9 of 20 START sql view model cobra_staging.stg_filiais ......................... [RUN]
[0m18:37:21  6 of 20 OK created sql view model cobra_staging.chg_telefones .................. [[32mCREATE VIEW[0m in 0.32s]
[0m18:37:21  8 of 20 OK created sql view model cobra_staging.stg_dividas .................... [[32mCREATE VIEW[0m in 0.31s]
[0m18:37:21  7 of 20 OK created sql view model cobra_staging.stg_cadastro ................... [[32mCREATE VIEW[0m in 0.34s]
[0m18:37:21  10 of 20 START sql view model cobra_staging.stg_pagamentos ..................... [RUN]
[0m18:37:21  11 of 20 START sql view model cobra_staging.stg_processos ...................... [RUN]
[0m18:37:21  12 of 20 START sql incremental model public.dividas ............................ [RUN]
[0m18:37:22  9 of 20 OK created sql view model cobra_staging.stg_filiais .................... [[32mCREATE VIEW[0m in 0.32s]
[0m18:37:22  13 of 20 START sql incremental model public.devedores .......................... [RUN]
[0m18:37:22  10 of 20 OK created sql view model cobra_staging.stg_pagamentos ................ [[32mCREATE VIEW[0m in 0.32s]
[0m18:37:22  14 of 20 START sql incremental model public.emails ............................. [RUN]
[0m18:37:22  11 of 20 OK created sql view model cobra_staging.stg_processos ................. [[32mCREATE VIEW[0m in 0.42s]
[0m18:37:22  15 of 20 START sql incremental model public.enderecos .......................... [RUN]
[0m18:37:22  14 of 20 OK created sql incremental model public.emails ........................ [[32mMERGE 8662[0m in 0.70s]
[0m18:37:22  16 of 20 START sql incremental model public.telefones .......................... [RUN]
[0m18:37:23  13 of 20 OK created sql incremental model public.devedores ..................... [[32mMERGE 19706[0m in 0.99s]
[0m18:37:23  17 of 20 START sql incremental model public.lojas .............................. [RUN]
[0m18:37:23  15 of 20 OK created sql incremental model public.enderecos ..................... [[32mMERGE 19706[0m in 0.88s]
[0m18:37:23  18 of 20 START sql incremental model public.pagamentos ......................... [RUN]
[0m18:37:23  17 of 20 OK created sql incremental model public.lojas ......................... [[32mMERGE 20[0m in 0.24s]
[0m18:37:23  19 of 20 START sql incremental model public.processos .......................... [RUN]
[0m18:37:23  19 of 20 OK created sql incremental model public.processos ..................... [[32mMERGE 0[0m in 0.18s]
[0m18:37:23  16 of 20 OK created sql incremental model public.telefones ..................... [[32mMERGE 19241[0m in 0.87s]
[0m18:37:24  18 of 20 OK created sql incremental model public.pagamentos .................... [[32mMERGE 49548[0m in 1.45s]
[0m18:37:28  12 of 20 OK created sql incremental model public.dividas ....................... [[32mINSERT 0 225020[0m in 7.09s]
[0m18:37:28  20 of 20 START sql incremental model cobra.tb_audit_mudancas ................... [RUN]
[0m18:37:31  20 of 20 OK created sql incremental model cobra.tb_audit_mudancas .............. [[32mINSERT 0 10[0m in 2.83s]
[0m18:37:31  
[0m18:37:31  Finished running 9 incremental models, 11 view models in 0 hours 0 minutes and 11.71 seconds (11.71s).
[0m18:37:31  
[0m18:37:31  [32mCompleted successfully[0m
[0m18:37:31  
[0m18:37:31  Done. PASS=20 WARN=0 ERROR=0 SKIP=0 NO-OP=0 TOTAL=20
qua 20 mai 2026 15:37:33 -03 - dbt finalizado com código 0
qua 20 mai 2026 15:40:27 -03 - Iniciando dbt run...
[0m18:40:31  Running with dbt=1.12.0-b1
[0m18:40:32  Registered adapter: postgres=1.10.0
[0m18:40:32  Found 20 models, 468 macros
[0m18:40:32  
[0m18:40:32  Concurrency: 4 threads (target='dev')
[0m18:40:32  
[0m18:40:33  1 of 20 START sql view model cobra_staging.chg_devedores ....................... [RUN]
[0m18:40:33  2 of 20 START sql view model cobra_staging.chg_emails .......................... [RUN]
[0m18:40:33  3 of 20 START sql view model cobra_staging.chg_enderecos ....................... [RUN]
[0m18:40:33  4 of 20 START sql view model cobra_staging.chg_lojas ........................... [RUN]
[0m18:40:34  4 of 20 OK created sql view model cobra_staging.chg_lojas ...................... [[32mCREATE VIEW[0m in 0.89s]
[0m18:40:34  1 of 20 OK created sql view model cobra_staging.chg_devedores .................. [[32mCREATE VIEW[0m in 0.90s]
[0m18:40:34  3 of 20 OK created sql view model cobra_staging.chg_enderecos .................. [[32mCREATE VIEW[0m in 0.89s]
[0m18:40:34  2 of 20 OK created sql view model cobra_staging.chg_emails ..................... [[32mCREATE VIEW[0m in 0.90s]
[0m18:40:34  5 of 20 START sql view model cobra_staging.chg_pagamentos ...................... [RUN]
[0m18:40:34  6 of 20 START sql view model cobra_staging.chg_telefones ....................... [RUN]
[0m18:40:34  7 of 20 START sql view model cobra_staging.stg_cadastro ........................ [RUN]
[0m18:40:34  8 of 20 START sql view model cobra_staging.stg_dividas ......................... [RUN]
[0m18:40:34  6 of 20 OK created sql view model cobra_staging.chg_telefones .................. [[32mCREATE VIEW[0m in 0.33s]
[0m18:40:34  7 of 20 OK created sql view model cobra_staging.stg_cadastro ................... [[32mCREATE VIEW[0m in 0.34s]
[0m18:40:34  5 of 20 OK created sql view model cobra_staging.chg_pagamentos ................. [[32mCREATE VIEW[0m in 0.35s]
[0m18:40:34  8 of 20 OK created sql view model cobra_staging.stg_dividas .................... [[32mCREATE VIEW[0m in 0.35s]
[0m18:40:34  9 of 20 START sql view model cobra_staging.stg_filiais ......................... [RUN]
[0m18:40:34  10 of 20 START sql view model cobra_staging.stg_pagamentos ..................... [RUN]
[0m18:40:34  11 of 20 START sql view model cobra_staging.stg_processos ...................... [RUN]
[0m18:40:34  12 of 20 START sql incremental model public.devedores .......................... [RUN]
[0m18:40:35  9 of 20 OK created sql view model cobra_staging.stg_filiais .................... [[32mCREATE VIEW[0m in 0.44s]
[0m18:40:35  11 of 20 OK created sql view model cobra_staging.stg_processos ................. [[32mCREATE VIEW[0m in 0.45s]
[0m18:40:35  13 of 20 START sql incremental model public.emails ............................. [RUN]
[0m18:40:35  14 of 20 START sql incremental model public.enderecos .......................... [RUN]
[0m18:40:35  10 of 20 OK created sql view model cobra_staging.stg_pagamentos ................ [[32mCREATE VIEW[0m in 0.47s]
[0m18:40:35  15 of 20 START sql incremental model public.telefones .......................... [RUN]
[0m18:40:35  13 of 20 OK created sql incremental model public.emails ........................ [[32mMERGE 8661[0m in 0.46s]
[0m18:40:35  16 of 20 START sql incremental model public.dividas ............................ [RUN]
[0m18:40:35  12 of 20 OK created sql incremental model public.devedores ..................... [[32mMERGE 19705[0m in 0.96s]
[0m18:40:35  17 of 20 START sql incremental model public.lojas .............................. [RUN]
[0m18:40:35  17 of 20 OK created sql incremental model public.lojas ......................... [[32mMERGE 20[0m in 0.20s]
[0m18:40:35  14 of 20 OK created sql incremental model public.enderecos ..................... [[32mMERGE 19705[0m in 0.70s]
[0m18:40:35  18 of 20 START sql incremental model public.processos .......................... [RUN]
[0m18:40:35  19 of 20 START sql incremental model public.pagamentos ......................... [RUN]
[0m18:40:36  18 of 20 OK created sql incremental model public.processos ..................... [[32mMERGE 0[0m in 0.24s]
[0m18:40:36  15 of 20 OK created sql incremental model public.telefones ..................... [[32mMERGE 19240[0m in 0.92s]
[0m18:40:37  19 of 20 OK created sql incremental model public.pagamentos .................... [[32mMERGE 49552[0m in 1.46s]
[0m18:40:42  16 of 20 OK created sql incremental model public.dividas ....................... [[32mINSERT 0 225011[0m in 6.69s]
[0m18:40:42  20 of 20 START sql incremental model cobra.tb_audit_mudancas ................... [RUN]
[0m18:40:44  20 of 20 OK created sql incremental model cobra.tb_audit_mudancas .............. [[32mINSERT 0 10[0m in 2.59s]
[0m18:40:45  
[0m18:40:45  Finished running 9 incremental models, 11 view models in 0 hours 0 minutes and 12.16 seconds (12.16s).
[0m18:40:45  
[0m18:40:45  [32mCompleted successfully[0m
[0m18:40:45  
[0m18:40:45  Done. PASS=20 WARN=0 ERROR=0 SKIP=0 NO-OP=0 TOTAL=20
qua 20 mai 2026 15:40:46 -03 - dbt finalizado com código 0
qua 20 mai 2026 15:43:33 -03 - Iniciando dbt run...
[0m18:43:37  Running with dbt=1.12.0-b1
[0m18:43:37  Registered adapter: postgres=1.10.0
[0m18:43:38  Found 20 models, 468 macros
[0m18:43:38  
[0m18:43:38  Concurrency: 4 threads (target='dev')
[0m18:43:38  
[0m18:43:39  1 of 20 START sql view model cobra_staging.chg_devedores ....................... [RUN]
[0m18:43:39  2 of 20 START sql view model cobra_staging.chg_emails .......................... [RUN]
[0m18:43:39  3 of 20 START sql view model cobra_staging.chg_enderecos ....................... [RUN]
[0m18:43:39  4 of 20 START sql view model cobra_staging.chg_lojas ........................... [RUN]
[0m18:43:40  4 of 20 OK created sql view model cobra_staging.chg_lojas ...................... [[32mCREATE VIEW[0m in 0.88s]
[0m18:43:40  3 of 20 OK created sql view model cobra_staging.chg_enderecos .................. [[32mCREATE VIEW[0m in 0.89s]
[0m18:43:40  2 of 20 OK created sql view model cobra_staging.chg_emails ..................... [[32mCREATE VIEW[0m in 0.89s]
[0m18:43:40  5 of 20 START sql view model cobra_staging.chg_pagamentos ...................... [RUN]
[0m18:43:40  6 of 20 START sql view model cobra_staging.chg_telefones ....................... [RUN]
[0m18:43:40  7 of 20 START sql view model cobra_staging.stg_cadastro ........................ [RUN]
[0m18:43:40  1 of 20 OK created sql view model cobra_staging.chg_devedores .................. [[32mCREATE VIEW[0m in 0.92s]
[0m18:43:40  8 of 20 START sql view model cobra_staging.stg_dividas ......................... [RUN]
[0m18:43:40  7 of 20 OK created sql view model cobra_staging.stg_cadastro ................... [[32mCREATE VIEW[0m in 0.32s]
[0m18:43:40  9 of 20 START sql view model cobra_staging.stg_filiais ......................... [RUN]
[0m18:43:40  6 of 20 OK created sql view model cobra_staging.chg_telefones .................. [[32mCREATE VIEW[0m in 0.33s]
[0m18:43:40  5 of 20 OK created sql view model cobra_staging.chg_pagamentos ................. [[32mCREATE VIEW[0m in 0.35s]
[0m18:43:40  8 of 20 OK created sql view model cobra_staging.stg_dividas .................... [[32mCREATE VIEW[0m in 0.31s]
[0m18:43:40  10 of 20 START sql view model cobra_staging.stg_pagamentos ..................... [RUN]
[0m18:43:40  11 of 20 START sql view model cobra_staging.stg_processos ...................... [RUN]
[0m18:43:40  12 of 20 START sql incremental model public.devedores .......................... [RUN]
[0m18:43:40  9 of 20 OK created sql view model cobra_staging.stg_filiais .................... [[32mCREATE VIEW[0m in 0.37s]
[0m18:43:40  10 of 20 OK created sql view model cobra_staging.stg_pagamentos ................ [[32mCREATE VIEW[0m in 0.35s]
[0m18:43:40  13 of 20 START sql incremental model public.emails ............................. [RUN]
[0m18:43:40  14 of 20 START sql incremental model public.enderecos .......................... [RUN]
[0m18:43:40  11 of 20 OK created sql view model cobra_staging.stg_processos ................. [[32mCREATE VIEW[0m in 0.35s]
[0m18:43:40  15 of 20 START sql incremental model public.telefones .......................... [RUN]
[0m18:43:41  12 of 20 OK created sql incremental model public.devedores ..................... [[32mMERGE 19705[0m in 0.85s]
[0m18:43:41  13 of 20 OK created sql incremental model public.emails ........................ [[32mMERGE 8661[0m in 0.50s]
[0m18:43:41  16 of 20 START sql incremental model public.dividas ............................ [RUN]
[0m18:43:41  17 of 20 START sql incremental model public.lojas .............................. [RUN]
[0m18:43:41  14 of 20 OK created sql incremental model public.enderecos ..................... [[32mMERGE 19705[0m in 0.63s]
[0m18:43:41  18 of 20 START sql incremental model public.pagamentos ......................... [RUN]
[0m18:43:41  17 of 20 OK created sql incremental model public.lojas ......................... [[32mMERGE 20[0m in 0.25s]
[0m18:43:41  19 of 20 START sql incremental model public.processos .......................... [RUN]
[0m18:43:41  19 of 20 OK created sql incremental model public.processos ..................... [[32mMERGE 0[0m in 0.19s]
[0m18:43:41  15 of 20 OK created sql incremental model public.telefones ..................... [[32mMERGE 19240[0m in 1.04s]
[0m18:43:42  18 of 20 OK created sql incremental model public.pagamentos .................... [[32mMERGE 49553[0m in 1.42s]
[0m18:43:47  16 of 20 OK created sql incremental model public.dividas ....................... [[32mINSERT 0 225005[0m in 6.28s]
[0m18:43:47  20 of 20 START sql incremental model cobra.tb_audit_mudancas ................... [RUN]
[0m18:43:50  20 of 20 OK created sql incremental model cobra.tb_audit_mudancas .............. [[32mINSERT 0 10[0m in 3.00s]
[0m18:43:50  
[0m18:43:50  Finished running 9 incremental models, 11 view models in 0 hours 0 minutes and 12.02 seconds (12.02s).
[0m18:43:50  
[0m18:43:50  [32mCompleted successfully[0m
[0m18:43:50  
[0m18:43:50  Done. PASS=20 WARN=0 ERROR=0 SKIP=0 NO-OP=0 TOTAL=20
qua 20 mai 2026 15:43:52 -03 - dbt finalizado com código 0
qua 20 mai 2026 15:46:46 -03 - Iniciando dbt run...
[0m18:46:50  Running with dbt=1.12.0-b1
[0m18:46:51  Registered adapter: postgres=1.10.0
[0m18:46:51  Found 20 models, 468 macros
[0m18:46:51  
[0m18:46:51  Concurrency: 4 threads (target='dev')
[0m18:46:51  
[0m18:46:52  1 of 20 START sql view model cobra_staging.chg_devedores ....................... [RUN]
[0m18:46:52  2 of 20 START sql view model cobra_staging.chg_emails .......................... [RUN]
[0m18:46:52  3 of 20 START sql view model cobra_staging.chg_enderecos ....................... [RUN]
[0m18:46:52  4 of 20 START sql view model cobra_staging.chg_lojas ........................... [RUN]
[0m18:46:53  3 of 20 OK created sql view model cobra_staging.chg_enderecos .................. [[32mCREATE VIEW[0m in 0.91s]
[0m18:46:53  1 of 20 OK created sql view model cobra_staging.chg_devedores .................. [[32mCREATE VIEW[0m in 0.92s]
[0m18:46:53  2 of 20 OK created sql view model cobra_staging.chg_emails ..................... [[32mCREATE VIEW[0m in 0.92s]
[0m18:46:53  4 of 20 OK created sql view model cobra_staging.chg_lojas ...................... [[32mCREATE VIEW[0m in 0.92s]
[0m18:46:53  5 of 20 START sql view model cobra_staging.chg_pagamentos ...................... [RUN]
[0m18:46:53  6 of 20 START sql view model cobra_staging.chg_telefones ....................... [RUN]
[0m18:46:53  7 of 20 START sql view model cobra_staging.stg_cadastro ........................ [RUN]
[0m18:46:53  8 of 20 START sql view model cobra_staging.stg_dividas ......................... [RUN]
[0m18:46:53  5 of 20 OK created sql view model cobra_staging.chg_pagamentos ................. [[32mCREATE VIEW[0m in 0.32s]
[0m18:46:53  6 of 20 OK created sql view model cobra_staging.chg_telefones .................. [[32mCREATE VIEW[0m in 0.32s]
[0m18:46:53  7 of 20 OK created sql view model cobra_staging.stg_cadastro ................... [[32mCREATE VIEW[0m in 0.34s]
[0m18:46:53  8 of 20 OK created sql view model cobra_staging.stg_dividas .................... [[32mCREATE VIEW[0m in 0.34s]
[0m18:46:53  9 of 20 START sql view model cobra_staging.stg_filiais ......................... [RUN]
[0m18:46:53  10 of 20 START sql view model cobra_staging.stg_pagamentos ..................... [RUN]
[0m18:46:53  11 of 20 START sql view model cobra_staging.stg_processos ...................... [RUN]
[0m18:46:53  12 of 20 START sql incremental model public.devedores .......................... [RUN]
[0m18:46:54  10 of 20 OK created sql view model cobra_staging.stg_pagamentos ................ [[32mCREATE VIEW[0m in 0.36s]
[0m18:46:54  9 of 20 OK created sql view model cobra_staging.stg_filiais .................... [[32mCREATE VIEW[0m in 0.37s]
[0m18:46:54  13 of 20 START sql incremental model public.dividas ............................ [RUN]
[0m18:46:54  14 of 20 START sql incremental model public.emails ............................. [RUN]
[0m18:46:54  11 of 20 OK created sql view model cobra_staging.stg_processos ................. [[32mCREATE VIEW[0m in 0.40s]
[0m18:46:54  15 of 20 START sql incremental model public.enderecos .......................... [RUN]
[0m18:46:54  14 of 20 OK created sql incremental model public.emails ........................ [[32mMERGE 8661[0m in 0.53s]
[0m18:46:54  16 of 20 START sql incremental model public.telefones .......................... [RUN]
[0m18:46:54  12 of 20 OK created sql incremental model public.devedores ..................... [[32mMERGE 19705[0m in 0.96s]
[0m18:46:54  17 of 20 START sql incremental model public.pagamentos ......................... [RUN]
[0m18:46:54  15 of 20 OK created sql incremental model public.enderecos ..................... [[32mMERGE 19705[0m in 0.59s]
[0m18:46:54  18 of 20 START sql incremental model public.lojas .............................. [RUN]
[0m18:46:55  18 of 20 OK created sql incremental model public.lojas ......................... [[32mMERGE 20[0m in 0.21s]
[0m18:46:55  19 of 20 START sql incremental model public.processos .......................... [RUN]
[0m18:46:55  19 of 20 OK created sql incremental model public.processos ..................... [[32mMERGE 0[0m in 0.19s]
[0m18:46:55  17 of 20 ERROR creating sql incremental model public.pagamentos ................ [[31mERROR[0m in 0.92s]
[0m18:46:55  16 of 20 OK created sql incremental model public.telefones ..................... [[32mMERGE 19240[0m in 1.03s]
[0m18:47:01  13 of 20 OK created sql incremental model public.dividas ....................... [[32mINSERT 0 225005[0m in 7.22s]
[0m18:47:01  20 of 20 START sql incremental model cobra.tb_audit_mudancas ................... [RUN]
[0m18:47:04  20 of 20 OK created sql incremental model cobra.tb_audit_mudancas .............. [[32mINSERT 0 10[0m in 2.87s]
[0m18:47:04  
[0m18:47:04  Finished running 9 incremental models, 11 view models in 0 hours 0 minutes and 12.40 seconds (12.40s).
[0m18:47:04  
[0m18:47:04  [31mCompleted with 1 error, 0 partial successes, and 0 warnings:[0m
[0m18:47:04  
[0m18:47:04  [[31mERROR[0m]: in model pagamentos (models/mart/pagamentos.sql)
[0m18:47:04    Database Error in model pagamentos (models/mart/pagamentos.sql)
  MERGE command cannot affect row a second time
  HINT:  Ensure that not more than one source row matches any one target row.
  compiled code at target/run/cobra_etl/models/mart/pagamentos.sql
[0m18:47:04  
[0m18:47:04    compiled code at target/compiled/cobra_etl/models/mart/pagamentos.sql
[0m18:47:04  
[0m18:47:04  Done. PASS=19 WARN=0 ERROR=1 SKIP=0 NO-OP=0 TOTAL=20
qua 20 mai 2026 15:47:05 -03 - dbt finalizado com código 0
qua 20 mai 2026 15:49:52 -03 - Iniciando dbt run...
[0m18:49:56  Running with dbt=1.12.0-b1
[0m18:49:57  Registered adapter: postgres=1.10.0
[0m18:49:57  Found 20 models, 468 macros
[0m18:49:57  
[0m18:49:57  Concurrency: 4 threads (target='dev')
[0m18:49:57  
[0m18:49:58  1 of 20 START sql view model cobra_staging.chg_devedores ....................... [RUN]
[0m18:49:58  2 of 20 START sql view model cobra_staging.chg_emails .......................... [RUN]
[0m18:49:58  3 of 20 START sql view model cobra_staging.chg_enderecos ....................... [RUN]
[0m18:49:58  4 of 20 START sql view model cobra_staging.chg_lojas ........................... [RUN]
[0m18:49:59  2 of 20 OK created sql view model cobra_staging.chg_emails ..................... [[32mCREATE VIEW[0m in 0.84s]
[0m18:49:59  3 of 20 OK created sql view model cobra_staging.chg_enderecos .................. [[32mCREATE VIEW[0m in 0.84s]
[0m18:49:59  4 of 20 OK created sql view model cobra_staging.chg_lojas ...................... [[32mCREATE VIEW[0m in 0.83s]
[0m18:49:59  1 of 20 OK created sql view model cobra_staging.chg_devedores .................. [[32mCREATE VIEW[0m in 0.86s]
[0m18:49:59  5 of 20 START sql view model cobra_staging.chg_pagamentos ...................... [RUN]
[0m18:49:59  6 of 20 START sql view model cobra_staging.chg_telefones ....................... [RUN]
[0m18:49:59  7 of 20 START sql view model cobra_staging.stg_cadastro ........................ [RUN]
[0m18:49:59  8 of 20 START sql view model cobra_staging.stg_dividas ......................... [RUN]
[0m18:49:59  5 of 20 OK created sql view model cobra_staging.chg_pagamentos ................. [[32mCREATE VIEW[0m in 0.33s]
[0m18:49:59  6 of 20 OK created sql view model cobra_staging.chg_telefones .................. [[32mCREATE VIEW[0m in 0.33s]
[0m18:49:59  8 of 20 OK created sql view model cobra_staging.stg_dividas .................... [[32mCREATE VIEW[0m in 0.32s]
[0m18:49:59  7 of 20 OK created sql view model cobra_staging.stg_cadastro ................... [[32mCREATE VIEW[0m in 0.34s]
[0m18:49:59  9 of 20 START sql view model cobra_staging.stg_filiais ......................... [RUN]
[0m18:49:59  10 of 20 START sql view model cobra_staging.stg_pagamentos ..................... [RUN]
[0m18:49:59  11 of 20 START sql view model cobra_staging.stg_processos ...................... [RUN]
[0m18:49:59  12 of 20 START sql incremental model public.dividas ............................ [RUN]
[0m18:50:00  11 of 20 OK created sql view model cobra_staging.stg_processos ................. [[32mCREATE VIEW[0m in 0.38s]
[0m18:50:00  9 of 20 OK created sql view model cobra_staging.stg_filiais .................... [[32mCREATE VIEW[0m in 0.38s]
[0m18:50:00  13 of 20 START sql incremental model public.devedores .......................... [RUN]
[0m18:50:00  14 of 20 START sql incremental model public.emails ............................. [RUN]
[0m18:50:00  10 of 20 OK created sql view model cobra_staging.stg_pagamentos ................ [[32mCREATE VIEW[0m in 0.40s]
[0m18:50:00  15 of 20 START sql incremental model public.enderecos .......................... [RUN]
[0m18:50:01  14 of 20 OK created sql incremental model public.emails ........................ [[32mMERGE 8661[0m in 0.87s]
[0m18:50:01  16 of 20 START sql incremental model public.telefones .......................... [RUN]
[0m18:50:01  13 of 20 OK created sql incremental model public.devedores ..................... [[32mMERGE 19705[0m in 1.08s]
[0m18:50:01  17 of 20 START sql incremental model public.processos .......................... [RUN]
[0m18:50:01  15 of 20 OK created sql incremental model public.enderecos ..................... [[32mMERGE 19705[0m in 1.02s]
[0m18:50:01  18 of 20 START sql incremental model public.lojas .............................. [RUN]
[0m18:50:01  17 of 20 OK created sql incremental model public.processos ..................... [[32mMERGE 0[0m in 0.24s]
[0m18:50:01  19 of 20 START sql incremental model public.pagamentos ......................... [RUN]
[0m18:50:01  18 of 20 OK created sql incremental model public.lojas ......................... [[32mMERGE 20[0m in 0.24s]
[0m18:50:01  16 of 20 OK created sql incremental model public.telefones ..................... [[32mMERGE 19240[0m in 0.91s]
[0m18:50:02  19 of 20 OK created sql incremental model public.pagamentos .................... [[32mMERGE 49556[0m in 1.40s]
[0m18:50:07  12 of 20 OK created sql incremental model public.dividas ....................... [[32mINSERT 0 224998[0m in 8.11s]
[0m18:50:07  20 of 20 START sql incremental model cobra.tb_audit_mudancas ................... [RUN]
[0m18:50:10  20 of 20 OK created sql incremental model cobra.tb_audit_mudancas .............. [[32mINSERT 0 10[0m in 2.65s]
[0m18:50:10  
[0m18:50:10  Finished running 9 incremental models, 11 view models in 0 hours 0 minutes and 12.67 seconds (12.67s).
[0m18:50:10  
[0m18:50:10  [32mCompleted successfully[0m
[0m18:50:10  
[0m18:50:10  Done. PASS=20 WARN=0 ERROR=0 SKIP=0 NO-OP=0 TOTAL=20
qua 20 mai 2026 15:50:12 -03 - dbt finalizado com código 0
qua 20 mai 2026 15:53:05 -03 - Iniciando dbt run...
[0m18:53:10  Running with dbt=1.12.0-b1
[0m18:53:10  Registered adapter: postgres=1.10.0
[0m18:53:11  Found 20 models, 468 macros
[0m18:53:11  
[0m18:53:11  Concurrency: 4 threads (target='dev')
[0m18:53:11  
[0m18:53:11  1 of 20 START sql view model cobra_staging.chg_devedores ....................... [RUN]
[0m18:53:11  2 of 20 START sql view model cobra_staging.chg_emails .......................... [RUN]
[0m18:53:11  3 of 20 START sql view model cobra_staging.chg_enderecos ....................... [RUN]
[0m18:53:11  4 of 20 START sql view model cobra_staging.chg_lojas ........................... [RUN]
[0m18:53:12  2 of 20 OK created sql view model cobra_staging.chg_emails ..................... [[32mCREATE VIEW[0m in 0.82s]
[0m18:53:12  4 of 20 OK created sql view model cobra_staging.chg_lojas ...................... [[32mCREATE VIEW[0m in 0.82s]
[0m18:53:12  3 of 20 OK created sql view model cobra_staging.chg_enderecos .................. [[32mCREATE VIEW[0m in 0.84s]
[0m18:53:12  5 of 20 START sql view model cobra_staging.chg_pagamentos ...................... [RUN]
[0m18:53:12  1 of 20 OK created sql view model cobra_staging.chg_devedores .................. [[32mCREATE VIEW[0m in 0.85s]
[0m18:53:12  6 of 20 START sql view model cobra_staging.chg_telefones ....................... [RUN]
[0m18:53:12  7 of 20 START sql view model cobra_staging.stg_cadastro ........................ [RUN]
[0m18:53:12  8 of 20 START sql view model cobra_staging.stg_dividas ......................... [RUN]
[0m18:53:13  5 of 20 OK created sql view model cobra_staging.chg_pagamentos ................. [[32mCREATE VIEW[0m in 0.30s]
[0m18:53:13  7 of 20 OK created sql view model cobra_staging.stg_cadastro ................... [[32mCREATE VIEW[0m in 0.30s]
[0m18:53:13  9 of 20 START sql view model cobra_staging.stg_filiais ......................... [RUN]
[0m18:53:13  8 of 20 OK created sql view model cobra_staging.stg_dividas .................... [[32mCREATE VIEW[0m in 0.30s]
[0m18:53:13  10 of 20 START sql view model cobra_staging.stg_pagamentos ..................... [RUN]
[0m18:53:13  6 of 20 OK created sql view model cobra_staging.chg_telefones .................. [[32mCREATE VIEW[0m in 0.33s]
[0m18:53:13  11 of 20 START sql view model cobra_staging.stg_processos ...................... [RUN]
[0m18:53:13  12 of 20 START sql incremental model public.devedores .......................... [RUN]
[0m18:53:13  9 of 20 OK created sql view model cobra_staging.stg_filiais .................... [[32mCREATE VIEW[0m in 0.35s]
[0m18:53:13  10 of 20 OK created sql view model cobra_staging.stg_pagamentos ................ [[32mCREATE VIEW[0m in 0.35s]
[0m18:53:13  13 of 20 START sql incremental model public.emails ............................. [RUN]
[0m18:53:13  14 of 20 START sql incremental model public.enderecos .......................... [RUN]
[0m18:53:13  11 of 20 OK created sql view model cobra_staging.stg_processos ................. [[32mCREATE VIEW[0m in 0.47s]
[0m18:53:13  15 of 20 START sql incremental model public.telefones .......................... [RUN]
[0m18:53:13  12 of 20 OK created sql incremental model public.devedores ..................... [[32mMERGE 19704[0m in 0.86s]
[0m18:53:13  16 of 20 START sql incremental model public.dividas ............................ [RUN]
[0m18:53:14  13 of 20 OK created sql incremental model public.emails ........................ [[32mMERGE 8661[0m in 0.58s]
[0m18:53:14  17 of 20 START sql incremental model public.lojas .............................. [RUN]
[0m18:53:14  14 of 20 OK created sql incremental model public.enderecos ..................... [[32mMERGE 19704[0m in 0.68s]
[0m18:53:14  18 of 20 START sql incremental model public.pagamentos ......................... [RUN]
[0m18:53:14  17 of 20 OK created sql incremental model public.lojas ......................... [[32mMERGE 20[0m in 0.21s]
[0m18:53:14  19 of 20 START sql incremental model public.processos .......................... [RUN]
[0m18:53:14  15 of 20 OK created sql incremental model public.telefones ..................... [[32mMERGE 19239[0m in 0.86s]
[0m18:53:14  19 of 20 OK created sql incremental model public.processos ..................... [[32mMERGE 0[0m in 0.21s]
[0m18:53:15  18 of 20 OK created sql incremental model public.pagamentos .................... [[32mMERGE 49558[0m in 1.53s]
[0m18:53:21  16 of 20 OK created sql incremental model public.dividas ....................... [[32mINSERT 0 224989[0m in 7.94s]
[0m18:53:21  20 of 20 START sql incremental model cobra.tb_audit_mudancas ................... [RUN]
[0m18:53:24  20 of 20 OK created sql incremental model cobra.tb_audit_mudancas .............. [[32mINSERT 0 10[0m in 2.45s]
[0m18:53:24  
[0m18:53:24  Finished running 9 incremental models, 11 view models in 0 hours 0 minutes and 13.00 seconds (13.00s).
[0m18:53:24  
[0m18:53:24  [32mCompleted successfully[0m
[0m18:53:24  
[0m18:53:24  Done. PASS=20 WARN=0 ERROR=0 SKIP=0 NO-OP=0 TOTAL=20
qua 20 mai 2026 15:53:25 -03 - dbt finalizado com código 0
qua 20 mai 2026 15:56:25 -03 - Iniciando dbt run...
[0m18:56:29  Running with dbt=1.12.0-b1
[0m18:56:30  Registered adapter: postgres=1.10.0
[0m18:56:30  Found 20 models, 468 macros
[0m18:56:30  
[0m18:56:30  Concurrency: 4 threads (target='dev')
[0m18:56:30  
[0m18:56:31  1 of 20 START sql view model cobra_staging.chg_devedores ....................... [RUN]
[0m18:56:31  2 of 20 START sql view model cobra_staging.chg_emails .......................... [RUN]
[0m18:56:31  3 of 20 START sql view model cobra_staging.chg_enderecos ....................... [RUN]
[0m18:56:31  4 of 20 START sql view model cobra_staging.chg_lojas ........................... [RUN]
[0m18:56:32  4 of 20 OK created sql view model cobra_staging.chg_lojas ...................... [[32mCREATE VIEW[0m in 0.98s]
[0m18:56:32  2 of 20 OK created sql view model cobra_staging.chg_emails ..................... [[32mCREATE VIEW[0m in 0.99s]
[0m18:56:32  1 of 20 OK created sql view model cobra_staging.chg_devedores .................. [[32mCREATE VIEW[0m in 0.98s]
[0m18:56:32  3 of 20 OK created sql view model cobra_staging.chg_enderecos .................. [[32mCREATE VIEW[0m in 0.98s]
[0m18:56:32  5 of 20 START sql view model cobra_staging.chg_pagamentos ...................... [RUN]
[0m18:56:32  6 of 20 START sql view model cobra_staging.chg_telefones ....................... [RUN]
[0m18:56:32  7 of 20 START sql view model cobra_staging.stg_cadastro ........................ [RUN]
[0m18:56:32  8 of 20 START sql view model cobra_staging.stg_dividas ......................... [RUN]
[0m18:56:32  5 of 20 OK created sql view model cobra_staging.chg_pagamentos ................. [[32mCREATE VIEW[0m in 0.33s]
[0m18:56:32  8 of 20 OK created sql view model cobra_staging.stg_dividas .................... [[32mCREATE VIEW[0m in 0.33s]
[0m18:56:32  7 of 20 OK created sql view model cobra_staging.stg_cadastro ................... [[32mCREATE VIEW[0m in 0.34s]
[0m18:56:32  6 of 20 OK created sql view model cobra_staging.chg_telefones .................. [[32mCREATE VIEW[0m in 0.34s]
[0m18:56:32  9 of 20 START sql view model cobra_staging.stg_filiais ......................... [RUN]
[0m18:56:32  10 of 20 START sql view model cobra_staging.stg_pagamentos ..................... [RUN]
[0m18:56:32  11 of 20 START sql view model cobra_staging.stg_processos ...................... [RUN]
[0m18:56:32  12 of 20 START sql incremental model public.dividas ............................ [RUN]
[0m18:56:33  11 of 20 OK created sql view model cobra_staging.stg_processos ................. [[32mCREATE VIEW[0m in 0.40s]
[0m18:56:33  9 of 20 OK created sql view model cobra_staging.stg_filiais .................... [[32mCREATE VIEW[0m in 0.41s]
[0m18:56:33  10 of 20 OK created sql view model cobra_staging.stg_pagamentos ................ [[32mCREATE VIEW[0m in 0.42s]
[0m18:56:33  13 of 20 START sql incremental model public.devedores .......................... [RUN]
[0m18:56:33  14 of 20 START sql incremental model public.emails ............................. [RUN]
[0m18:56:33  15 of 20 START sql incremental model public.enderecos .......................... [RUN]
[0m18:56:34  14 of 20 OK created sql incremental model public.emails ........................ [[32mMERGE 8660[0m in 0.95s]
[0m18:56:34  16 of 20 START sql incremental model public.telefones .......................... [RUN]
[0m18:56:34  15 of 20 OK created sql incremental model public.enderecos ..................... [[32mMERGE 19704[0m in 1.14s]
[0m18:56:34  17 of 20 START sql incremental model public.processos .......................... [RUN]
[0m18:56:34  13 of 20 OK created sql incremental model public.devedores ..................... [[32mMERGE 19704[0m in 1.17s]
[0m18:56:34  18 of 20 START sql incremental model public.lojas .............................. [RUN]
[0m18:56:34  17 of 20 OK created sql incremental model public.processos ..................... [[32mMERGE 0[0m in 0.23s]
[0m18:56:34  18 of 20 OK created sql incremental model public.lojas ......................... [[32mMERGE 20[0m in 0.20s]
[0m18:56:34  19 of 20 START sql incremental model public.pagamentos ......................... [RUN]
[0m18:56:34  16 of 20 OK created sql incremental model public.telefones ..................... [[32mMERGE 19239[0m in 0.84s]
[0m18:56:35  19 of 20 ERROR creating sql incremental model public.pagamentos ................ [[31mERROR[0m in 1.07s]
[0m18:56:39  12 of 20 OK created sql incremental model public.dividas ....................... [[32mINSERT 0 224977[0m in 7.18s]
[0m18:56:39  20 of 20 START sql incremental model cobra.tb_audit_mudancas ................... [RUN]
[0m18:56:42  20 of 20 OK created sql incremental model cobra.tb_audit_mudancas .............. [[32mINSERT 0 10[0m in 2.50s]
[0m18:56:42  
[0m18:56:42  Finished running 9 incremental models, 11 view models in 0 hours 0 minutes and 11.58 seconds (11.58s).
[0m18:56:42  
[0m18:56:42  [31mCompleted with 1 error, 0 partial successes, and 0 warnings:[0m
[0m18:56:42  
[0m18:56:42  [[31mERROR[0m]: in model pagamentos (models/mart/pagamentos.sql)
[0m18:56:42    Database Error in model pagamentos (models/mart/pagamentos.sql)
  MERGE command cannot affect row a second time
  HINT:  Ensure that not more than one source row matches any one target row.
  compiled code at target/run/cobra_etl/models/mart/pagamentos.sql
[0m18:56:42  
[0m18:56:42    compiled code at target/compiled/cobra_etl/models/mart/pagamentos.sql
[0m18:56:42  
[0m18:56:42  Done. PASS=19 WARN=0 ERROR=1 SKIP=0 NO-OP=0 TOTAL=20
qua 20 mai 2026 15:56:44 -03 - dbt finalizado com código 0
qua 20 mai 2026 15:58:12 -03 - Iniciando dbt run...
[0m18:58:16  Running with dbt=1.12.0-b1
[0m18:58:16  Registered adapter: postgres=1.10.0
[0m18:58:17  Found 20 models, 468 macros
[0m18:58:17  
[0m18:58:17  Concurrency: 4 threads (target='dev')
[0m18:58:17  
[0m18:58:17  1 of 20 START sql view model cobra_staging.chg_devedores ....................... [RUN]
[0m18:58:17  2 of 20 START sql view model cobra_staging.chg_emails .......................... [RUN]
[0m18:58:17  3 of 20 START sql view model cobra_staging.chg_enderecos ....................... [RUN]
[0m18:58:17  4 of 20 START sql view model cobra_staging.chg_lojas ........................... [RUN]
[0m18:58:18  4 of 20 OK created sql view model cobra_staging.chg_lojas ...................... [[32mCREATE VIEW[0m in 0.83s]
[0m18:58:18  3 of 20 OK created sql view model cobra_staging.chg_enderecos .................. [[32mCREATE VIEW[0m in 0.84s]
[0m18:58:18  1 of 20 OK created sql view model cobra_staging.chg_devedores .................. [[32mCREATE VIEW[0m in 0.85s]
[0m18:58:18  2 of 20 OK created sql view model cobra_staging.chg_emails ..................... [[32mCREATE VIEW[0m in 0.85s]
[0m18:58:18  5 of 20 START sql view model cobra_staging.chg_pagamentos ...................... [RUN]
[0m18:58:18  6 of 20 START sql view model cobra_staging.chg_telefones ....................... [RUN]
[0m18:58:18  7 of 20 START sql view model cobra_staging.stg_cadastro ........................ [RUN]
[0m18:58:18  8 of 20 START sql view model cobra_staging.stg_dividas ......................... [RUN]
[0m18:58:18  7 of 20 OK created sql view model cobra_staging.stg_cadastro ................... [[32mCREATE VIEW[0m in 0.28s]
[0m18:58:18  6 of 20 OK created sql view model cobra_staging.chg_telefones .................. [[32mCREATE VIEW[0m in 0.28s]
[0m18:58:18  9 of 20 START sql view model cobra_staging.stg_filiais ......................... [RUN]
[0m18:58:18  10 of 20 START sql view model cobra_staging.stg_pagamentos ..................... [RUN]
[0m18:58:18  5 of 20 OK created sql view model cobra_staging.chg_pagamentos ................. [[32mCREATE VIEW[0m in 0.31s]
[0m18:58:18  8 of 20 OK created sql view model cobra_staging.stg_dividas .................... [[32mCREATE VIEW[0m in 0.30s]
[0m18:58:19  11 of 20 START sql view model cobra_staging.stg_processos ...................... [RUN]
[0m18:58:19  12 of 20 START sql incremental model public.devedores .......................... [RUN]
[0m18:58:19  9 of 20 OK created sql view model cobra_staging.stg_filiais .................... [[32mCREATE VIEW[0m in 0.35s]
[0m18:58:19  10 of 20 OK created sql view model cobra_staging.stg_pagamentos ................ [[32mCREATE VIEW[0m in 0.36s]
[0m18:58:19  13 of 20 START sql incremental model public.emails ............................. [RUN]
[0m18:58:19  14 of 20 START sql incremental model public.enderecos .......................... [RUN]
[0m18:58:19  11 of 20 OK created sql view model cobra_staging.stg_processos ................. [[32mCREATE VIEW[0m in 0.46s]
[0m18:58:19  15 of 20 START sql incremental model public.telefones .......................... [RUN]
[0m18:58:19  13 of 20 OK created sql incremental model public.emails ........................ [[32mMERGE 8660[0m in 0.52s]
[0m18:58:19  16 of 20 START sql incremental model public.dividas ............................ [RUN]
[0m18:58:19  12 of 20 OK created sql incremental model public.devedores ..................... [[32mMERGE 19704[0m in 0.91s]
[0m18:58:19  17 of 20 START sql incremental model public.lojas .............................. [RUN]
[0m18:58:20  14 of 20 OK created sql incremental model public.enderecos ..................... [[32mMERGE 19704[0m in 0.68s]
[0m18:58:20  18 of 20 START sql incremental model public.pagamentos ......................... [RUN]
[0m18:58:20  17 of 20 OK created sql incremental model public.lojas ......................... [[32mMERGE 20[0m in 0.22s]
[0m18:58:20  19 of 20 START sql incremental model public.processos .......................... [RUN]
[0m18:58:20  15 of 20 OK created sql incremental model public.telefones ..................... [[32mMERGE 19239[0m in 0.86s]
[0m18:58:20  19 of 20 OK created sql incremental model public.processos ..................... [[32mMERGE 0[0m in 0.20s]
[0m18:58:21  18 of 20 OK created sql incremental model public.pagamentos .................... [[32mMERGE 49560[0m in 1.48s]
[0m18:58:26  16 of 20 OK created sql incremental model public.dividas ....................... [[32mINSERT 0 224977[0m in 6.20s]
[0m18:58:26  20 of 20 START sql incremental model cobra.tb_audit_mudancas ................... [RUN]
[0m18:58:28  20 of 20 OK created sql incremental model cobra.tb_audit_mudancas .............. [[32mINSERT 0 10[0m in 2.35s]
[0m18:58:28  
[0m18:58:28  Finished running 9 incremental models, 11 view models in 0 hours 0 minutes and 11.14 seconds (11.14s).
[0m18:58:28  
[0m18:58:28  [32mCompleted successfully[0m
[0m18:58:28  
[0m18:58:28  Done. PASS=20 WARN=0 ERROR=0 SKIP=0 NO-OP=0 TOTAL=20
qua 20 mai 2026 15:58:30 -03 - dbt finalizado com código 0
qui 21 mai 2026 06:04:34 -03 - Iniciando dbt run...
[0m09:04:38  Running with dbt=1.12.0-b1
[0m09:04:39  Registered adapter: postgres=1.10.0
[0m09:04:39  Found 20 models, 468 macros
[0m09:04:39  
[0m09:04:39  Concurrency: 4 threads (target='dev')
[0m09:04:39  
[0m09:04:40  1 of 20 START sql view model cobra_staging.chg_devedores ....................... [RUN]
[0m09:04:40  2 of 20 START sql view model cobra_staging.chg_emails .......................... [RUN]
[0m09:04:40  3 of 20 START sql view model cobra_staging.chg_enderecos ....................... [RUN]
[0m09:04:40  4 of 20 START sql view model cobra_staging.chg_lojas ........................... [RUN]
[0m09:04:41  3 of 20 OK created sql view model cobra_staging.chg_enderecos .................. [[32mCREATE VIEW[0m in 0.93s]
[0m09:04:41  2 of 20 OK created sql view model cobra_staging.chg_emails ..................... [[32mCREATE VIEW[0m in 0.94s]
[0m09:04:41  4 of 20 OK created sql view model cobra_staging.chg_lojas ...................... [[32mCREATE VIEW[0m in 0.94s]
[0m09:04:41  1 of 20 OK created sql view model cobra_staging.chg_devedores .................. [[32mCREATE VIEW[0m in 0.95s]
[0m09:04:41  5 of 20 START sql view model cobra_staging.chg_pagamentos ...................... [RUN]
[0m09:04:41  6 of 20 START sql view model cobra_staging.chg_telefones ....................... [RUN]
[0m09:04:41  7 of 20 START sql view model cobra_staging.stg_cadastro ........................ [RUN]
[0m09:04:41  8 of 20 START sql view model cobra_staging.stg_dividas ......................... [RUN]
[0m09:04:41  5 of 20 OK created sql view model cobra_staging.chg_pagamentos ................. [[32mCREATE VIEW[0m in 0.31s]
[0m09:04:41  7 of 20 OK created sql view model cobra_staging.stg_cadastro ................... [[32mCREATE VIEW[0m in 0.31s]
[0m09:04:41  9 of 20 START sql view model cobra_staging.stg_filiais ......................... [RUN]
[0m09:04:41  6 of 20 OK created sql view model cobra_staging.chg_telefones .................. [[32mCREATE VIEW[0m in 0.33s]
[0m09:04:41  10 of 20 START sql view model cobra_staging.stg_pagamentos ..................... [RUN]
[0m09:04:41  8 of 20 OK created sql view model cobra_staging.stg_dividas .................... [[32mCREATE VIEW[0m in 0.34s]
[0m09:04:41  11 of 20 START sql view model cobra_staging.stg_processos ...................... [RUN]
[0m09:04:41  12 of 20 START sql incremental model public.devedores .......................... [RUN]
[0m09:04:41  9 of 20 OK created sql view model cobra_staging.stg_filiais .................... [[32mCREATE VIEW[0m in 0.33s]
[0m09:04:41  13 of 20 START sql incremental model public.emails ............................. [RUN]
[0m09:04:42  10 of 20 OK created sql view model cobra_staging.stg_pagamentos ................ [[32mCREATE VIEW[0m in 0.42s]
[0m09:04:42  14 of 20 START sql incremental model public.enderecos .......................... [RUN]
[0m09:04:42  11 of 20 OK created sql view model cobra_staging.stg_processos ................. [[32mCREATE VIEW[0m in 0.44s]
[0m09:04:42  15 of 20 START sql incremental model public.telefones .......................... [RUN]
[0m09:04:42  13 of 20 OK created sql incremental model public.emails ........................ [[32mMERGE 8666[0m in 0.53s]
[0m09:04:42  16 of 20 START sql incremental model public.dividas ............................ [RUN]
[0m09:04:42  12 of 20 OK created sql incremental model public.devedores ..................... [[32mMERGE 19709[0m in 0.93s]
[0m09:04:42  17 of 20 START sql incremental model public.lojas .............................. [RUN]
[0m09:04:42  17 of 20 OK created sql incremental model public.lojas ......................... [[32mMERGE 20[0m in 0.21s]
[0m09:04:42  18 of 20 START sql incremental model public.pagamentos ......................... [RUN]
[0m09:04:42  14 of 20 OK created sql incremental model public.enderecos ..................... [[32mMERGE 19709[0m in 0.74s]
[0m09:04:42  19 of 20 START sql incremental model public.processos .......................... [RUN]
[0m09:04:42  19 of 20 OK created sql incremental model public.processos ..................... [[32mMERGE 0[0m in 0.19s]
[0m09:04:43  15 of 20 OK created sql incremental model public.telefones ..................... [[32mMERGE 19244[0m in 1.00s]
[0m09:04:44  18 of 20 OK created sql incremental model public.pagamentos .................... [[32mMERGE 49055[0m in 1.34s]
[0m09:04:49  16 of 20 OK created sql incremental model public.dividas ....................... [[32mINSERT 0 225126[0m in 6.73s]
[0m09:04:49  20 of 20 START sql incremental model cobra.tb_audit_mudancas ................... [RUN]
[0m09:04:51  20 of 20 OK created sql incremental model cobra.tb_audit_mudancas .............. [[32mINSERT 0 10[0m in 2.37s]
[0m09:04:51  
[0m09:04:51  Finished running 9 incremental models, 11 view models in 0 hours 0 minutes and 11.83 seconds (11.83s).
[0m09:04:51  
[0m09:04:51  [32mCompleted successfully[0m
[0m09:04:51  
[0m09:04:51  Done. PASS=20 WARN=0 ERROR=0 SKIP=0 NO-OP=0 TOTAL=20
qui 21 mai 2026 06:04:53 -03 - dbt finalizado com código 0
sex 22 mai 2026 15:46:00 -03 - Iniciando dbt run...
[0m18:46:04  Running with dbt=1.12.0-b1
[0m18:46:04  Registered adapter: postgres=1.10.0
[0m18:46:05  Found 20 models, 468 macros
[0m18:46:05  
[0m18:46:05  Concurrency: 4 threads (target='dev')
[0m18:46:05  
[0m18:46:06  1 of 20 START sql view model cobra_staging.chg_devedores ....................... [RUN]
[0m18:46:06  2 of 20 START sql view model cobra_staging.chg_emails .......................... [RUN]
[0m18:46:06  3 of 20 START sql view model cobra_staging.chg_enderecos ....................... [RUN]
[0m18:46:06  4 of 20 START sql view model cobra_staging.chg_lojas ........................... [RUN]
[0m18:46:06  2 of 20 OK created sql view model cobra_staging.chg_emails ..................... [[32mCREATE VIEW[0m in 0.79s]
[0m18:46:06  3 of 20 OK created sql view model cobra_staging.chg_enderecos .................. [[32mCREATE VIEW[0m in 0.79s]
[0m18:46:06  1 of 20 OK created sql view model cobra_staging.chg_devedores .................. [[32mCREATE VIEW[0m in 0.81s]
[0m18:46:06  4 of 20 OK created sql view model cobra_staging.chg_lojas ...................... [[32mCREATE VIEW[0m in 0.81s]
[0m18:46:07  5 of 20 START sql view model cobra_staging.chg_pagamentos ...................... [RUN]
[0m18:46:07  6 of 20 START sql view model cobra_staging.chg_telefones ....................... [RUN]
[0m18:46:07  7 of 20 START sql view model cobra_staging.stg_cadastro ........................ [RUN]
[0m18:46:07  8 of 20 START sql view model cobra_staging.stg_dividas ......................... [RUN]
[0m18:46:07  5 of 20 OK created sql view model cobra_staging.chg_pagamentos ................. [[32mCREATE VIEW[0m in 0.30s]
[0m18:46:07  9 of 20 START sql view model cobra_staging.stg_filiais ......................... [RUN]
[0m18:46:07  6 of 20 OK created sql view model cobra_staging.chg_telefones .................. [[32mCREATE VIEW[0m in 0.34s]
[0m18:46:07  8 of 20 OK created sql view model cobra_staging.stg_dividas .................... [[32mCREATE VIEW[0m in 0.33s]
[0m18:46:07  7 of 20 OK created sql view model cobra_staging.stg_cadastro ................... [[32mCREATE VIEW[0m in 0.34s]
[0m18:46:07  10 of 20 START sql view model cobra_staging.stg_pagamentos ..................... [RUN]
[0m18:46:07  11 of 20 START sql view model cobra_staging.stg_processos ...................... [RUN]
[0m18:46:07  12 of 20 START sql incremental model public.dividas ............................ [RUN]
[0m18:46:07  9 of 20 OK created sql view model cobra_staging.stg_filiais .................... [[32mCREATE VIEW[0m in 0.29s]
[0m18:46:07  13 of 20 START sql incremental model public.devedores .......................... [RUN]
[0m18:46:07  11 of 20 OK created sql view model cobra_staging.stg_processos ................. [[32mCREATE VIEW[0m in 0.41s]
[0m18:46:07  10 of 20 OK created sql view model cobra_staging.stg_pagamentos ................ [[32mCREATE VIEW[0m in 0.41s]
[0m18:46:07  14 of 20 START sql incremental model public.emails ............................. [RUN]
[0m18:46:07  15 of 20 START sql incremental model public.enderecos .......................... [RUN]
[0m18:46:08  14 of 20 OK created sql incremental model public.emails ........................ [[32mMERGE 8644[0m in 0.62s]
[0m18:46:08  16 of 20 START sql incremental model public.telefones .......................... [RUN]
[0m18:46:08  13 of 20 OK created sql incremental model public.devedores ..................... [[32mMERGE 19679[0m in 0.89s]
[0m18:46:08  17 of 20 START sql incremental model public.lojas .............................. [RUN]
[0m18:46:08  15 of 20 OK created sql incremental model public.enderecos ..................... [[32mMERGE 19679[0m in 0.79s]
[0m18:46:08  18 of 20 START sql incremental model public.processos .......................... [RUN]
[0m18:46:08  17 of 20 OK created sql incremental model public.lojas ......................... [[32mMERGE 20[0m in 0.30s]
[0m18:46:08  19 of 20 START sql incremental model public.pagamentos ......................... [RUN]
[0m18:46:08  18 of 20 OK created sql incremental model public.processos ..................... [[32mMERGE 0[0m in 0.29s]
[0m18:46:09  16 of 20 OK created sql incremental model public.telefones ..................... [[32mMERGE 19214[0m in 0.98s]
[0m18:46:09  19 of 20 ERROR creating sql incremental model public.pagamentos ................ [[31mERROR[0m in 1.14s]
[0m18:46:14  12 of 20 OK created sql incremental model public.dividas ....................... [[32mINSERT 0 223713[0m in 7.31s]
[0m18:46:14  20 of 20 START sql incremental model cobra.tb_audit_mudancas ................... [RUN]
[0m18:46:17  20 of 20 OK created sql incremental model cobra.tb_audit_mudancas .............. [[32mINSERT 0 11[0m in 2.36s]
[0m18:46:17  
[0m18:46:17  Finished running 9 incremental models, 11 view models in 0 hours 0 minutes and 11.51 seconds (11.51s).
[0m18:46:17  
[0m18:46:17  [31mCompleted with 1 error, 0 partial successes, and 0 warnings:[0m
[0m18:46:17  
[0m18:46:17  [[31mERROR[0m]: in model pagamentos (models/mart/pagamentos.sql)
[0m18:46:17    Database Error in model pagamentos (models/mart/pagamentos.sql)
  MERGE command cannot affect row a second time
  HINT:  Ensure that not more than one source row matches any one target row.
  compiled code at target/run/cobra_etl/models/mart/pagamentos.sql
[0m18:46:17  
[0m18:46:17    compiled code at target/compiled/cobra_etl/models/mart/pagamentos.sql
[0m18:46:17  
[0m18:46:17  Done. PASS=19 WARN=0 ERROR=1 SKIP=0 NO-OP=0 TOTAL=20
sex 22 mai 2026 15:46:18 -03 - dbt finalizado com código 0
sáb 23 mai 2026 06:03:23 -03 - Iniciando dbt run...
[0m09:03:27  Running with dbt=1.12.0-b1
[0m09:03:27  Registered adapter: postgres=1.10.0
[0m09:03:28  Found 20 models, 468 macros
[0m09:03:28  
[0m09:03:28  Concurrency: 4 threads (target='dev')
[0m09:03:28  
[0m09:03:29  1 of 20 START sql view model cobra_staging.chg_devedores ....................... [RUN]
[0m09:03:29  2 of 20 START sql view model cobra_staging.chg_emails .......................... [RUN]
[0m09:03:29  3 of 20 START sql view model cobra_staging.chg_enderecos ....................... [RUN]
[0m09:03:29  4 of 20 START sql view model cobra_staging.chg_lojas ........................... [RUN]
[0m09:03:30  4 of 20 OK created sql view model cobra_staging.chg_lojas ...................... [[32mCREATE VIEW[0m in 0.66s]
[0m09:03:30  1 of 20 OK created sql view model cobra_staging.chg_devedores .................. [[32mCREATE VIEW[0m in 0.67s]
[0m09:03:30  3 of 20 OK created sql view model cobra_staging.chg_enderecos .................. [[32mCREATE VIEW[0m in 0.67s]
[0m09:03:30  2 of 20 OK created sql view model cobra_staging.chg_emails ..................... [[32mCREATE VIEW[0m in 0.68s]
[0m09:03:30  5 of 20 START sql view model cobra_staging.chg_pagamentos ...................... [RUN]
[0m09:03:30  6 of 20 START sql view model cobra_staging.chg_telefones ....................... [RUN]
[0m09:03:30  7 of 20 START sql view model cobra_staging.stg_cadastro ........................ [RUN]
[0m09:03:30  8 of 20 START sql view model cobra_staging.stg_dividas ......................... [RUN]
[0m09:03:30  5 of 20 OK created sql view model cobra_staging.chg_pagamentos ................. [[32mCREATE VIEW[0m in 0.32s]
[0m09:03:30  6 of 20 OK created sql view model cobra_staging.chg_telefones .................. [[32mCREATE VIEW[0m in 0.33s]
[0m09:03:30  9 of 20 START sql view model cobra_staging.stg_filiais ......................... [RUN]
[0m09:03:30  8 of 20 OK created sql view model cobra_staging.stg_dividas .................... [[32mCREATE VIEW[0m in 0.33s]
[0m09:03:30  7 of 20 OK created sql view model cobra_staging.stg_cadastro ................... [[32mCREATE VIEW[0m in 0.35s]
[0m09:03:30  10 of 20 START sql view model cobra_staging.stg_pagamentos ..................... [RUN]
[0m09:03:30  11 of 20 START sql view model cobra_staging.stg_processos ...................... [RUN]
[0m09:03:30  12 of 20 START sql incremental model public.dividas ............................ [RUN]
[0m09:03:30  11 of 20 OK created sql view model cobra_staging.stg_processos ................. [[32mCREATE VIEW[0m in 0.37s]
[0m09:03:30  9 of 20 OK created sql view model cobra_staging.stg_filiais .................... [[32mCREATE VIEW[0m in 0.40s]
[0m09:03:30  10 of 20 OK created sql view model cobra_staging.stg_pagamentos ................ [[32mCREATE VIEW[0m in 0.38s]
[0m09:03:30  13 of 20 START sql incremental model public.devedores .......................... [RUN]
[0m09:03:30  14 of 20 START sql incremental model public.emails ............................. [RUN]
[0m09:03:30  15 of 20 START sql incremental model public.enderecos .......................... [RUN]
[0m09:03:31  14 of 20 OK created sql incremental model public.emails ........................ [[32mMERGE 8652[0m in 0.98s]
[0m09:03:31  16 of 20 START sql incremental model public.telefones .......................... [RUN]
[0m09:03:32  13 of 20 OK created sql incremental model public.devedores ..................... [[32mMERGE 19686[0m in 1.22s]
[0m09:03:32  17 of 20 START sql incremental model public.processos .......................... [RUN]
[0m09:03:32  15 of 20 OK created sql incremental model public.enderecos ..................... [[32mMERGE 19686[0m in 1.24s]
[0m09:03:32  18 of 20 START sql incremental model public.lojas .............................. [RUN]
[0m09:03:32  17 of 20 OK created sql incremental model public.processos ..................... [[32mMERGE 292[0m in 0.27s]
[0m09:03:32  19 of 20 START sql incremental model public.pagamentos ......................... [RUN]
[0m09:03:32  18 of 20 OK created sql incremental model public.lojas ......................... [[32mMERGE 20[0m in 0.26s]
[0m09:03:32  16 of 20 OK created sql incremental model public.telefones ..................... [[32mMERGE 19221[0m in 0.99s]
[0m09:03:33  19 of 20 OK created sql incremental model public.pagamentos .................... [[32mMERGE 49069[0m in 1.45s]
[0m09:03:40  12 of 20 OK created sql incremental model public.dividas ....................... [[32mINSERT 0 224109[0m in 10.18s]
[0m09:03:40  20 of 20 START sql incremental model cobra.tb_audit_mudancas ................... [RUN]
[0m09:03:45  20 of 20 OK created sql incremental model cobra.tb_audit_mudancas .............. [[32mINSERT 0 10[0m in 4.86s]
[0m09:03:45  
[0m09:03:45  Finished running 9 incremental models, 11 view models in 0 hours 0 minutes and 16.89 seconds (16.89s).
[0m09:03:45  
[0m09:03:45  [32mCompleted successfully[0m
[0m09:03:45  
[0m09:03:45  Done. PASS=20 WARN=0 ERROR=0 SKIP=0 NO-OP=0 TOTAL=20
sáb 23 mai 2026 06:03:47 -03 - dbt finalizado com código 0
dom 24 mai 2026 06:03:17 -03 - Iniciando dbt run...
[0m09:03:20  Running with dbt=1.12.0-b1
[0m09:03:21  Registered adapter: postgres=1.10.0
[0m09:03:22  Found 20 models, 468 macros
[0m09:03:22  
[0m09:03:22  Concurrency: 4 threads (target='dev')
[0m09:03:22  
[0m09:03:22  1 of 20 START sql view model cobra_staging.chg_devedores ....................... [RUN]
[0m09:03:22  2 of 20 START sql view model cobra_staging.chg_emails .......................... [RUN]
[0m09:03:22  3 of 20 START sql view model cobra_staging.chg_enderecos ....................... [RUN]
[0m09:03:22  4 of 20 START sql view model cobra_staging.chg_lojas ........................... [RUN]
[0m09:03:23  1 of 20 OK created sql view model cobra_staging.chg_devedores .................. [[32mCREATE VIEW[0m in 0.86s]
[0m09:03:23  3 of 20 OK created sql view model cobra_staging.chg_enderecos .................. [[32mCREATE VIEW[0m in 0.87s]
[0m09:03:23  5 of 20 START sql view model cobra_staging.chg_pagamentos ...................... [RUN]
[0m09:03:23  6 of 20 START sql view model cobra_staging.chg_telefones ....................... [RUN]
[0m09:03:23  4 of 20 OK created sql view model cobra_staging.chg_lojas ...................... [[32mCREATE VIEW[0m in 0.89s]
[0m09:03:23  2 of 20 OK created sql view model cobra_staging.chg_emails ..................... [[32mCREATE VIEW[0m in 0.90s]
[0m09:03:23  7 of 20 START sql view model cobra_staging.stg_cadastro ........................ [RUN]
[0m09:03:23  8 of 20 START sql view model cobra_staging.stg_dividas ......................... [RUN]
[0m09:03:23  5 of 20 OK created sql view model cobra_staging.chg_pagamentos ................. [[32mCREATE VIEW[0m in 0.34s]
[0m09:03:23  6 of 20 OK created sql view model cobra_staging.chg_telefones .................. [[32mCREATE VIEW[0m in 0.34s]
[0m09:03:23  7 of 20 OK created sql view model cobra_staging.stg_cadastro ................... [[32mCREATE VIEW[0m in 0.32s]
[0m09:03:23  8 of 20 OK created sql view model cobra_staging.stg_dividas .................... [[32mCREATE VIEW[0m in 0.33s]
[0m09:03:23  9 of 20 START sql view model cobra_staging.stg_filiais ......................... [RUN]
[0m09:03:23  10 of 20 START sql view model cobra_staging.stg_pagamentos ..................... [RUN]
[0m09:03:23  11 of 20 START sql view model cobra_staging.stg_processos ...................... [RUN]
[0m09:03:23  12 of 20 START sql incremental model public.devedores .......................... [RUN]
[0m09:03:24  10 of 20 OK created sql view model cobra_staging.stg_pagamentos ................ [[32mCREATE VIEW[0m in 0.38s]
[0m09:03:24  9 of 20 OK created sql view model cobra_staging.stg_filiais .................... [[32mCREATE VIEW[0m in 0.38s]
[0m09:03:24  13 of 20 START sql incremental model public.emails ............................. [RUN]
[0m09:03:24  14 of 20 START sql incremental model public.enderecos .......................... [RUN]
[0m09:03:24  11 of 20 OK created sql view model cobra_staging.stg_processos ................. [[32mCREATE VIEW[0m in 0.39s]
[0m09:03:24  15 of 20 START sql incremental model public.telefones .......................... [RUN]
[0m09:03:24  13 of 20 OK created sql incremental model public.emails ........................ [[32mMERGE 8650[0m in 0.57s]
[0m09:03:24  12 of 20 OK created sql incremental model public.devedores ..................... [[32mMERGE 19683[0m in 0.96s]
[0m09:03:24  16 of 20 START sql incremental model public.dividas ............................ [RUN]
[0m09:03:24  17 of 20 START sql incremental model public.pagamentos ......................... [RUN]
[0m09:03:24  14 of 20 OK created sql incremental model public.enderecos ..................... [[32mMERGE 19683[0m in 0.72s]
[0m09:03:24  18 of 20 START sql incremental model public.lojas .............................. [RUN]
[0m09:03:25  18 of 20 OK created sql incremental model public.lojas ......................... [[32mMERGE 20[0m in 0.20s]
[0m09:03:25  19 of 20 START sql incremental model public.processos .......................... [RUN]
[0m09:03:25  15 of 20 OK created sql incremental model public.telefones ..................... [[32mMERGE 19218[0m in 0.99s]
[0m09:03:25  19 of 20 OK created sql incremental model public.processos ..................... [[32mMERGE 292[0m in 0.21s]
[0m09:03:26  17 of 20 OK created sql incremental model public.pagamentos .................... [[32mMERGE 49589[0m in 1.88s]
[0m09:03:31  16 of 20 OK created sql incremental model public.dividas ....................... [[32mINSERT 0 223968[0m in 6.28s]
[0m09:03:31  20 of 20 START sql incremental model cobra.tb_audit_mudancas ................... [RUN]
[0m09:03:33  20 of 20 OK created sql incremental model cobra.tb_audit_mudancas .............. [[32mINSERT 0 10[0m in 2.30s]
[0m09:03:33  
[0m09:03:33  Finished running 9 incremental models, 11 view models in 0 hours 0 minutes and 11.42 seconds (11.42s).
[0m09:03:33  
[0m09:03:33  [32mCompleted successfully[0m
[0m09:03:33  
[0m09:03:33  Done. PASS=20 WARN=0 ERROR=0 SKIP=0 NO-OP=0 TOTAL=20
dom 24 mai 2026 06:03:35 -03 - dbt finalizado com código 0
seg 25 mai 2026 06:04:33 -03 - Iniciando dbt run...
[0m09:04:37  Running with dbt=1.12.0-b1
[0m09:04:37  Registered adapter: postgres=1.10.0
[0m09:04:38  Found 20 models, 468 macros
[0m09:04:38  
[0m09:04:38  Concurrency: 4 threads (target='dev')
[0m09:04:38  
[0m09:04:38  1 of 20 START sql view model cobra_staging.chg_devedores ....................... [RUN]
[0m09:04:38  2 of 20 START sql view model cobra_staging.chg_emails .......................... [RUN]
[0m09:04:38  3 of 20 START sql view model cobra_staging.chg_enderecos ....................... [RUN]
[0m09:04:38  4 of 20 START sql view model cobra_staging.chg_lojas ........................... [RUN]
[0m09:04:39  3 of 20 OK created sql view model cobra_staging.chg_enderecos .................. [[32mCREATE VIEW[0m in 0.80s]
[0m09:04:39  2 of 20 OK created sql view model cobra_staging.chg_emails ..................... [[32mCREATE VIEW[0m in 0.80s]
[0m09:04:39  1 of 20 OK created sql view model cobra_staging.chg_devedores .................. [[32mCREATE VIEW[0m in 0.81s]
[0m09:04:39  4 of 20 OK created sql view model cobra_staging.chg_lojas ...................... [[32mCREATE VIEW[0m in 0.80s]
[0m09:04:39  5 of 20 START sql view model cobra_staging.chg_pagamentos ...................... [RUN]
[0m09:04:39  6 of 20 START sql view model cobra_staging.chg_telefones ....................... [RUN]
[0m09:04:39  7 of 20 START sql view model cobra_staging.stg_cadastro ........................ [RUN]
[0m09:04:39  8 of 20 START sql view model cobra_staging.stg_dividas ......................... [RUN]
[0m09:04:40  6 of 20 OK created sql view model cobra_staging.chg_telefones .................. [[32mCREATE VIEW[0m in 0.30s]
[0m09:04:40  8 of 20 OK created sql view model cobra_staging.stg_dividas .................... [[32mCREATE VIEW[0m in 0.31s]
[0m09:04:40  9 of 20 START sql view model cobra_staging.stg_filiais ......................... [RUN]
[0m09:04:40  7 of 20 OK created sql view model cobra_staging.stg_cadastro ................... [[32mCREATE VIEW[0m in 0.32s]
[0m09:04:40  5 of 20 OK created sql view model cobra_staging.chg_pagamentos ................. [[32mCREATE VIEW[0m in 0.33s]
[0m09:04:40  10 of 20 START sql view model cobra_staging.stg_pagamentos ..................... [RUN]
[0m09:04:40  11 of 20 START sql view model cobra_staging.stg_processos ...................... [RUN]
[0m09:04:40  12 of 20 START sql incremental model public.dividas ............................ [RUN]
[0m09:04:40  9 of 20 OK created sql view model cobra_staging.stg_filiais .................... [[32mCREATE VIEW[0m in 0.37s]
[0m09:04:40  10 of 20 OK created sql view model cobra_staging.stg_pagamentos ................ [[32mCREATE VIEW[0m in 0.35s]
[0m09:04:40  11 of 20 OK created sql view model cobra_staging.stg_processos ................. [[32mCREATE VIEW[0m in 0.36s]
[0m09:04:40  13 of 20 START sql incremental model public.devedores .......................... [RUN]
[0m09:04:40  14 of 20 START sql incremental model public.emails ............................. [RUN]
[0m09:04:40  15 of 20 START sql incremental model public.enderecos .......................... [RUN]
[0m09:04:41  14 of 20 OK created sql incremental model public.emails ........................ [[32mMERGE 8748[0m in 0.92s]
[0m09:04:41  16 of 20 START sql incremental model public.telefones .......................... [RUN]
[0m09:04:41  13 of 20 OK created sql incremental model public.devedores ..................... [[32mMERGE 19784[0m in 1.13s]
[0m09:04:41  17 of 20 START sql incremental model public.lojas .............................. [RUN]
[0m09:04:41  15 of 20 OK created sql incremental model public.enderecos ..................... [[32mMERGE 19784[0m in 1.14s]
[0m09:04:41  18 of 20 START sql incremental model public.pagamentos ......................... [RUN]
[0m09:04:41  17 of 20 OK created sql incremental model public.lojas ......................... [[32mMERGE 20[0m in 0.25s]
[0m09:04:41  19 of 20 START sql incremental model public.processos .......................... [RUN]
[0m09:04:42  19 of 20 OK created sql incremental model public.processos ..................... [[32mMERGE 292[0m in 0.20s]
[0m09:04:42  16 of 20 OK created sql incremental model public.telefones ..................... [[32mMERGE 19321[0m in 0.91s]
[0m09:04:43  18 of 20 OK created sql incremental model public.pagamentos .................... [[32mMERGE 48896[0m in 1.82s]
[0m09:04:47  12 of 20 OK created sql incremental model public.dividas ....................... [[32mINSERT 0 229121[0m in 7.77s]
[0m09:04:47  20 of 20 START sql incremental model cobra.tb_audit_mudancas ................... [RUN]
[0m09:04:50  20 of 20 OK created sql incremental model cobra.tb_audit_mudancas .............. [[32mINSERT 0 10[0m in 2.28s]
[0m09:04:50  
[0m09:04:50  Finished running 9 incremental models, 11 view models in 0 hours 0 minutes and 11.80 seconds (11.80s).
[0m09:04:50  
[0m09:04:50  [32mCompleted successfully[0m
[0m09:04:50  
[0m09:04:50  Done. PASS=20 WARN=0 ERROR=0 SKIP=0 NO-OP=0 TOTAL=20
seg 25 mai 2026 06:04:51 -03 - dbt finalizado com código 0
ter 26 mai 2026 06:03:59 -03 - Iniciando dbt run...
[0m09:04:03  Running with dbt=1.12.0-b1
[0m09:04:04  Registered adapter: postgres=1.10.0
[0m09:04:04  Found 20 models, 468 macros
[0m09:04:04  
[0m09:04:04  Concurrency: 4 threads (target='dev')
[0m09:04:04  
[0m09:04:05  1 of 20 START sql view model cobra_staging.chg_devedores ....................... [RUN]
[0m09:04:05  2 of 20 START sql view model cobra_staging.chg_emails .......................... [RUN]
[0m09:04:05  3 of 20 START sql view model cobra_staging.chg_enderecos ....................... [RUN]
[0m09:04:05  4 of 20 START sql view model cobra_staging.chg_lojas ........................... [RUN]
[0m09:04:06  4 of 20 OK created sql view model cobra_staging.chg_lojas ...................... [[32mCREATE VIEW[0m in 0.70s]
[0m09:04:06  3 of 20 OK created sql view model cobra_staging.chg_enderecos .................. [[32mCREATE VIEW[0m in 0.84s]
[0m09:04:06  1 of 20 OK created sql view model cobra_staging.chg_devedores .................. [[32mCREATE VIEW[0m in 0.86s]
[0m09:04:06  2 of 20 OK created sql view model cobra_staging.chg_emails ..................... [[32mCREATE VIEW[0m in 0.86s]
[0m09:04:06  5 of 20 START sql view model cobra_staging.chg_pagamentos ...................... [RUN]
[0m09:04:06  6 of 20 START sql view model cobra_staging.chg_telefones ....................... [RUN]
[0m09:04:06  7 of 20 START sql view model cobra_staging.stg_cadastro ........................ [RUN]
[0m09:04:06  8 of 20 START sql view model cobra_staging.stg_dividas ......................... [RUN]
[0m09:04:06  5 of 20 OK created sql view model cobra_staging.chg_pagamentos ................. [[32mCREATE VIEW[0m in 0.33s]
[0m09:04:06  6 of 20 OK created sql view model cobra_staging.chg_telefones .................. [[32mCREATE VIEW[0m in 0.34s]
[0m09:04:06  7 of 20 OK created sql view model cobra_staging.stg_cadastro ................... [[32mCREATE VIEW[0m in 0.34s]
[0m09:04:06  9 of 20 START sql view model cobra_staging.stg_filiais ......................... [RUN]
[0m09:04:06  10 of 20 START sql view model cobra_staging.stg_pagamentos ..................... [RUN]
[0m09:04:06  8 of 20 OK created sql view model cobra_staging.stg_dividas .................... [[32mCREATE VIEW[0m in 0.36s]
[0m09:04:06  11 of 20 START sql view model cobra_staging.stg_processos ...................... [RUN]
[0m09:04:06  12 of 20 START sql incremental model public.devedores .......................... [RUN]
[0m09:04:07  9 of 20 OK created sql view model cobra_staging.stg_filiais .................... [[32mCREATE VIEW[0m in 0.36s]
[0m09:04:07  13 of 20 START sql incremental model public.emails ............................. [RUN]
[0m09:04:07  10 of 20 OK created sql view model cobra_staging.stg_pagamentos ................ [[32mCREATE VIEW[0m in 0.38s]
[0m09:04:07  14 of 20 START sql incremental model public.enderecos .......................... [RUN]
[0m09:04:07  11 of 20 OK created sql view model cobra_staging.stg_processos ................. [[32mCREATE VIEW[0m in 0.48s]
[0m09:04:07  15 of 20 START sql incremental model public.telefones .......................... [RUN]
[0m09:04:07  12 of 20 OK created sql incremental model public.devedores ..................... [[32mMERGE 19760[0m in 0.92s]
[0m09:04:07  16 of 20 START sql incremental model public.dividas ............................ [RUN]
[0m09:04:07  13 of 20 OK created sql incremental model public.emails ........................ [[32mMERGE 8729[0m in 0.61s]
[0m09:04:07  17 of 20 START sql incremental model public.lojas .............................. [RUN]
[0m09:04:07  14 of 20 OK created sql incremental model public.enderecos ..................... [[32mMERGE 19760[0m in 0.72s]
[0m09:04:07  18 of 20 START sql incremental model public.pagamentos ......................... [RUN]
[0m09:04:07  15 of 20 OK created sql incremental model public.telefones ..................... [[32mMERGE 19297[0m in 0.73s]
[0m09:04:07  17 of 20 OK created sql incremental model public.lojas ......................... [[32mMERGE 20[0m in 0.23s]
[0m09:04:07  19 of 20 START sql incremental model public.processos .......................... [RUN]
[0m09:04:08  19 of 20 OK created sql incremental model public.processos ..................... [[32mMERGE 292[0m in 0.18s]
[0m09:04:09  18 of 20 OK created sql incremental model public.pagamentos .................... [[32mMERGE 49151[0m in 1.73s]
[0m09:04:18  16 of 20 OK created sql incremental model public.dividas ....................... [[32mINSERT 0 227337[0m in 11.18s]
[0m09:04:18  20 of 20 START sql incremental model cobra.tb_audit_mudancas ................... [RUN]
[0m09:04:23  20 of 20 OK created sql incremental model cobra.tb_audit_mudancas .............. [[32mINSERT 0 10[0m in 5.09s]
[0m09:04:24  
[0m09:04:24  Finished running 9 incremental models, 11 view models in 0 hours 0 minutes and 19.06 seconds (19.06s).
[0m09:04:24  
[0m09:04:24  [32mCompleted successfully[0m
[0m09:04:24  
[0m09:04:24  Done. PASS=20 WARN=0 ERROR=0 SKIP=0 NO-OP=0 TOTAL=20
ter 26 mai 2026 06:04:25 -03 - dbt finalizado com código 0
qua 27 mai 2026 06:04:29 -03 - Iniciando dbt run...
[0m09:04:33  Running with dbt=1.12.0-b1
[0m09:04:33  Registered adapter: postgres=1.10.0
[0m09:04:34  Found 20 models, 468 macros
[0m09:04:34  
[0m09:04:34  Concurrency: 4 threads (target='dev')
[0m09:04:34  
[0m09:04:35  1 of 20 START sql view model cobra_staging.chg_devedores ....................... [RUN]
[0m09:04:35  2 of 20 START sql view model cobra_staging.chg_emails .......................... [RUN]
[0m09:04:35  3 of 20 START sql view model cobra_staging.chg_enderecos ....................... [RUN]
[0m09:04:35  4 of 20 START sql view model cobra_staging.chg_lojas ........................... [RUN]
[0m09:04:36  1 of 20 OK created sql view model cobra_staging.chg_devedores .................. [[32mCREATE VIEW[0m in 0.91s]
[0m09:04:36  4 of 20 OK created sql view model cobra_staging.chg_lojas ...................... [[32mCREATE VIEW[0m in 0.92s]
[0m09:04:36  3 of 20 OK created sql view model cobra_staging.chg_enderecos .................. [[32mCREATE VIEW[0m in 0.92s]
[0m09:04:36  2 of 20 OK created sql view model cobra_staging.chg_emails ..................... [[32mCREATE VIEW[0m in 0.92s]
[0m09:04:36  5 of 20 START sql view model cobra_staging.chg_pagamentos ...................... [RUN]
[0m09:04:36  6 of 20 START sql view model cobra_staging.chg_telefones ....................... [RUN]
[0m09:04:36  7 of 20 START sql view model cobra_staging.stg_cadastro ........................ [RUN]
[0m09:04:36  8 of 20 START sql view model cobra_staging.stg_dividas ......................... [RUN]
[0m09:04:36  8 of 20 OK created sql view model cobra_staging.stg_dividas .................... [[32mCREATE VIEW[0m in 0.32s]
[0m09:04:36  5 of 20 OK created sql view model cobra_staging.chg_pagamentos ................. [[32mCREATE VIEW[0m in 0.33s]
[0m09:04:36  6 of 20 OK created sql view model cobra_staging.chg_telefones .................. [[32mCREATE VIEW[0m in 0.34s]
[0m09:04:36  9 of 20 START sql view model cobra_staging.stg_filiais ......................... [RUN]
[0m09:04:36  7 of 20 OK created sql view model cobra_staging.stg_cadastro ................... [[32mCREATE VIEW[0m in 0.35s]
[0m09:04:36  10 of 20 START sql view model cobra_staging.stg_pagamentos ..................... [RUN]
[0m09:04:36  11 of 20 START sql view model cobra_staging.stg_processos ...................... [RUN]
[0m09:04:36  12 of 20 START sql incremental model public.dividas ............................ [RUN]
[0m09:04:36  9 of 20 OK created sql view model cobra_staging.stg_filiais .................... [[32mCREATE VIEW[0m in 0.26s]
[0m09:04:36  13 of 20 START sql incremental model public.devedores .......................... [RUN]
[0m09:04:36  11 of 20 OK created sql view model cobra_staging.stg_processos ................. [[32mCREATE VIEW[0m in 0.43s]
[0m09:04:36  10 of 20 OK created sql view model cobra_staging.stg_pagamentos ................ [[32mCREATE VIEW[0m in 0.44s]
[0m09:04:36  14 of 20 START sql incremental model public.emails ............................. [RUN]
[0m09:04:36  15 of 20 START sql incremental model public.enderecos .......................... [RUN]
[0m09:04:37  14 of 20 OK created sql incremental model public.emails ........................ [[32mMERGE 8723[0m in 0.59s]
[0m09:04:37  16 of 20 START sql incremental model public.telefones .......................... [RUN]
[0m09:04:37  13 of 20 OK created sql incremental model public.devedores ..................... [[32mMERGE 19754[0m in 0.86s]
[0m09:04:37  17 of 20 START sql incremental model public.lojas .............................. [RUN]
[0m09:04:37  15 of 20 OK created sql incremental model public.enderecos ..................... [[32mMERGE 19754[0m in 0.73s]
[0m09:04:37  18 of 20 START sql incremental model public.processos .......................... [RUN]
[0m09:04:37  17 of 20 OK created sql incremental model public.lojas ......................... [[32mMERGE 20[0m in 0.24s]
[0m09:04:37  19 of 20 START sql incremental model public.pagamentos ......................... [RUN]
[0m09:04:38  18 of 20 OK created sql incremental model public.processos ..................... [[32mMERGE 292[0m in 0.26s]
[0m09:04:38  16 of 20 OK created sql incremental model public.telefones ..................... [[32mMERGE 19290[0m in 0.62s]
[0m09:04:39  19 of 20 OK created sql incremental model public.pagamentos .................... [[32mMERGE 49317[0m in 1.78s]
[0m09:04:46  12 of 20 OK created sql incremental model public.dividas ....................... [[32mINSERT 0 226420[0m in 9.66s]
[0m09:04:46  20 of 20 START sql incremental model cobra.tb_audit_mudancas ................... [RUN]
[0m09:04:51  20 of 20 OK created sql incremental model cobra.tb_audit_mudancas .............. [[32mINSERT 0 10[0m in 4.80s]
[0m09:04:51  
[0m09:04:51  Finished running 9 incremental models, 11 view models in 0 hours 0 minutes and 16.39 seconds (16.39s).
[0m09:04:51  
[0m09:04:51  [32mCompleted successfully[0m
[0m09:04:51  
[0m09:04:51  Done. PASS=20 WARN=0 ERROR=0 SKIP=0 NO-OP=0 TOTAL=20
qua 27 mai 2026 06:04:52 -03 - dbt finalizado com código 0
qui 28 mai 2026 06:04:11 -03 - Iniciando dbt run...
[0m09:04:15  Running with dbt=1.12.0-b1
[0m09:04:16  Registered adapter: postgres=1.10.0
[0m09:04:16  Found 20 models, 468 macros
[0m09:04:16  
[0m09:04:16  Concurrency: 4 threads (target='dev')
[0m09:04:16  
[0m09:04:17  1 of 20 START sql view model cobra_staging.chg_devedores ....................... [RUN]
[0m09:04:17  2 of 20 START sql view model cobra_staging.chg_emails .......................... [RUN]
[0m09:04:17  3 of 20 START sql view model cobra_staging.chg_enderecos ....................... [RUN]
[0m09:04:17  4 of 20 START sql view model cobra_staging.chg_lojas ........................... [RUN]
[0m09:04:18  2 of 20 OK created sql view model cobra_staging.chg_emails ..................... [[32mCREATE VIEW[0m in 0.75s]
[0m09:04:18  4 of 20 OK created sql view model cobra_staging.chg_lojas ...................... [[32mCREATE VIEW[0m in 0.62s]
[0m09:04:18  5 of 20 START sql view model cobra_staging.chg_pagamentos ...................... [RUN]
[0m09:04:18  6 of 20 START sql view model cobra_staging.chg_telefones ....................... [RUN]
[0m09:04:18  1 of 20 OK created sql view model cobra_staging.chg_devedores .................. [[32mCREATE VIEW[0m in 0.81s]
[0m09:04:18  3 of 20 OK created sql view model cobra_staging.chg_enderecos .................. [[32mCREATE VIEW[0m in 0.80s]
[0m09:04:18  7 of 20 START sql view model cobra_staging.stg_cadastro ........................ [RUN]
[0m09:04:18  8 of 20 START sql view model cobra_staging.stg_dividas ......................... [RUN]
[0m09:04:18  5 of 20 OK created sql view model cobra_staging.chg_pagamentos ................. [[32mCREATE VIEW[0m in 0.28s]
[0m09:04:18  9 of 20 START sql view model cobra_staging.stg_filiais ......................... [RUN]
[0m09:04:18  6 of 20 OK created sql view model cobra_staging.chg_telefones .................. [[32mCREATE VIEW[0m in 0.30s]
[0m09:04:18  7 of 20 OK created sql view model cobra_staging.stg_cadastro ................... [[32mCREATE VIEW[0m in 0.29s]
[0m09:04:18  8 of 20 OK created sql view model cobra_staging.stg_dividas .................... [[32mCREATE VIEW[0m in 0.30s]
[0m09:04:18  10 of 20 START sql view model cobra_staging.stg_pagamentos ..................... [RUN]
[0m09:04:18  11 of 20 START sql view model cobra_staging.stg_processos ...................... [RUN]
[0m09:04:18  12 of 20 START sql incremental model public.devedores .......................... [RUN]
[0m09:04:18  9 of 20 OK created sql view model cobra_staging.stg_filiais .................... [[32mCREATE VIEW[0m in 0.32s]
[0m09:04:18  13 of 20 START sql incremental model public.emails ............................. [RUN]
[0m09:04:19  10 of 20 OK created sql view model cobra_staging.stg_pagamentos ................ [[32mCREATE VIEW[0m in 0.46s]
[0m09:04:19  11 of 20 OK created sql view model cobra_staging.stg_processos ................. [[32mCREATE VIEW[0m in 0.44s]
[0m09:04:19  14 of 20 START sql incremental model public.enderecos .......................... [RUN]
[0m09:04:19  15 of 20 START sql incremental model public.telefones .......................... [RUN]
[0m09:04:19  13 of 20 OK created sql incremental model public.emails ........................ [[32mMERGE 8731[0m in 0.61s]
[0m09:04:19  16 of 20 START sql incremental model public.dividas ............................ [RUN]
[0m09:04:19  12 of 20 OK created sql incremental model public.devedores ..................... [[32mMERGE 19756[0m in 0.93s]
[0m09:04:19  17 of 20 START sql incremental model public.lojas .............................. [RUN]
[0m09:04:19  17 of 20 OK created sql incremental model public.lojas ......................... [[32mMERGE 20[0m in 0.20s]
[0m09:04:19  18 of 20 START sql incremental model public.pagamentos ......................... [RUN]
[0m09:04:19  14 of 20 OK created sql incremental model public.enderecos ..................... [[32mMERGE 19756[0m in 0.75s]
[0m09:04:19  19 of 20 START sql incremental model public.processos .......................... [RUN]
[0m09:04:20  19 of 20 OK created sql incremental model public.processos ..................... [[32mMERGE 292[0m in 0.20s]
[0m09:04:20  15 of 20 OK created sql incremental model public.telefones ..................... [[32mMERGE 19294[0m in 1.10s]
[0m09:04:21  18 of 20 OK created sql incremental model public.pagamentos .................... [[32mMERGE 49227[0m in 1.93s]
[0m09:04:26  16 of 20 OK created sql incremental model public.dividas ....................... [[32mINSERT 0 226271[0m in 6.47s]
[0m09:04:26  20 of 20 START sql incremental model cobra.tb_audit_mudancas ................... [RUN]
[0m09:04:28  20 of 20 OK created sql incremental model cobra.tb_audit_mudancas .............. [[32mINSERT 0 10[0m in 2.58s]
[0m09:04:28  
[0m09:04:28  Finished running 9 incremental models, 11 view models in 0 hours 0 minutes and 11.72 seconds (11.72s).
[0m09:04:28  
[0m09:04:28  [32mCompleted successfully[0m
[0m09:04:28  
[0m09:04:28  Done. PASS=20 WARN=0 ERROR=0 SKIP=0 NO-OP=0 TOTAL=20
qui 28 mai 2026 06:04:30 -03 - dbt finalizado com código 0
sex 29 mai 2026 06:04:08 -03 - Iniciando dbt run...
sex 29 mai 2026 06:04:08 -03 - Iniciando dbt run...
[0m09:04:12  Running with dbt=1.12.0-b1
[0m09:04:12  Running with dbt=1.12.0-b1
[0m09:04:12  Registered adapter: postgres=1.10.0
[0m09:04:12  Registered adapter: postgres=1.10.0
[0m09:04:13  Found 20 models, 468 macros
[0m09:04:13  
[0m09:04:13  Concurrency: 4 threads (target='dev')
[0m09:04:13  
[0m09:04:13  Found 20 models, 468 macros
[0m09:04:13  
[0m09:04:13  Concurrency: 4 threads (target='dev')
[0m09:04:13  
[0m09:04:13  1 of 20 START sql view model cobra_staging.chg_devedores ....................... [RUN]
[0m09:04:13  2 of 20 START sql view model cobra_staging.chg_emails .......................... [RUN]
[0m09:04:13  3 of 20 START sql view model cobra_staging.chg_enderecos ....................... [RUN]
[0m09:04:13  4 of 20 START sql view model cobra_staging.chg_lojas ........................... [RUN]
[0m09:04:14  1 of 20 START sql view model cobra_staging.chg_devedores ....................... [RUN]
[0m09:04:14  2 of 20 START sql view model cobra_staging.chg_emails .......................... [RUN]
[0m09:04:14  3 of 20 START sql view model cobra_staging.chg_enderecos ....................... [RUN]
[0m09:04:14  4 of 20 START sql view model cobra_staging.chg_lojas ........................... [RUN]
[0m09:04:14  1 of 20 ERROR creating sql view model cobra_staging.chg_devedores .............. [[31mERROR[0m in 0.46s]
[0m09:04:14  5 of 20 START sql view model cobra_staging.chg_pagamentos ...................... [RUN]
[0m09:04:14  1 of 20 OK created sql view model cobra_staging.chg_devedores .................. [[32mCREATE VIEW[0m in 0.97s]
[0m09:04:14  3 of 20 OK created sql view model cobra_staging.chg_enderecos .................. [[32mCREATE VIEW[0m in 0.98s]
[0m09:04:14  3 of 20 ERROR creating sql view model cobra_staging.chg_enderecos .............. [[31mERROR[0m in 0.54s]
[0m09:04:14  5 of 20 START sql view model cobra_staging.chg_pagamentos ...................... [RUN]
[0m09:04:14  6 of 20 START sql view model cobra_staging.chg_telefones ....................... [RUN]
[0m09:04:14  4 of 20 OK created sql view model cobra_staging.chg_lojas ...................... [[32mCREATE VIEW[0m in 0.99s]
[0m09:04:14  2 of 20 OK created sql view model cobra_staging.chg_emails ..................... [[32mCREATE VIEW[0m in 1.01s]
[0m09:04:14  6 of 20 START sql view model cobra_staging.chg_telefones ....................... [RUN]
[0m09:04:14  7 of 20 START sql view model cobra_staging.stg_cadastro ........................ [RUN]
[0m09:04:14  8 of 20 START sql view model cobra_staging.stg_dividas ......................... [RUN]
[0m09:04:15  4 of 20 OK created sql view model cobra_staging.chg_lojas ...................... [[32mCREATE VIEW[0m in 0.82s]
[0m09:04:15  2 of 20 OK created sql view model cobra_staging.chg_emails ..................... [[32mCREATE VIEW[0m in 0.82s]
[0m09:04:15  7 of 20 START sql view model cobra_staging.stg_cadastro ........................ [RUN]
[0m09:04:15  8 of 20 START sql view model cobra_staging.stg_dividas ......................... [RUN]
[0m09:04:15  5 of 20 OK created sql view model cobra_staging.chg_pagamentos ................. [[32mCREATE VIEW[0m in 0.36s]
[0m09:04:15  9 of 20 START sql view model cobra_staging.stg_filiais ......................... [RUN]
[0m09:04:15  6 of 20 OK created sql view model cobra_staging.chg_telefones .................. [[32mCREATE VIEW[0m in 0.31s]
[0m09:04:15  9 of 20 START sql view model cobra_staging.stg_filiais ......................... [RUN]
[0m09:04:15  7 of 20 OK created sql view model cobra_staging.stg_cadastro ................... [[32mCREATE VIEW[0m in 0.31s]
[0m09:04:15  8 of 20 OK created sql view model cobra_staging.stg_dividas .................... [[32mCREATE VIEW[0m in 0.29s]
[0m09:04:15  10 of 20 START sql view model cobra_staging.stg_pagamentos ..................... [RUN]
[0m09:04:15  11 of 20 START sql view model cobra_staging.stg_processos ...................... [RUN]
[0m09:04:15  6 of 20 OK created sql view model cobra_staging.chg_telefones .................. [[32mCREATE VIEW[0m in 0.40s]
[0m09:04:15  10 of 20 START sql view model cobra_staging.stg_pagamentos ..................... [RUN]
[0m09:04:15  5 of 20 OK created sql view model cobra_staging.chg_pagamentos ................. [[32mCREATE VIEW[0m in 0.42s]
[0m09:04:15  12 of 20 START sql incremental model public.devedores .......................... [RUN]
[0m09:04:15  8 of 20 OK created sql view model cobra_staging.stg_dividas .................... [[32mCREATE VIEW[0m in 0.32s]
[0m09:04:15  7 of 20 OK created sql view model cobra_staging.stg_cadastro ................... [[32mCREATE VIEW[0m in 0.34s]
[0m09:04:15  9 of 20 OK created sql view model cobra_staging.stg_filiais .................... [[32mCREATE VIEW[0m in 0.31s]
[0m09:04:15  11 of 20 START sql view model cobra_staging.stg_processos ...................... [RUN]
[0m09:04:15  12 of 20 START sql incremental model public.dividas ............................ [RUN]
[0m09:04:15  13 of 20 START sql incremental model public.devedores .......................... [RUN]
[0m09:04:15  10 of 20 OK created sql view model cobra_staging.stg_pagamentos ................ [[32mCREATE VIEW[0m in 0.25s]
[0m09:04:15  14 of 20 START sql incremental model public.emails ............................. [RUN]
[0m09:04:15  11 of 20 OK created sql view model cobra_staging.stg_processos ................. [[32mCREATE VIEW[0m in 0.38s]
[0m09:04:15  13 of 20 START sql incremental model public.emails ............................. [RUN]
[0m09:04:15  9 of 20 OK created sql view model cobra_staging.stg_filiais .................... [[32mCREATE VIEW[0m in 0.43s]
[0m09:04:15  10 of 20 OK created sql view model cobra_staging.stg_pagamentos ................ [[32mCREATE VIEW[0m in 0.40s]
[0m09:04:15  14 of 20 START sql incremental model public.enderecos .......................... [RUN]
[0m09:04:15  15 of 20 START sql incremental model public.telefones .......................... [RUN]
[0m09:04:15  11 of 20 OK created sql view model cobra_staging.stg_processos ................. [[32mCREATE VIEW[0m in 0.44s]
[0m09:04:15  15 of 20 START sql incremental model public.enderecos .......................... [RUN]
[0m09:04:16  13 of 20 OK created sql incremental model public.emails ........................ [[32mMERGE 8703[0m in 0.68s]
[0m09:04:16  16 of 20 START sql incremental model public.dividas ............................ [RUN]
[0m09:04:16  12 of 20 OK created sql incremental model public.devedores ..................... [[32mMERGE 19725[0m in 1.05s]
[0m09:04:16  17 of 20 START sql incremental model public.processos .......................... [RUN]
[0m09:04:16  14 of 20 OK created sql incremental model public.emails ........................ [[32mMERGE 8703[0m in 0.83s]
[0m09:04:16  16 of 20 START sql incremental model public.lojas .............................. [RUN]
[0m09:04:16  14 of 20 OK created sql incremental model public.enderecos ..................... [[32mMERGE 19725[0m in 0.83s]
[0m09:04:16  18 of 20 START sql incremental model public.lojas .............................. [RUN]
[0m09:04:16  17 of 20 OK created sql incremental model public.processos ..................... [[32mMERGE 292[0m in 0.23s]
[0m09:04:16  19 of 20 START sql incremental model public.pagamentos ......................... [RUN]
[0m09:04:16  16 of 20 OK created sql incremental model public.lojas ......................... [[32mMERGE 20[0m in 0.20s]
[0m09:04:16  17 of 20 START sql incremental model public.telefones .......................... [RUN]
[0m09:04:16  18 of 20 OK created sql incremental model public.lojas ......................... [[32mMERGE 20[0m in 0.24s]
[0m09:04:16  15 of 20 OK created sql incremental model public.telefones ..................... [[32mMERGE 19264[0m in 1.15s]
[0m09:04:17  13 of 20 OK created sql incremental model public.devedores ..................... [[32mMERGE 19725[0m in 2.09s]
[0m09:04:17  18 of 20 START sql incremental model public.pagamentos ......................... [RUN]
[0m09:04:17  15 of 20 OK created sql incremental model public.enderecos ..................... [[32mMERGE 19725[0m in 1.80s]
[0m09:04:17  19 of 20 START sql incremental model public.processos .......................... [RUN]
[0m09:04:17  17 of 20 OK created sql incremental model public.telefones ..................... [[32mMERGE 19264[0m in 1.18s]
[0m09:04:17  19 of 20 OK created sql incremental model public.processos ..................... [[32mMERGE 292[0m in 0.21s]
[0m09:04:18  19 of 20 OK created sql incremental model public.pagamentos .................... [[32mMERGE 48984[0m in 1.68s]
[0m09:04:19  18 of 20 OK created sql incremental model public.pagamentos .................... [[32mMERGE 48984[0m in 1.71s]
[0m09:04:23  12 of 20 OK created sql incremental model public.dividas ....................... [[32mINSERT 0 224601[0m in 7.77s]
[0m09:04:23  20 of 20 SKIP relation cobra.audit_mudancas .................................... [[33mSKIP[0m]
[0m09:04:23  
[0m09:04:23  Finished running 9 incremental models, 11 view models in 0 hours 0 minutes and 9.70 seconds (9.70s).
[0m09:04:23  
[0m09:04:23  [31mCompleted with 2 errors, 0 partial successes, and 0 warnings:[0m
[0m09:04:23  
[0m09:04:23  [[31mERROR[0m]: in model chg_devedores (models/staging/chg_devedores.sql)
[0m09:04:23    Database Error in model chg_devedores (models/staging/chg_devedores.sql)
  relation "chg_devedores__dbt_backup" already exists
  compiled code at target/run/cobra_etl/models/staging/chg_devedores.sql
[0m09:04:23  
[0m09:04:23    compiled code at target/compiled/cobra_etl/models/staging/chg_devedores.sql
[0m09:04:23  
[0m09:04:23  [[31mERROR[0m]: in model chg_enderecos (models/staging/chg_enderecos.sql)
[0m09:04:23    Database Error in model chg_enderecos (models/staging/chg_enderecos.sql)
  relation "chg_enderecos__dbt_backup" already exists
  compiled code at target/run/cobra_etl/models/staging/chg_enderecos.sql
[0m09:04:23  
[0m09:04:23    compiled code at target/compiled/cobra_etl/models/staging/chg_enderecos.sql
[0m09:04:23  
[0m09:04:23  Done. PASS=17 WARN=0 ERROR=2 SKIP=1 NO-OP=0 TOTAL=20
sex 29 mai 2026 06:04:24 -03 - dbt finalizado com código 0
[0m09:04:29  16 of 20 OK created sql incremental model public.dividas ....................... [[32mINSERT 0 224601[0m in 13.28s]
[0m09:04:29  20 of 20 START sql incremental model cobra.tb_audit_mudancas ................... [RUN]
[0m09:04:32  20 of 20 OK created sql incremental model cobra.tb_audit_mudancas .............. [[32mINSERT 0 10[0m in 3.23s]
[0m09:04:32  
[0m09:04:32  Finished running 9 incremental models, 11 view models in 0 hours 0 minutes and 19.57 seconds (19.57s).
[0m09:04:32  
[0m09:04:32  [32mCompleted successfully[0m
[0m09:04:32  
[0m09:04:32  Done. PASS=20 WARN=0 ERROR=0 SKIP=0 NO-OP=0 TOTAL=20
sex 29 mai 2026 06:04:34 -03 - dbt finalizado com código 0
sáb 30 mai 2026 06:04:32 -03 - Iniciando dbt run...
[0m09:04:36  Running with dbt=1.12.0-b1
[0m09:04:37  Registered adapter: postgres=1.10.0
[0m09:04:37  Found 20 models, 468 macros
[0m09:04:37  
[0m09:04:37  Concurrency: 4 threads (target='dev')
[0m09:04:37  
[0m09:04:38  1 of 20 START sql view model cobra_staging.chg_devedores ....................... [RUN]
[0m09:04:38  2 of 20 START sql view model cobra_staging.chg_emails .......................... [RUN]
[0m09:04:38  3 of 20 START sql view model cobra_staging.chg_enderecos ....................... [RUN]
[0m09:04:38  4 of 20 START sql view model cobra_staging.chg_lojas ........................... [RUN]
[0m09:04:39  4 of 20 OK created sql view model cobra_staging.chg_lojas ...................... [[32mCREATE VIEW[0m in 0.64s]
[0m09:04:39  1 of 20 OK created sql view model cobra_staging.chg_devedores .................. [[32mCREATE VIEW[0m in 0.66s]
[0m09:04:39  3 of 20 OK created sql view model cobra_staging.chg_enderecos .................. [[32mCREATE VIEW[0m in 0.66s]
[0m09:04:39  2 of 20 OK created sql view model cobra_staging.chg_emails ..................... [[32mCREATE VIEW[0m in 0.68s]
[0m09:04:39  5 of 20 START sql view model cobra_staging.chg_pagamentos ...................... [RUN]
[0m09:04:39  6 of 20 START sql view model cobra_staging.chg_telefones ....................... [RUN]
[0m09:04:39  7 of 20 START sql view model cobra_staging.stg_cadastro ........................ [RUN]
[0m09:04:39  8 of 20 START sql view model cobra_staging.stg_dividas ......................... [RUN]
[0m09:04:39  5 of 20 OK created sql view model cobra_staging.chg_pagamentos ................. [[32mCREATE VIEW[0m in 0.31s]
[0m09:04:39  6 of 20 OK created sql view model cobra_staging.chg_telefones .................. [[32mCREATE VIEW[0m in 0.32s]
[0m09:04:39  7 of 20 OK created sql view model cobra_staging.stg_cadastro ................... [[32mCREATE VIEW[0m in 0.32s]
[0m09:04:39  8 of 20 OK created sql view model cobra_staging.stg_dividas .................... [[32mCREATE VIEW[0m in 0.31s]
[0m09:04:39  9 of 20 START sql view model cobra_staging.stg_filiais ......................... [RUN]
[0m09:04:39  10 of 20 START sql view model cobra_staging.stg_pagamentos ..................... [RUN]
[0m09:04:39  11 of 20 START sql view model cobra_staging.stg_processos ...................... [RUN]
[0m09:04:39  12 of 20 START sql incremental model public.devedores .......................... [RUN]
[0m09:04:39  9 of 20 OK created sql view model cobra_staging.stg_filiais .................... [[32mCREATE VIEW[0m in 0.35s]
[0m09:04:39  13 of 20 START sql incremental model public.emails ............................. [RUN]
[0m09:04:39  11 of 20 OK created sql view model cobra_staging.stg_processos ................. [[32mCREATE VIEW[0m in 0.44s]
[0m09:04:39  10 of 20 OK created sql view model cobra_staging.stg_pagamentos ................ [[32mCREATE VIEW[0m in 0.45s]
[0m09:04:39  14 of 20 START sql incremental model public.enderecos .......................... [RUN]
[0m09:04:39  15 of 20 START sql incremental model public.telefones .......................... [RUN]
[0m09:04:40  12 of 20 OK created sql incremental model public.devedores ..................... [[32mMERGE 19781[0m in 0.90s]
[0m09:04:40  16 of 20 START sql incremental model public.dividas ............................ [RUN]
[0m09:04:40  13 of 20 OK created sql incremental model public.emails ........................ [[32mMERGE 8756[0m in 0.59s]
[0m09:04:40  17 of 20 START sql incremental model public.lojas .............................. [RUN]
[0m09:04:40  14 of 20 OK created sql incremental model public.enderecos ..................... [[32mMERGE 19781[0m in 0.65s]
[0m09:04:40  18 of 20 START sql incremental model public.processos .......................... [RUN]
[0m09:04:40  17 of 20 OK created sql incremental model public.lojas ......................... [[32mMERGE 20[0m in 0.23s]
[0m09:04:40  19 of 20 START sql incremental model public.pagamentos ......................... [RUN]
[0m09:04:40  18 of 20 OK created sql incremental model public.processos ..................... [[32mMERGE 292[0m in 0.20s]
[0m09:04:40  15 of 20 OK created sql incremental model public.telefones ..................... [[32mMERGE 19313[0m in 0.89s]
[0m09:04:42  19 of 20 OK created sql incremental model public.pagamentos .................... [[32mMERGE 49605[0m in 1.75s]
[0m09:04:48  16 of 20 OK created sql incremental model public.dividas ....................... [[32mINSERT 0 226377[0m in 8.13s]
[0m09:04:48  20 of 20 START sql incremental model cobra.tb_audit_mudancas ................... [RUN]
[0m09:04:51  20 of 20 OK created sql incremental model cobra.tb_audit_mudancas .............. [[32mINSERT 0 10[0m in 3.15s]
[0m09:04:51  
[0m09:04:51  Finished running 9 incremental models, 11 view models in 0 hours 0 minutes and 13.91 seconds (13.91s).
[0m09:04:51  
[0m09:04:51  [32mCompleted successfully[0m
[0m09:04:51  
[0m09:04:51  Done. PASS=20 WARN=0 ERROR=0 SKIP=0 NO-OP=0 TOTAL=20
sáb 30 mai 2026 06:04:53 -03 - dbt finalizado com código 0
dom 31 mai 2026 06:03:50 -03 - Iniciando dbt run...
[0m09:03:54  Running with dbt=1.12.0-b1
[0m09:03:55  Registered adapter: postgres=1.10.0
[0m09:03:56  Found 20 models, 468 macros
[0m09:03:56  
[0m09:03:56  Concurrency: 4 threads (target='dev')
[0m09:03:56  
[0m09:03:56  1 of 20 START sql view model cobra_staging.chg_devedores ....................... [RUN]
[0m09:03:56  2 of 20 START sql view model cobra_staging.chg_emails .......................... [RUN]
[0m09:03:56  3 of 20 START sql view model cobra_staging.chg_enderecos ....................... [RUN]
[0m09:03:56  4 of 20 START sql view model cobra_staging.chg_lojas ........................... [RUN]
[0m09:03:57  4 of 20 OK created sql view model cobra_staging.chg_lojas ...................... [[32mCREATE VIEW[0m in 0.71s]
[0m09:03:57  2 of 20 OK created sql view model cobra_staging.chg_emails ..................... [[32mCREATE VIEW[0m in 0.73s]
[0m09:03:57  1 of 20 OK created sql view model cobra_staging.chg_devedores .................. [[32mCREATE VIEW[0m in 0.77s]
[0m09:03:57  3 of 20 OK created sql view model cobra_staging.chg_enderecos .................. [[32mCREATE VIEW[0m in 0.74s]
[0m09:03:57  5 of 20 START sql view model cobra_staging.chg_pagamentos ...................... [RUN]
[0m09:03:57  6 of 20 START sql view model cobra_staging.chg_telefones ....................... [RUN]
[0m09:03:57  7 of 20 START sql view model cobra_staging.stg_cadastro ........................ [RUN]
[0m09:03:57  8 of 20 START sql view model cobra_staging.stg_dividas ......................... [RUN]
[0m09:03:57  7 of 20 OK created sql view model cobra_staging.stg_cadastro ................... [[32mCREATE VIEW[0m in 0.33s]
[0m09:03:57  6 of 20 OK created sql view model cobra_staging.chg_telefones .................. [[32mCREATE VIEW[0m in 0.34s]
[0m09:03:57  5 of 20 OK created sql view model cobra_staging.chg_pagamentos ................. [[32mCREATE VIEW[0m in 0.34s]
[0m09:03:57  8 of 20 OK created sql view model cobra_staging.stg_dividas .................... [[32mCREATE VIEW[0m in 0.33s]
[0m09:03:57  9 of 20 START sql view model cobra_staging.stg_filiais ......................... [RUN]
[0m09:03:57  10 of 20 START sql view model cobra_staging.stg_pagamentos ..................... [RUN]
[0m09:03:57  11 of 20 START sql view model cobra_staging.stg_processos ...................... [RUN]
[0m09:03:57  12 of 20 START sql incremental model public.devedores .......................... [RUN]
[0m09:03:58  11 of 20 OK created sql view model cobra_staging.stg_processos ................. [[32mCREATE VIEW[0m in 0.45s]
[0m09:03:58  9 of 20 OK created sql view model cobra_staging.stg_filiais .................... [[32mCREATE VIEW[0m in 0.46s]
[0m09:03:58  13 of 20 START sql incremental model public.emails ............................. [RUN]
[0m09:03:58  10 of 20 OK created sql view model cobra_staging.stg_pagamentos ................ [[32mCREATE VIEW[0m in 0.48s]
[0m09:03:58  14 of 20 START sql incremental model public.enderecos .......................... [RUN]
[0m09:03:58  15 of 20 START sql incremental model public.telefones .......................... [RUN]
[0m09:03:58  13 of 20 OK created sql incremental model public.emails ........................ [[32mMERGE 8799[0m in 0.52s]
[0m09:03:58  16 of 20 START sql incremental model public.dividas ............................ [RUN]
[0m09:03:58  12 of 20 OK created sql incremental model public.devedores ..................... [[32mMERGE 19821[0m in 1.01s]
[0m09:03:58  17 of 20 START sql incremental model public.processos .......................... [RUN]
[0m09:03:59  14 of 20 OK created sql incremental model public.enderecos ..................... [[32mMERGE 19821[0m in 0.72s]
[0m09:03:59  18 of 20 START sql incremental model public.lojas .............................. [RUN]
[0m09:03:59  17 of 20 OK created sql incremental model public.processos ..................... [[32mMERGE 293[0m in 0.25s]
[0m09:03:59  19 of 20 START sql incremental model public.pagamentos ......................... [RUN]
[0m09:03:59  18 of 20 OK created sql incremental model public.lojas ......................... [[32mMERGE 20[0m in 0.23s]
[0m09:03:59  15 of 20 OK created sql incremental model public.telefones ..................... [[32mMERGE 19355[0m in 0.98s]
[0m09:04:01  19 of 20 OK created sql incremental model public.pagamentos .................... [[32mMERGE 50618[0m in 2.02s]
[0m09:04:05  16 of 20 OK created sql incremental model public.dividas ....................... [[32mINSERT 0 224157[0m in 6.55s]
[0m09:04:05  20 of 20 START sql incremental model cobra.tb_audit_mudancas ................... [RUN]
[0m09:04:07  20 of 20 OK created sql incremental model cobra.tb_audit_mudancas .............. [[32mINSERT 0 10[0m in 2.44s]
[0m09:04:07  
[0m09:04:07  Finished running 9 incremental models, 11 view models in 0 hours 0 minutes and 11.86 seconds (11.86s).
[0m09:04:08  
[0m09:04:08  [32mCompleted successfully[0m
[0m09:04:08  
[0m09:04:08  Done. PASS=20 WARN=0 ERROR=0 SKIP=0 NO-OP=0 TOTAL=20
dom 31 mai 2026 06:04:09 -03 - dbt finalizado com código 0
seg 01 jun 2026 06:04:39 -03 - Iniciando dbt run...
[0m09:04:43  Running with dbt=1.12.0-b1
[0m09:04:43  Registered adapter: postgres=1.10.0
[0m09:04:44  Found 20 models, 468 macros
[0m09:04:44  
[0m09:04:44  Concurrency: 4 threads (target='dev')
[0m09:04:44  
[0m09:04:45  1 of 20 START sql view model cobra_staging.chg_devedores ....................... [RUN]
[0m09:04:45  2 of 20 START sql view model cobra_staging.chg_emails .......................... [RUN]
[0m09:04:45  3 of 20 START sql view model cobra_staging.chg_enderecos ....................... [RUN]
[0m09:04:45  4 of 20 START sql view model cobra_staging.chg_lojas ........................... [RUN]
[0m09:04:46  4 of 20 OK created sql view model cobra_staging.chg_lojas ...................... [[32mCREATE VIEW[0m in 0.73s]
[0m09:04:46  2 of 20 OK created sql view model cobra_staging.chg_emails ..................... [[32mCREATE VIEW[0m in 0.74s]
[0m09:04:46  1 of 20 OK created sql view model cobra_staging.chg_devedores .................. [[32mCREATE VIEW[0m in 0.74s]
[0m09:04:46  3 of 20 OK created sql view model cobra_staging.chg_enderecos .................. [[32mCREATE VIEW[0m in 0.75s]
[0m09:04:46  5 of 20 START sql view model cobra_staging.chg_pagamentos ...................... [RUN]
[0m09:04:46  6 of 20 START sql view model cobra_staging.chg_telefones ....................... [RUN]
[0m09:04:46  7 of 20 START sql view model cobra_staging.stg_cadastro ........................ [RUN]
[0m09:04:46  8 of 20 START sql view model cobra_staging.stg_dividas ......................... [RUN]
[0m09:04:46  5 of 20 OK created sql view model cobra_staging.chg_pagamentos ................. [[32mCREATE VIEW[0m in 0.32s]
[0m09:04:46  7 of 20 OK created sql view model cobra_staging.stg_cadastro ................... [[32mCREATE VIEW[0m in 0.33s]
[0m09:04:46  6 of 20 OK created sql view model cobra_staging.chg_telefones .................. [[32mCREATE VIEW[0m in 0.34s]
[0m09:04:46  9 of 20 START sql view model cobra_staging.stg_filiais ......................... [RUN]
[0m09:04:46  8 of 20 OK created sql view model cobra_staging.stg_dividas .................... [[32mCREATE VIEW[0m in 0.34s]
[0m09:04:46  10 of 20 START sql view model cobra_staging.stg_pagamentos ..................... [RUN]
[0m09:04:46  11 of 20 START sql view model cobra_staging.stg_processos ...................... [RUN]
[0m09:04:46  12 of 20 START sql incremental model public.devedores .......................... [RUN]
[0m09:04:46  9 of 20 OK created sql view model cobra_staging.stg_filiais .................... [[32mCREATE VIEW[0m in 0.36s]
[0m09:04:46  10 of 20 OK created sql view model cobra_staging.stg_pagamentos ................ [[32mCREATE VIEW[0m in 0.37s]
[0m09:04:46  13 of 20 START sql incremental model public.emails ............................. [RUN]
[0m09:04:46  14 of 20 START sql incremental model public.enderecos .......................... [RUN]
[0m09:04:46  11 of 20 OK created sql view model cobra_staging.stg_processos ................. [[32mCREATE VIEW[0m in 0.39s]
[0m09:04:46  15 of 20 START sql incremental model public.telefones .......................... [RUN]
[0m09:04:47  12 of 20 OK created sql incremental model public.devedores ..................... [[32mMERGE 19850[0m in 0.99s]
[0m09:04:47  13 of 20 OK created sql incremental model public.emails ........................ [[32mMERGE 8833[0m in 0.62s]
[0m09:04:47  16 of 20 START sql incremental model public.dividas ............................ [RUN]
[0m09:04:47  17 of 20 START sql incremental model public.lojas .............................. [RUN]
[0m09:04:47  14 of 20 OK created sql incremental model public.enderecos ..................... [[32mMERGE 19850[0m in 0.76s]
[0m09:04:47  18 of 20 START sql incremental model public.pagamentos ......................... [RUN]
[0m09:04:47  17 of 20 OK created sql incremental model public.lojas ......................... [[32mMERGE 20[0m in 0.25s]
[0m09:04:47  19 of 20 START sql incremental model public.processos .......................... [RUN]
[0m09:04:47  15 of 20 OK created sql incremental model public.telefones ..................... [[32mMERGE 19385[0m in 0.90s]
[0m09:04:47  19 of 20 OK created sql incremental model public.processos ..................... [[32mMERGE 293[0m in 0.18s]
[0m09:04:49  18 of 20 OK created sql incremental model public.pagamentos .................... [[32mMERGE 49317[0m in 1.73s]
[0m09:04:54  16 of 20 OK created sql incremental model public.dividas ....................... [[32mINSERT 0 227679[0m in 7.17s]
[0m09:04:54  20 of 20 START sql incremental model cobra.tb_audit_mudancas ................... [RUN]
[0m09:04:57  20 of 20 OK created sql incremental model cobra.tb_audit_mudancas .............. [[32mINSERT 0 10[0m in 2.36s]
[0m09:04:57  
[0m09:04:57  Finished running 9 incremental models, 11 view models in 0 hours 0 minutes and 12.36 seconds (12.36s).
[0m09:04:57  
[0m09:04:57  [32mCompleted successfully[0m
[0m09:04:57  
[0m09:04:57  Done. PASS=20 WARN=0 ERROR=0 SKIP=0 NO-OP=0 TOTAL=20
seg 01 jun 2026 06:04:58 -03 - dbt finalizado com código 0
ter 02 jun 2026 06:04:25 -03 - Iniciando dbt run...
[0m09:04:29  Running with dbt=1.12.0-b1
[0m09:04:30  Registered adapter: postgres=1.10.0
[0m09:04:31  Found 20 models, 468 macros
[0m09:04:31  
[0m09:04:31  Concurrency: 4 threads (target='dev')
[0m09:04:31  
[0m09:04:31  1 of 20 START sql view model cobra_staging.chg_devedores ....................... [RUN]
[0m09:04:31  2 of 20 START sql view model cobra_staging.chg_emails .......................... [RUN]
[0m09:04:31  3 of 20 START sql view model cobra_staging.chg_enderecos ....................... [RUN]
[0m09:04:31  4 of 20 START sql view model cobra_staging.chg_lojas ........................... [RUN]
[0m09:04:32  4 of 20 OK created sql view model cobra_staging.chg_lojas ...................... [[32mCREATE VIEW[0m in 0.74s]
[0m09:04:32  2 of 20 OK created sql view model cobra_staging.chg_emails ..................... [[32mCREATE VIEW[0m in 0.75s]
[0m09:04:32  3 of 20 OK created sql view model cobra_staging.chg_enderecos .................. [[32mCREATE VIEW[0m in 0.75s]
[0m09:04:32  1 of 20 OK created sql view model cobra_staging.chg_devedores .................. [[32mCREATE VIEW[0m in 0.76s]
[0m09:04:32  5 of 20 START sql view model cobra_staging.chg_pagamentos ...................... [RUN]
[0m09:04:32  6 of 20 START sql view model cobra_staging.chg_telefones ....................... [RUN]
[0m09:04:32  7 of 20 START sql view model cobra_staging.stg_cadastro ........................ [RUN]
[0m09:04:32  8 of 20 START sql view model cobra_staging.stg_dividas ......................... [RUN]
[0m09:04:32  5 of 20 OK created sql view model cobra_staging.chg_pagamentos ................. [[32mCREATE VIEW[0m in 0.30s]
[0m09:04:32  9 of 20 START sql view model cobra_staging.stg_filiais ......................... [RUN]
[0m09:04:32  8 of 20 OK created sql view model cobra_staging.stg_dividas .................... [[32mCREATE VIEW[0m in 0.31s]
[0m09:04:32  6 of 20 OK created sql view model cobra_staging.chg_telefones .................. [[32mCREATE VIEW[0m in 0.32s]
[0m09:04:32  7 of 20 OK created sql view model cobra_staging.stg_cadastro ................... [[32mCREATE VIEW[0m in 0.32s]
[0m09:04:32  10 of 20 START sql view model cobra_staging.stg_pagamentos ..................... [RUN]
[0m09:04:32  11 of 20 START sql view model cobra_staging.stg_processos ...................... [RUN]
[0m09:04:32  12 of 20 START sql incremental model public.dividas ............................ [RUN]
[0m09:04:33  9 of 20 OK created sql view model cobra_staging.stg_filiais .................... [[32mCREATE VIEW[0m in 0.28s]
[0m09:04:33  13 of 20 START sql incremental model public.devedores .......................... [RUN]
[0m09:04:33  11 of 20 OK created sql view model cobra_staging.stg_processos ................. [[32mCREATE VIEW[0m in 0.39s]
[0m09:04:33  10 of 20 OK created sql view model cobra_staging.stg_pagamentos ................ [[32mCREATE VIEW[0m in 0.40s]
[0m09:04:33  14 of 20 START sql incremental model public.emails ............................. [RUN]
[0m09:04:33  15 of 20 START sql incremental model public.enderecos .......................... [RUN]
[0m09:04:33  14 of 20 OK created sql incremental model public.emails ........................ [[32mMERGE 8798[0m in 0.56s]
[0m09:04:33  16 of 20 START sql incremental model public.telefones .......................... [RUN]
[0m09:04:34  13 of 20 OK created sql incremental model public.devedores ..................... [[32mMERGE 19803[0m in 0.81s]
[0m09:04:34  17 of 20 START sql incremental model public.lojas .............................. [RUN]
[0m09:04:34  15 of 20 OK created sql incremental model public.enderecos ..................... [[32mMERGE 19803[0m in 0.74s]
[0m09:04:34  18 of 20 START sql incremental model public.processos .......................... [RUN]
[0m09:04:34  17 of 20 OK created sql incremental model public.lojas ......................... [[32mMERGE 20[0m in 0.25s]
[0m09:04:34  19 of 20 START sql incremental model public.pagamentos ......................... [RUN]
[0m09:04:34  18 of 20 OK created sql incremental model public.processos ..................... [[32mMERGE 293[0m in 0.27s]
[0m09:04:34  16 of 20 OK created sql incremental model public.telefones ..................... [[32mMERGE 19340[0m in 0.68s]
[0m09:04:35  19 of 20 OK created sql incremental model public.pagamentos .................... [[32mMERGE 49831[0m in 1.64s]
[0m09:04:43  12 of 20 OK created sql incremental model public.dividas ....................... [[32mINSERT 0 225374[0m in 10.31s]
[0m09:04:43  20 of 20 START sql incremental model cobra.tb_audit_mudancas ................... [RUN]
[0m09:04:46  20 of 20 OK created sql incremental model cobra.tb_audit_mudancas .............. [[32mINSERT 0 10[0m in 3.45s]
[0m09:04:46  
[0m09:04:46  Finished running 9 incremental models, 11 view models in 0 hours 0 minutes and 15.61 seconds (15.61s).
[0m09:04:46  
[0m09:04:46  [32mCompleted successfully[0m
[0m09:04:46  
[0m09:04:46  Done. PASS=20 WARN=0 ERROR=0 SKIP=0 NO-OP=0 TOTAL=20
ter 02 jun 2026 06:04:48 -03 - dbt finalizado com código 0
qua 03 jun 2026 06:03:44 -03 - Iniciando dbt run...
[0m09:03:48  Running with dbt=1.12.0-b1
[0m09:03:49  Registered adapter: postgres=1.10.0
[0m09:03:50  Found 20 models, 468 macros
[0m09:03:50  
[0m09:03:50  Concurrency: 4 threads (target='dev')
[0m09:03:50  
[0m09:03:50  1 of 20 START sql view model cobra_staging.chg_devedores ....................... [RUN]
[0m09:03:50  2 of 20 START sql view model cobra_staging.chg_emails .......................... [RUN]
[0m09:03:50  3 of 20 START sql view model cobra_staging.chg_enderecos ....................... [RUN]
[0m09:03:50  4 of 20 START sql view model cobra_staging.chg_lojas ........................... [RUN]
[0m09:03:51  1 of 20 OK created sql view model cobra_staging.chg_devedores .................. [[32mCREATE VIEW[0m in 0.69s]
[0m09:03:51  4 of 20 OK created sql view model cobra_staging.chg_lojas ...................... [[32mCREATE VIEW[0m in 0.69s]
[0m09:03:51  2 of 20 OK created sql view model cobra_staging.chg_emails ..................... [[32mCREATE VIEW[0m in 0.70s]
[0m09:03:51  3 of 20 OK created sql view model cobra_staging.chg_enderecos .................. [[32mCREATE VIEW[0m in 0.69s]
[0m09:03:51  5 of 20 START sql view model cobra_staging.chg_pagamentos ...................... [RUN]
[0m09:03:51  6 of 20 START sql view model cobra_staging.chg_telefones ....................... [RUN]
[0m09:03:51  7 of 20 START sql view model cobra_staging.stg_cadastro ........................ [RUN]
[0m09:03:51  8 of 20 START sql view model cobra_staging.stg_dividas ......................... [RUN]
[0m09:03:51  5 of 20 OK created sql view model cobra_staging.chg_pagamentos ................. [[32mCREATE VIEW[0m in 0.32s]
[0m09:03:51  8 of 20 OK created sql view model cobra_staging.stg_dividas .................... [[32mCREATE VIEW[0m in 0.33s]
[0m09:03:51  7 of 20 OK created sql view model cobra_staging.stg_cadastro ................... [[32mCREATE VIEW[0m in 0.33s]
[0m09:03:51  6 of 20 OK created sql view model cobra_staging.chg_telefones .................. [[32mCREATE VIEW[0m in 0.34s]
[0m09:03:51  9 of 20 START sql view model cobra_staging.stg_filiais ......................... [RUN]
[0m09:03:51  10 of 20 START sql view model cobra_staging.stg_pagamentos ..................... [RUN]
[0m09:03:51  11 of 20 START sql view model cobra_staging.stg_processos ...................... [RUN]
[0m09:03:51  12 of 20 START sql incremental model public.devedores .......................... [RUN]
[0m09:03:52  9 of 20 OK created sql view model cobra_staging.stg_filiais .................... [[32mCREATE VIEW[0m in 0.28s]
[0m09:03:52  13 of 20 START sql incremental model public.dividas ............................ [RUN]
[0m09:03:52  11 of 20 OK created sql view model cobra_staging.stg_processos ................. [[32mCREATE VIEW[0m in 0.39s]
[0m09:03:52  10 of 20 OK created sql view model cobra_staging.stg_pagamentos ................ [[32mCREATE VIEW[0m in 0.43s]
[0m09:03:52  14 of 20 START sql incremental model public.emails ............................. [RUN]
[0m09:03:52  15 of 20 START sql incremental model public.enderecos .......................... [RUN]
[0m09:03:52  14 of 20 OK created sql incremental model public.emails ........................ [[32mMERGE 8776[0m in 0.45s]
[0m09:03:52  16 of 20 START sql incremental model public.telefones .......................... [RUN]
[0m09:03:52  12 of 20 OK created sql incremental model public.devedores ..................... [[32mMERGE 19778[0m in 0.94s]
[0m09:03:52  17 of 20 START sql incremental model public.lojas .............................. [RUN]
[0m09:03:52  15 of 20 OK created sql incremental model public.enderecos ..................... [[32mMERGE 19778[0m in 0.60s]
[0m09:03:52  18 of 20 START sql incremental model public.processos .......................... [RUN]
[0m09:03:53  17 of 20 OK created sql incremental model public.lojas ......................... [[32mMERGE 20[0m in 0.26s]
[0m09:03:53  19 of 20 START sql incremental model public.pagamentos ......................... [RUN]
[0m09:03:53  18 of 20 OK created sql incremental model public.processos ..................... [[32mMERGE 293[0m in 0.27s]
[0m09:03:53  16 of 20 OK created sql incremental model public.telefones ..................... [[32mMERGE 19315[0m in 0.73s]
[0m09:03:54  19 of 20 OK created sql incremental model public.pagamentos .................... [[32mMERGE 49981[0m in 1.53s]
[0m09:04:02  13 of 20 OK created sql incremental model public.dividas ....................... [[32mINSERT 0 223650[0m in 10.50s]
[0m09:04:02  20 of 20 START sql incremental model cobra.tb_audit_mudancas ................... [RUN]
[0m09:04:07  20 of 20 OK created sql incremental model cobra.tb_audit_mudancas .............. [[32mINSERT 0 10[0m in 4.84s]
[0m09:04:07  
[0m09:04:07  Finished running 9 incremental models, 11 view models in 0 hours 0 minutes and 17.49 seconds (17.49s).
[0m09:04:07  
[0m09:04:07  [32mCompleted successfully[0m
[0m09:04:07  
[0m09:04:07  Done. PASS=20 WARN=0 ERROR=0 SKIP=0 NO-OP=0 TOTAL=20
qua 03 jun 2026 06:04:09 -03 - dbt finalizado com código 0
qui 04 jun 2026 06:04:17 -03 - Iniciando dbt run...
[0m09:04:20  Running with dbt=1.12.0-b1
[0m09:04:21  Registered adapter: postgres=1.10.0
[0m09:04:22  Found 20 models, 468 macros
[0m09:04:22  
[0m09:04:22  Concurrency: 4 threads (target='dev')
[0m09:04:22  
[0m09:04:22  1 of 20 START sql view model cobra_staging.chg_devedores ....................... [RUN]
[0m09:04:22  2 of 20 START sql view model cobra_staging.chg_emails .......................... [RUN]
[0m09:04:22  3 of 20 START sql view model cobra_staging.chg_enderecos ....................... [RUN]
[0m09:04:22  4 of 20 START sql view model cobra_staging.chg_lojas ........................... [RUN]
[0m09:04:23  4 of 20 OK created sql view model cobra_staging.chg_lojas ...................... [[32mCREATE VIEW[0m in 0.68s]
[0m09:04:23  2 of 20 OK created sql view model cobra_staging.chg_emails ..................... [[32mCREATE VIEW[0m in 0.69s]
[0m09:04:23  3 of 20 OK created sql view model cobra_staging.chg_enderecos .................. [[32mCREATE VIEW[0m in 0.69s]
[0m09:04:23  1 of 20 OK created sql view model cobra_staging.chg_devedores .................. [[32mCREATE VIEW[0m in 0.70s]
[0m09:04:23  5 of 20 START sql view model cobra_staging.chg_pagamentos ...................... [RUN]
[0m09:04:23  6 of 20 START sql view model cobra_staging.chg_telefones ....................... [RUN]
[0m09:04:23  7 of 20 START sql view model cobra_staging.stg_cadastro ........................ [RUN]
[0m09:04:23  8 of 20 START sql view model cobra_staging.stg_dividas ......................... [RUN]
[0m09:04:23  8 of 20 OK created sql view model cobra_staging.stg_dividas .................... [[32mCREATE VIEW[0m in 0.29s]
[0m09:04:23  6 of 20 OK created sql view model cobra_staging.chg_telefones .................. [[32mCREATE VIEW[0m in 0.29s]
[0m09:04:23  9 of 20 START sql view model cobra_staging.stg_filiais ......................... [RUN]
[0m09:04:23  10 of 20 START sql view model cobra_staging.stg_pagamentos ..................... [RUN]
[0m09:04:23  7 of 20 OK created sql view model cobra_staging.stg_cadastro ................... [[32mCREATE VIEW[0m in 0.31s]
[0m09:04:23  5 of 20 OK created sql view model cobra_staging.chg_pagamentos ................. [[32mCREATE VIEW[0m in 0.31s]
[0m09:04:23  11 of 20 START sql view model cobra_staging.stg_processos ...................... [RUN]
[0m09:04:23  12 of 20 START sql incremental model public.dividas ............................ [RUN]
[0m09:04:24  10 of 20 OK created sql view model cobra_staging.stg_pagamentos ................ [[32mCREATE VIEW[0m in 0.30s]
[0m09:04:24  9 of 20 OK created sql view model cobra_staging.stg_filiais .................... [[32mCREATE VIEW[0m in 0.31s]
[0m09:04:24  13 of 20 START sql incremental model public.devedores .......................... [RUN]
[0m09:04:24  14 of 20 START sql incremental model public.emails ............................. [RUN]
[0m09:04:24  11 of 20 OK created sql view model cobra_staging.stg_processos ................. [[32mCREATE VIEW[0m in 0.34s]
[0m09:04:24  15 of 20 START sql incremental model public.enderecos .......................... [RUN]
[0m09:04:25  14 of 20 OK created sql incremental model public.emails ........................ [[32mMERGE 8921[0m in 0.81s]
[0m09:04:25  16 of 20 START sql incremental model public.telefones .......................... [RUN]
[0m09:04:25  13 of 20 OK created sql incremental model public.devedores ..................... [[32mMERGE 19920[0m in 1.01s]
[0m09:04:25  17 of 20 START sql incremental model public.pagamentos ......................... [RUN]
[0m09:04:25  15 of 20 OK created sql incremental model public.enderecos ..................... [[32mMERGE 19920[0m in 0.97s]
[0m09:04:25  18 of 20 START sql incremental model public.lojas .............................. [RUN]
[0m09:04:25  18 of 20 OK created sql incremental model public.lojas ......................... [[32mMERGE 20[0m in 0.21s]
[0m09:04:25  19 of 20 START sql incremental model public.processos .......................... [RUN]
[0m09:04:25  19 of 20 OK created sql incremental model public.processos ..................... [[32mMERGE 293[0m in 0.21s]
[0m09:04:26  16 of 20 OK created sql incremental model public.telefones ..................... [[32mMERGE 19458[0m in 1.12s]
[0m09:04:26  17 of 20 OK created sql incremental model public.pagamentos .................... [[32mMERGE 49953[0m in 1.56s]
[0m09:04:30  12 of 20 OK created sql incremental model public.dividas ....................... [[32mINSERT 0 222674[0m in 6.47s]
[0m09:04:30  20 of 20 START sql incremental model cobra.tb_audit_mudancas ................... [RUN]
[0m09:04:32  20 of 20 OK created sql incremental model cobra.tb_audit_mudancas .............. [[32mINSERT 0 10[0m in 2.47s]
[0m09:04:32  
[0m09:04:32  Finished running 9 incremental models, 11 view models in 0 hours 0 minutes and 10.71 seconds (10.71s).
[0m09:04:33  
[0m09:04:33  [32mCompleted successfully[0m
[0m09:04:33  
[0m09:04:33  Done. PASS=20 WARN=0 ERROR=0 SKIP=0 NO-OP=0 TOTAL=20
qui 04 jun 2026 06:04:34 -03 - dbt finalizado com código 0
sex 05 jun 2026 06:04:12 -03 - Iniciando dbt run...
sex 05 jun 2026 06:04:12 -03 - Iniciando dbt run...
[0m09:04:16  Running with dbt=1.12.0-b1
[0m09:04:16  Running with dbt=1.12.0-b1
[0m09:04:16  Registered adapter: postgres=1.10.0
[0m09:04:17  Registered adapter: postgres=1.10.0
[0m09:04:17  Found 20 models, 468 macros
[0m09:04:17  
[0m09:04:17  Concurrency: 4 threads (target='dev')
[0m09:04:17  
[0m09:04:17  Found 20 models, 468 macros
[0m09:04:17  
[0m09:04:17  Concurrency: 4 threads (target='dev')
[0m09:04:17  
[0m09:04:18  1 of 20 START sql view model cobra_staging.chg_devedores ....................... [RUN]
[0m09:04:18  2 of 20 START sql view model cobra_staging.chg_emails .......................... [RUN]
[0m09:04:18  3 of 20 START sql view model cobra_staging.chg_enderecos ....................... [RUN]
[0m09:04:18  4 of 20 START sql view model cobra_staging.chg_lojas ........................... [RUN]
[0m09:04:18  1 of 20 START sql view model cobra_staging.chg_devedores ....................... [RUN]
[0m09:04:18  2 of 20 START sql view model cobra_staging.chg_emails .......................... [RUN]
[0m09:04:18  3 of 20 START sql view model cobra_staging.chg_enderecos ....................... [RUN]
[0m09:04:18  4 of 20 START sql view model cobra_staging.chg_lojas ........................... [RUN]
[0m09:04:18  4 of 20 OK created sql view model cobra_staging.chg_lojas ...................... [[32mCREATE VIEW[0m in 0.62s]
[0m09:04:18  3 of 20 OK created sql view model cobra_staging.chg_enderecos .................. [[32mCREATE VIEW[0m in 0.62s]
[0m09:04:18  1 of 20 OK created sql view model cobra_staging.chg_devedores .................. [[32mCREATE VIEW[0m in 0.64s]
[0m09:04:18  2 of 20 OK created sql view model cobra_staging.chg_emails ..................... [[32mCREATE VIEW[0m in 0.63s]
[0m09:04:18  5 of 20 START sql view model cobra_staging.chg_pagamentos ...................... [RUN]
[0m09:04:18  6 of 20 START sql view model cobra_staging.chg_telefones ....................... [RUN]
[0m09:04:18  7 of 20 START sql view model cobra_staging.stg_cadastro ........................ [RUN]
[0m09:04:18  8 of 20 START sql view model cobra_staging.stg_dividas ......................... [RUN]
[0m09:04:18  4 of 20 ERROR creating sql view model cobra_staging.chg_lojas .................. [[31mERROR[0m in 0.44s]
[0m09:04:18  2 of 20 ERROR creating sql view model cobra_staging.chg_emails ................. [[31mERROR[0m in 0.47s]
[0m09:04:18  3 of 20 ERROR creating sql view model cobra_staging.chg_enderecos .............. [[31mERROR[0m in 0.48s]
[0m09:04:19  5 of 20 START sql view model cobra_staging.chg_pagamentos ...................... [RUN]
[0m09:04:19  6 of 20 START sql view model cobra_staging.chg_telefones ....................... [RUN]
[0m09:04:19  7 of 20 START sql view model cobra_staging.stg_cadastro ........................ [RUN]
[0m09:04:19  1 of 20 OK created sql view model cobra_staging.chg_devedores .................. [[32mCREATE VIEW[0m in 0.71s]
[0m09:04:19  8 of 20 START sql view model cobra_staging.stg_dividas ......................... [RUN]
[0m09:04:19  8 of 20 OK created sql view model cobra_staging.stg_dividas .................... [[32mCREATE VIEW[0m in 0.32s]
[0m09:04:19  5 of 20 OK created sql view model cobra_staging.chg_pagamentos ................. [[32mCREATE VIEW[0m in 0.33s]
[0m09:04:19  9 of 20 START sql view model cobra_staging.stg_filiais ......................... [RUN]
[0m09:04:19  7 of 20 OK created sql view model cobra_staging.stg_cadastro ................... [[32mCREATE VIEW[0m in 0.34s]
[0m09:04:19  10 of 20 START sql view model cobra_staging.stg_pagamentos ..................... [RUN]
[0m09:04:19  6 of 20 OK created sql view model cobra_staging.chg_telefones .................. [[32mCREATE VIEW[0m in 0.35s]
[0m09:04:19  11 of 20 START sql view model cobra_staging.stg_processos ...................... [RUN]
[0m09:04:19  12 of 20 START sql incremental model public.dividas ............................ [RUN]
[0m09:04:19  5 of 20 OK created sql view model cobra_staging.chg_pagamentos ................. [[32mCREATE VIEW[0m in 0.35s]
[0m09:04:19  9 of 20 START sql view model cobra_staging.stg_filiais ......................... [RUN]
[0m09:04:19  7 of 20 OK created sql view model cobra_staging.stg_cadastro ................... [[32mCREATE VIEW[0m in 0.38s]
[0m09:04:19  6 of 20 OK created sql view model cobra_staging.chg_telefones .................. [[32mCREATE VIEW[0m in 0.39s]
[0m09:04:19  8 of 20 OK created sql view model cobra_staging.stg_dividas .................... [[32mCREATE VIEW[0m in 0.25s]
[0m09:04:19  10 of 20 START sql view model cobra_staging.stg_pagamentos ..................... [RUN]
[0m09:04:19  11 of 20 START sql view model cobra_staging.stg_processos ...................... [RUN]
[0m09:04:19  12 of 20 START sql incremental model public.devedores .......................... [RUN]
[0m09:04:19  9 of 20 OK created sql view model cobra_staging.stg_filiais .................... [[32mCREATE VIEW[0m in 0.31s]
[0m09:04:19  13 of 20 START sql incremental model public.devedores .......................... [RUN]
[0m09:04:19  10 of 20 OK created sql view model cobra_staging.stg_pagamentos ................ [[32mCREATE VIEW[0m in 0.43s]
[0m09:04:19  11 of 20 OK created sql view model cobra_staging.stg_processos ................. [[32mCREATE VIEW[0m in 0.41s]
[0m09:04:19  14 of 20 START sql incremental model public.emails ............................. [RUN]
[0m09:04:19  15 of 20 START sql incremental model public.enderecos .......................... [RUN]
[0m09:04:19  9 of 20 OK created sql view model cobra_staging.stg_filiais .................... [[32mCREATE VIEW[0m in 0.37s]
[0m09:04:19  13 of 20 START sql incremental model public.emails ............................. [RUN]
[0m09:04:19  11 of 20 OK created sql view model cobra_staging.stg_processos ................. [[32mCREATE VIEW[0m in 0.50s]
[0m09:04:19  10 of 20 OK created sql view model cobra_staging.stg_pagamentos ................ [[32mCREATE VIEW[0m in 0.51s]
[0m09:04:20  14 of 20 START sql incremental model public.enderecos .......................... [RUN]
[0m09:04:20  15 of 20 START sql incremental model public.telefones .......................... [RUN]
[0m09:04:20  14 of 20 OK created sql incremental model public.emails ........................ [[32mMERGE 8916[0m in 0.69s]
[0m09:04:20  16 of 20 START sql incremental model public.telefones .......................... [RUN]
[0m09:04:20  13 of 20 OK created sql incremental model public.devedores ..................... [[32mMERGE 19895[0m in 1.02s]
[0m09:04:20  17 of 20 START sql incremental model public.lojas .............................. [RUN]
[0m09:04:20  15 of 20 OK created sql incremental model public.enderecos ..................... [[32mMERGE 19895[0m in 0.97s]
[0m09:04:20  18 of 20 START sql incremental model public.pagamentos ......................... [RUN]
[0m09:04:20  17 of 20 OK created sql incremental model public.lojas ......................... [[32mMERGE 20[0m in 0.23s]
[0m09:04:20  19 of 20 START sql incremental model public.processos .......................... [RUN]
[0m09:04:20  13 of 20 OK created sql incremental model public.emails ........................ [[32mMERGE 8916[0m in 1.08s]
[0m09:04:20  16 of 20 START sql incremental model public.dividas ............................ [RUN]
[0m09:04:21  19 of 20 OK created sql incremental model public.processos ..................... [[32mMERGE 293[0m in 0.22s]
[0m09:04:21  15 of 20 OK created sql incremental model public.telefones ..................... [[32mMERGE 19437[0m in 1.13s]
[0m09:04:21  17 of 20 START sql incremental model public.lojas .............................. [RUN]
[0m09:04:21  16 of 20 ERROR creating sql incremental model public.telefones ................. [[31mERROR[0m in 0.84s]
[0m09:04:21  17 of 20 OK created sql incremental model public.lojas ......................... [[32mMERGE 20[0m in 0.20s]
[0m09:04:21  18 of 20 START sql incremental model public.processos .......................... [RUN]
[0m09:04:21  18 of 20 OK created sql incremental model public.processos ..................... [[32mMERGE 293[0m in 0.20s]
[0m09:04:21  19 of 20 START sql incremental model public.pagamentos ......................... [RUN]
[0m09:04:21  12 of 20 OK created sql incremental model public.devedores ..................... [[32mMERGE 19895[0m in 2.31s]
[0m09:04:21  14 of 20 OK created sql incremental model public.enderecos ..................... [[32mMERGE 19895[0m in 1.93s]
[0m09:04:22  18 of 20 OK created sql incremental model public.pagamentos .................... [[32mMERGE 49777[0m in 1.89s]
[0m09:04:28  12 of 20 OK created sql incremental model public.dividas ....................... [[32mINSERT 0 228501[0m in 9.48s]
[0m09:04:28  20 of 20 START sql incremental model cobra.tb_audit_mudancas ................... [RUN]
[0m09:04:28  19 of 20 OK created sql incremental model public.pagamentos .................... [[32mMERGE 49777[0m in 7.29s]
[0m09:04:37  16 of 20 ERROR creating sql incremental model public.dividas ................... [[31mERROR[0m in 16.39s]
[0m09:04:37  20 of 20 SKIP relation cobra.audit_mudancas .................................... [[33mSKIP[0m]
[0m09:04:37  
[0m09:04:37  Finished running 9 incremental models, 11 view models in 0 hours 0 minutes and 19.56 seconds (19.56s).
[0m09:04:37  
[0m09:04:37  [31mCompleted with 4 errors, 0 partial successes, and 0 warnings:[0m
[0m09:04:37  
[0m09:04:37  [[31mERROR[0m]: in model chg_lojas (models/staging/chg_lojas.sql)
[0m09:04:37    Database Error in model chg_lojas (models/staging/chg_lojas.sql)
  relation "chg_lojas__dbt_backup" already exists
  compiled code at target/run/cobra_etl/models/staging/chg_lojas.sql
[0m09:04:37  
[0m09:04:37    compiled code at target/compiled/cobra_etl/models/staging/chg_lojas.sql
[0m09:04:37  
[0m09:04:37  [[31mERROR[0m]: in model chg_emails (models/staging/chg_emails.sql)
[0m09:04:37    Database Error in model chg_emails (models/staging/chg_emails.sql)
  relation "chg_emails__dbt_backup" already exists
  compiled code at target/run/cobra_etl/models/staging/chg_emails.sql
[0m09:04:37  
[0m09:04:37    compiled code at target/compiled/cobra_etl/models/staging/chg_emails.sql
[0m09:04:37  
[0m09:04:37  [[31mERROR[0m]: in model chg_enderecos (models/staging/chg_enderecos.sql)
[0m09:04:37    Database Error in model chg_enderecos (models/staging/chg_enderecos.sql)
  relation "chg_enderecos__dbt_backup" already exists
  compiled code at target/run/cobra_etl/models/staging/chg_enderecos.sql
[0m09:04:37  
[0m09:04:37    compiled code at target/compiled/cobra_etl/models/staging/chg_enderecos.sql
[0m09:04:37  
[0m09:04:37  [[31mERROR[0m]: in model dividas (models/mart/dividas.sql)
[0m09:04:37    Database Error in model dividas (models/mart/dividas.sql)
  deadlock detected
  DETAIL:  Process 2734354 waits for AccessExclusiveLock on relation 23265 of database 17303; blocked by process 2734400.
  Process 2734400 waits for AccessShareLock on relation 20217 of database 17303; blocked by process 2734354.
  HINT:  See server log for query details.
  compiled code at target/run/cobra_etl/models/mart/dividas.sql
[0m09:04:37  
[0m09:04:37    compiled code at target/compiled/cobra_etl/models/mart/dividas.sql
[0m09:04:37  
[0m09:04:37  Done. PASS=15 WARN=0 ERROR=4 SKIP=1 NO-OP=0 TOTAL=20
sex 05 jun 2026 06:04:38 -03 - dbt finalizado com código 0
[0m09:04:39  20 of 20 OK created sql incremental model cobra.tb_audit_mudancas .............. [[32mINSERT 0 10[0m in 11.12s]
[0m09:04:39  
[0m09:04:39  Finished running 9 incremental models, 11 view models in 0 hours 0 minutes and 22.34 seconds (22.33s).
[0m09:04:40  
[0m09:04:40  [31mCompleted with 1 error, 0 partial successes, and 0 warnings:[0m
[0m09:04:40  
[0m09:04:40  [[31mERROR[0m]: in model telefones (models/mart/telefones.sql)
[0m09:04:40    Database Error in model telefones (models/mart/telefones.sql)
  duplicate key value violates unique constraint "uq_telefones_cpf_tel_tipo"
  DETAIL:  Key (cpf_cnpj, telefone, id_tipo_telefone)=(00675576270, 92991153042, 2) already exists.
  compiled code at target/run/cobra_etl/models/mart/telefones.sql
[0m09:04:40  
[0m09:04:40    compiled code at target/compiled/cobra_etl/models/mart/telefones.sql
[0m09:04:40  
[0m09:04:40  Done. PASS=19 WARN=0 ERROR=1 SKIP=0 NO-OP=0 TOTAL=20
sex 05 jun 2026 06:04:41 -03 - dbt finalizado com código 0
sáb 06 jun 2026 06:04:47 -03 - Iniciando dbt run...
[0m09:04:51  Running with dbt=1.12.0-b1
[0m09:04:51  Registered adapter: postgres=1.10.0
[0m09:04:52  Found 20 models, 468 macros
[0m09:04:52  
[0m09:04:52  Concurrency: 4 threads (target='dev')
[0m09:04:52  
[0m09:04:53  1 of 20 START sql view model cobra_staging.chg_devedores ....................... [RUN]
[0m09:04:53  2 of 20 START sql view model cobra_staging.chg_emails .......................... [RUN]
[0m09:04:53  3 of 20 START sql view model cobra_staging.chg_enderecos ....................... [RUN]
[0m09:04:53  4 of 20 START sql view model cobra_staging.chg_lojas ........................... [RUN]
[0m09:04:53  2 of 20 OK created sql view model cobra_staging.chg_emails ..................... [[32mCREATE VIEW[0m in 0.68s]
[0m09:04:53  4 of 20 OK created sql view model cobra_staging.chg_lojas ...................... [[32mCREATE VIEW[0m in 0.69s]
[0m09:04:53  3 of 20 OK created sql view model cobra_staging.chg_enderecos .................. [[32mCREATE VIEW[0m in 0.69s]
[0m09:04:53  1 of 20 OK created sql view model cobra_staging.chg_devedores .................. [[32mCREATE VIEW[0m in 0.70s]
[0m09:04:53  5 of 20 START sql view model cobra_staging.chg_pagamentos ...................... [RUN]
[0m09:04:53  6 of 20 START sql view model cobra_staging.chg_telefones ....................... [RUN]
[0m09:04:53  7 of 20 START sql view model cobra_staging.stg_cadastro ........................ [RUN]
[0m09:04:53  8 of 20 START sql view model cobra_staging.stg_dividas ......................... [RUN]
[0m09:04:54  6 of 20 OK created sql view model cobra_staging.chg_telefones .................. [[32mCREATE VIEW[0m in 0.29s]
[0m09:04:54  8 of 20 OK created sql view model cobra_staging.stg_dividas .................... [[32mCREATE VIEW[0m in 0.30s]
[0m09:04:54  9 of 20 START sql view model cobra_staging.stg_filiais ......................... [RUN]
[0m09:04:54  5 of 20 OK created sql view model cobra_staging.chg_pagamentos ................. [[32mCREATE VIEW[0m in 0.31s]
[0m09:04:54  7 of 20 OK created sql view model cobra_staging.stg_cadastro ................... [[32mCREATE VIEW[0m in 0.31s]
[0m09:04:54  10 of 20 START sql view model cobra_staging.stg_pagamentos ..................... [RUN]
[0m09:04:54  11 of 20 START sql view model cobra_staging.stg_processos ...................... [RUN]
[0m09:04:54  12 of 20 START sql incremental model public.dividas ............................ [RUN]
[0m09:04:54  9 of 20 OK created sql view model cobra_staging.stg_filiais .................... [[32mCREATE VIEW[0m in 0.35s]
[0m09:04:54  10 of 20 OK created sql view model cobra_staging.stg_pagamentos ................ [[32mCREATE VIEW[0m in 0.33s]
[0m09:04:54  13 of 20 START sql incremental model public.devedores .......................... [RUN]
[0m09:04:54  14 of 20 START sql incremental model public.emails ............................. [RUN]
[0m09:04:54  11 of 20 OK created sql view model cobra_staging.stg_processos ................. [[32mCREATE VIEW[0m in 0.35s]
[0m09:04:54  15 of 20 START sql incremental model public.enderecos .......................... [RUN]
[0m09:04:55  14 of 20 OK created sql incremental model public.emails ........................ [[32mMERGE 8916[0m in 0.87s]
[0m09:04:55  16 of 20 START sql incremental model public.telefones .......................... [RUN]
[0m09:04:55  13 of 20 OK created sql incremental model public.devedores ..................... [[32mMERGE 19893[0m in 1.03s]
[0m09:04:55  17 of 20 START sql incremental model public.lojas .............................. [RUN]
[0m09:04:55  15 of 20 OK created sql incremental model public.enderecos ..................... [[32mMERGE 19893[0m in 1.04s]
[0m09:04:55  18 of 20 START sql incremental model public.pagamentos ......................... [RUN]
[0m09:04:55  17 of 20 OK created sql incremental model public.lojas ......................... [[32mMERGE 20[0m in 0.22s]
[0m09:04:55  19 of 20 START sql incremental model public.processos .......................... [RUN]
[0m09:04:55  19 of 20 OK created sql incremental model public.processos ..................... [[32mMERGE 293[0m in 0.19s]
[0m09:04:55  16 of 20 OK created sql incremental model public.telefones ..................... [[32mMERGE 19423[0m in 0.65s]
[0m09:04:57  18 of 20 OK created sql incremental model public.pagamentos .................... [[32mMERGE 50683[0m in 1.89s]
[0m09:05:05  12 of 20 OK created sql incremental model public.dividas ....................... [[32mINSERT 0 226830[0m in 11.27s]
[0m09:05:05  20 of 20 START sql incremental model cobra.tb_audit_mudancas ................... [RUN]
[0m09:05:08  20 of 20 OK created sql incremental model cobra.tb_audit_mudancas .............. [[32mINSERT 0 10[0m in 3.46s]
[0m09:05:08  
[0m09:05:08  Finished running 9 incremental models, 11 view models in 0 hours 0 minutes and 16.48 seconds (16.48s).
[0m09:05:09  
[0m09:05:09  [32mCompleted successfully[0m
[0m09:05:09  
[0m09:05:09  Done. PASS=20 WARN=0 ERROR=0 SKIP=0 NO-OP=0 TOTAL=20
sáb 06 jun 2026 06:05:10 -03 - dbt finalizado com código 0
dom 07 jun 2026 06:03:28 -03 - Iniciando dbt run...
[0m09:03:31  Running with dbt=1.12.0-b1
[0m09:03:32  Registered adapter: postgres=1.10.0
[0m09:03:33  Found 20 models, 468 macros
[0m09:03:33  
[0m09:03:33  Concurrency: 4 threads (target='dev')
[0m09:03:33  
[0m09:03:33  1 of 20 START sql view model cobra_staging.chg_devedores ....................... [RUN]
[0m09:03:33  2 of 20 START sql view model cobra_staging.chg_emails .......................... [RUN]
[0m09:03:33  3 of 20 START sql view model cobra_staging.chg_enderecos ....................... [RUN]
[0m09:03:33  4 of 20 START sql view model cobra_staging.chg_lojas ........................... [RUN]
[0m09:03:34  1 of 20 OK created sql view model cobra_staging.chg_devedores .................. [[32mCREATE VIEW[0m in 0.74s]
[0m09:03:34  4 of 20 OK created sql view model cobra_staging.chg_lojas ...................... [[32mCREATE VIEW[0m in 0.74s]
[0m09:03:34  3 of 20 OK created sql view model cobra_staging.chg_enderecos .................. [[32mCREATE VIEW[0m in 0.75s]
[0m09:03:34  2 of 20 OK created sql view model cobra_staging.chg_emails ..................... [[32mCREATE VIEW[0m in 0.76s]
[0m09:03:34  5 of 20 START sql view model cobra_staging.chg_pagamentos ...................... [RUN]
[0m09:03:34  6 of 20 START sql view model cobra_staging.chg_telefones ....................... [RUN]
[0m09:03:34  7 of 20 START sql view model cobra_staging.stg_cadastro ........................ [RUN]
[0m09:03:34  8 of 20 START sql view model cobra_staging.stg_dividas ......................... [RUN]
[0m09:03:34  8 of 20 OK created sql view model cobra_staging.stg_dividas .................... [[32mCREATE VIEW[0m in 0.29s]
[0m09:03:34  9 of 20 START sql view model cobra_staging.stg_filiais ......................... [RUN]
[0m09:03:34  6 of 20 OK created sql view model cobra_staging.chg_telefones .................. [[32mCREATE VIEW[0m in 0.33s]
[0m09:03:34  5 of 20 OK created sql view model cobra_staging.chg_pagamentos ................. [[32mCREATE VIEW[0m in 0.33s]
[0m09:03:34  7 of 20 OK created sql view model cobra_staging.stg_cadastro ................... [[32mCREATE VIEW[0m in 0.33s]
[0m09:03:34  10 of 20 START sql view model cobra_staging.stg_pagamentos ..................... [RUN]
[0m09:03:34  11 of 20 START sql view model cobra_staging.stg_processos ...................... [RUN]
[0m09:03:34  12 of 20 START sql incremental model public.dividas ............................ [RUN]
[0m09:03:35  9 of 20 OK created sql view model cobra_staging.stg_filiais .................... [[32mCREATE VIEW[0m in 0.30s]
[0m09:03:35  13 of 20 START sql incremental model public.devedores .......................... [RUN]
[0m09:03:35  11 of 20 OK created sql view model cobra_staging.stg_processos ................. [[32mCREATE VIEW[0m in 0.39s]
[0m09:03:35  14 of 20 START sql incremental model public.emails ............................. [RUN]
[0m09:03:35  10 of 20 OK created sql view model cobra_staging.stg_pagamentos ................ [[32mCREATE VIEW[0m in 0.42s]
[0m09:03:35  15 of 20 START sql incremental model public.enderecos .......................... [RUN]
[0m09:03:35  14 of 20 OK created sql incremental model public.emails ........................ [[32mMERGE 8908[0m in 0.71s]
[0m09:03:35  16 of 20 START sql incremental model public.telefones .......................... [RUN]
[0m09:03:36  13 of 20 OK created sql incremental model public.devedores ..................... [[32mMERGE 19883[0m in 1.07s]
[0m09:03:36  17 of 20 START sql incremental model public.lojas .............................. [RUN]
[0m09:03:36  15 of 20 OK created sql incremental model public.enderecos ..................... [[32mMERGE 19883[0m in 0.92s]
[0m09:03:36  18 of 20 START sql incremental model public.processos .......................... [RUN]
[0m09:03:36  17 of 20 OK created sql incremental model public.lojas ......................... [[32mMERGE 20[0m in 0.25s]
[0m09:03:36  19 of 20 START sql incremental model public.pagamentos ......................... [RUN]
[0m09:03:36  18 of 20 OK created sql incremental model public.processos ..................... [[32mMERGE 294[0m in 0.24s]
[0m09:03:37  16 of 20 OK created sql incremental model public.telefones ..................... [[32mMERGE 19415[0m in 1.12s]
[0m09:03:38  19 of 20 OK created sql incremental model public.pagamentos .................... [[32mMERGE 51191[0m in 1.74s]
[0m09:03:42  12 of 20 OK created sql incremental model public.dividas ....................... [[32mINSERT 0 225874[0m in 7.64s]
[0m09:03:42  20 of 20 START sql incremental model cobra.tb_audit_mudancas ................... [RUN]
[0m09:03:44  20 of 20 OK created sql incremental model cobra.tb_audit_mudancas .............. [[32mINSERT 0 10[0m in 2.34s]
[0m09:03:44  
[0m09:03:44  Finished running 9 incremental models, 11 view models in 0 hours 0 minutes and 11.83 seconds (11.83s).
[0m09:03:45  
[0m09:03:45  [32mCompleted successfully[0m
[0m09:03:45  
[0m09:03:45  Done. PASS=20 WARN=0 ERROR=0 SKIP=0 NO-OP=0 TOTAL=20
dom 07 jun 2026 06:03:46 -03 - dbt finalizado com código 0
seg 08 jun 2026 06:04:24 -03 - Iniciando dbt run...
[0m09:04:28  Running with dbt=1.12.0-b1
[0m09:04:28  Registered adapter: postgres=1.10.0
[0m09:04:29  Found 20 models, 468 macros
[0m09:04:29  
[0m09:04:29  Concurrency: 4 threads (target='dev')
[0m09:04:29  
[0m09:04:30  1 of 20 START sql view model cobra_staging.chg_devedores ....................... [RUN]
[0m09:04:30  2 of 20 START sql view model cobra_staging.chg_emails .......................... [RUN]
[0m09:04:30  3 of 20 START sql view model cobra_staging.chg_enderecos ....................... [RUN]
[0m09:04:30  4 of 20 START sql view model cobra_staging.chg_lojas ........................... [RUN]
[0m09:04:31  4 of 20 OK created sql view model cobra_staging.chg_lojas ...................... [[32mCREATE VIEW[0m in 0.74s]
[0m09:04:31  2 of 20 OK created sql view model cobra_staging.chg_emails ..................... [[32mCREATE VIEW[0m in 0.75s]
[0m09:04:31  3 of 20 OK created sql view model cobra_staging.chg_enderecos .................. [[32mCREATE VIEW[0m in 0.77s]
[0m09:04:31  5 of 20 START sql view model cobra_staging.chg_pagamentos ...................... [RUN]
[0m09:04:31  1 of 20 OK created sql view model cobra_staging.chg_devedores .................. [[32mCREATE VIEW[0m in 0.78s]
[0m09:04:31  6 of 20 START sql view model cobra_staging.chg_telefones ....................... [RUN]
[0m09:04:31  7 of 20 START sql view model cobra_staging.stg_cadastro ........................ [RUN]
[0m09:04:31  8 of 20 START sql view model cobra_staging.stg_dividas ......................... [RUN]
[0m09:04:31  5 of 20 OK created sql view model cobra_staging.chg_pagamentos ................. [[32mCREATE VIEW[0m in 0.27s]
[0m09:04:31  9 of 20 START sql view model cobra_staging.stg_filiais ......................... [RUN]
[0m09:04:31  6 of 20 OK created sql view model cobra_staging.chg_telefones .................. [[32mCREATE VIEW[0m in 0.30s]
[0m09:04:31  10 of 20 START sql view model cobra_staging.stg_pagamentos ..................... [RUN]
[0m09:04:31  8 of 20 OK created sql view model cobra_staging.stg_dividas .................... [[32mCREATE VIEW[0m in 0.31s]
[0m09:04:31  7 of 20 OK created sql view model cobra_staging.stg_cadastro ................... [[32mCREATE VIEW[0m in 0.31s]
[0m09:04:31  11 of 20 START sql view model cobra_staging.stg_processos ...................... [RUN]
[0m09:04:31  12 of 20 START sql incremental model public.dividas ............................ [RUN]
[0m09:04:31  9 of 20 OK created sql view model cobra_staging.stg_filiais .................... [[32mCREATE VIEW[0m in 0.34s]
[0m09:04:31  10 of 20 OK created sql view model cobra_staging.stg_pagamentos ................ [[32mCREATE VIEW[0m in 0.31s]
[0m09:04:31  13 of 20 START sql incremental model public.devedores .......................... [RUN]
[0m09:04:31  14 of 20 START sql incremental model public.emails ............................. [RUN]
[0m09:04:31  11 of 20 OK created sql view model cobra_staging.stg_processos ................. [[32mCREATE VIEW[0m in 0.43s]
[0m09:04:31  15 of 20 START sql incremental model public.enderecos .......................... [RUN]
[0m09:04:32  14 of 20 OK created sql incremental model public.emails ........................ [[32mMERGE 8919[0m in 0.87s]
[0m09:04:32  16 of 20 START sql incremental model public.telefones .......................... [RUN]
[0m09:04:32  13 of 20 OK created sql incremental model public.devedores ..................... [[32mMERGE 19894[0m in 1.10s]
[0m09:04:32  17 of 20 START sql incremental model public.lojas .............................. [RUN]
[0m09:04:32  15 of 20 OK created sql incremental model public.enderecos ..................... [[32mMERGE 19894[0m in 0.98s]
[0m09:04:32  18 of 20 START sql incremental model public.pagamentos ......................... [RUN]
[0m09:04:33  17 of 20 OK created sql incremental model public.lojas ......................... [[32mMERGE 20[0m in 0.24s]
[0m09:04:33  19 of 20 START sql incremental model public.processos .......................... [RUN]
[0m09:04:33  19 of 20 OK created sql incremental model public.processos ..................... [[32mMERGE 294[0m in 0.21s]
[0m09:04:33  16 of 20 OK created sql incremental model public.telefones ..................... [[32mMERGE 19427[0m in 0.93s]
[0m09:04:34  18 of 20 OK created sql incremental model public.pagamentos .................... [[32mMERGE 50506[0m in 1.82s]
[0m09:04:39  12 of 20 OK created sql incremental model public.dividas ....................... [[32mINSERT 0 226492[0m in 8.33s]
[0m09:04:39  20 of 20 START sql incremental model cobra.tb_audit_mudancas ................... [RUN]
[0m09:04:42  20 of 20 OK created sql incremental model cobra.tb_audit_mudancas .............. [[32mINSERT 0 10[0m in 2.40s]
[0m09:04:42  
[0m09:04:42  Finished running 9 incremental models, 11 view models in 0 hours 0 minutes and 12.64 seconds (12.64s).
[0m09:04:42  
[0m09:04:42  [32mCompleted successfully[0m
[0m09:04:42  
[0m09:04:42  Done. PASS=20 WARN=0 ERROR=0 SKIP=0 NO-OP=0 TOTAL=20
seg 08 jun 2026 06:04:43 -03 - dbt finalizado com código 0
ter 09 jun 2026 06:04:35 -03 - Iniciando dbt run...
[0m09:04:39  Running with dbt=1.12.0-b1
[0m09:04:39  Registered adapter: postgres=1.10.0
[0m09:04:40  Found 20 models, 468 macros
[0m09:04:40  
[0m09:04:40  Concurrency: 4 threads (target='dev')
[0m09:04:40  
[0m09:04:41  1 of 20 START sql view model cobra_staging.chg_devedores ....................... [RUN]
[0m09:04:41  2 of 20 START sql view model cobra_staging.chg_emails .......................... [RUN]
[0m09:04:41  3 of 20 START sql view model cobra_staging.chg_enderecos ....................... [RUN]
[0m09:04:41  4 of 20 START sql view model cobra_staging.chg_lojas ........................... [RUN]
[0m09:04:42  2 of 20 OK created sql view model cobra_staging.chg_emails ..................... [[32mCREATE VIEW[0m in 0.77s]
[0m09:04:42  3 of 20 OK created sql view model cobra_staging.chg_enderecos .................. [[32mCREATE VIEW[0m in 0.78s]
[0m09:04:42  1 of 20 OK created sql view model cobra_staging.chg_devedores .................. [[32mCREATE VIEW[0m in 0.78s]
[0m09:04:42  4 of 20 OK created sql view model cobra_staging.chg_lojas ...................... [[32mCREATE VIEW[0m in 0.78s]
[0m09:04:42  5 of 20 START sql view model cobra_staging.chg_pagamentos ...................... [RUN]
[0m09:04:42  6 of 20 START sql view model cobra_staging.chg_telefones ....................... [RUN]
[0m09:04:42  7 of 20 START sql view model cobra_staging.stg_cadastro ........................ [RUN]
[0m09:04:42  8 of 20 START sql view model cobra_staging.stg_dividas ......................... [RUN]
[0m09:04:42  6 of 20 OK created sql view model cobra_staging.chg_telefones .................. [[32mCREATE VIEW[0m in 0.31s]
[0m09:04:42  9 of 20 START sql view model cobra_staging.stg_filiais ......................... [RUN]
[0m09:04:42  7 of 20 OK created sql view model cobra_staging.stg_cadastro ................... [[32mCREATE VIEW[0m in 0.34s]
[0m09:04:42  8 of 20 OK created sql view model cobra_staging.stg_dividas .................... [[32mCREATE VIEW[0m in 0.34s]
[0m09:04:42  5 of 20 OK created sql view model cobra_staging.chg_pagamentos ................. [[32mCREATE VIEW[0m in 0.35s]
[0m09:04:42  10 of 20 START sql view model cobra_staging.stg_pagamentos ..................... [RUN]
[0m09:04:42  11 of 20 START sql view model cobra_staging.stg_processos ...................... [RUN]
[0m09:04:42  12 of 20 START sql incremental model public.devedores .......................... [RUN]
[0m09:04:42  9 of 20 OK created sql view model cobra_staging.stg_filiais .................... [[32mCREATE VIEW[0m in 0.33s]
[0m09:04:42  13 of 20 START sql incremental model public.emails ............................. [RUN]
[0m09:04:42  11 of 20 OK created sql view model cobra_staging.stg_processos ................. [[32mCREATE VIEW[0m in 0.40s]
[0m09:04:42  10 of 20 OK created sql view model cobra_staging.stg_pagamentos ................ [[32mCREATE VIEW[0m in 0.45s]
[0m09:04:42  14 of 20 START sql incremental model public.enderecos .......................... [RUN]
[0m09:04:42  15 of 20 START sql incremental model public.telefones .......................... [RUN]
[0m09:04:43  13 of 20 OK created sql incremental model public.emails ........................ [[32mMERGE 9004[0m in 0.56s]
[0m09:04:43  16 of 20 START sql incremental model public.dividas ............................ [RUN]
[0m09:04:43  12 of 20 OK created sql incremental model public.devedores ..................... [[32mMERGE 19980[0m in 1.00s]
[0m09:04:43  17 of 20 START sql incremental model public.lojas .............................. [RUN]
[0m09:04:43  14 of 20 OK created sql incremental model public.enderecos ..................... [[32mMERGE 19980[0m in 0.60s]
[0m09:04:43  18 of 20 START sql incremental model public.processos .......................... [RUN]
[0m09:04:43  17 of 20 OK created sql incremental model public.lojas ......................... [[32mMERGE 20[0m in 0.26s]
[0m09:04:43  15 of 20 OK created sql incremental model public.telefones ..................... [[32mMERGE 19512[0m in 0.81s]
[0m09:04:43  19 of 20 START sql incremental model public.pagamentos ......................... [RUN]
[0m09:04:43  18 of 20 OK created sql incremental model public.processos ..................... [[32mMERGE 294[0m in 0.24s]
[0m09:04:45  19 of 20 OK created sql incremental model public.pagamentos .................... [[32mMERGE 50940[0m in 1.36s]
[0m09:04:53  16 of 20 OK created sql incremental model public.dividas ....................... [[32mINSERT 0 224590[0m in 10.07s]
[0m09:04:53  20 of 20 START sql incremental model cobra.tb_audit_mudancas ................... [RUN]
[0m09:04:58  20 of 20 OK created sql incremental model cobra.tb_audit_mudancas .............. [[32mINSERT 0 10[0m in 5.46s]
[0m09:04:58  
[0m09:04:58  Finished running 9 incremental models, 11 view models in 0 hours 0 minutes and 18.39 seconds (18.39s).
[0m09:04:59  
[0m09:04:59  [32mCompleted successfully[0m
[0m09:04:59  
[0m09:04:59  Done. PASS=20 WARN=0 ERROR=0 SKIP=0 NO-OP=0 TOTAL=20
ter 09 jun 2026 06:05:00 -03 - dbt finalizado com código 0
qua 10 jun 2026 06:04:00 -03 - Iniciando dbt run...
[0m09:04:04  Running with dbt=1.12.0-b1
[0m09:04:04  Registered adapter: postgres=1.10.0
[0m09:04:05  Found 20 models, 468 macros
[0m09:04:05  
[0m09:04:05  Concurrency: 4 threads (target='dev')
[0m09:04:05  
[0m09:04:06  1 of 20 START sql view model cobra_staging.chg_devedores ....................... [RUN]
[0m09:04:06  2 of 20 START sql view model cobra_staging.chg_emails .......................... [RUN]
[0m09:04:06  3 of 20 START sql view model cobra_staging.chg_enderecos ....................... [RUN]
[0m09:04:06  4 of 20 START sql view model cobra_staging.chg_lojas ........................... [RUN]
[0m09:04:07  3 of 20 OK created sql view model cobra_staging.chg_enderecos .................. [[32mCREATE VIEW[0m in 0.72s]
[0m09:04:07  2 of 20 OK created sql view model cobra_staging.chg_emails ..................... [[32mCREATE VIEW[0m in 0.73s]
[0m09:04:07  5 of 20 START sql view model cobra_staging.chg_pagamentos ...................... [RUN]
[0m09:04:07  6 of 20 START sql view model cobra_staging.chg_telefones ....................... [RUN]
[0m09:04:07  1 of 20 OK created sql view model cobra_staging.chg_devedores .................. [[32mCREATE VIEW[0m in 0.75s]
[0m09:04:07  4 of 20 OK created sql view model cobra_staging.chg_lojas ...................... [[32mCREATE VIEW[0m in 0.75s]
[0m09:04:07  7 of 20 START sql view model cobra_staging.stg_cadastro ........................ [RUN]
[0m09:04:07  8 of 20 START sql view model cobra_staging.stg_dividas ......................... [RUN]
[0m09:04:07  5 of 20 OK created sql view model cobra_staging.chg_pagamentos ................. [[32mCREATE VIEW[0m in 0.32s]
[0m09:04:07  7 of 20 OK created sql view model cobra_staging.stg_cadastro ................... [[32mCREATE VIEW[0m in 0.31s]
[0m09:04:07  9 of 20 START sql view model cobra_staging.stg_filiais ......................... [RUN]
[0m09:04:07  8 of 20 OK created sql view model cobra_staging.stg_dividas .................... [[32mCREATE VIEW[0m in 0.31s]
[0m09:04:07  6 of 20 OK created sql view model cobra_staging.chg_telefones .................. [[32mCREATE VIEW[0m in 0.34s]
[0m09:04:07  10 of 20 START sql view model cobra_staging.stg_pagamentos ..................... [RUN]
[0m09:04:07  11 of 20 START sql view model cobra_staging.stg_processos ...................... [RUN]
[0m09:04:07  12 of 20 START sql incremental model public.devedores .......................... [RUN]
[0m09:04:07  9 of 20 OK created sql view model cobra_staging.stg_filiais .................... [[32mCREATE VIEW[0m in 0.29s]
[0m09:04:07  13 of 20 START sql incremental model public.emails ............................. [RUN]
[0m09:04:07  10 of 20 OK created sql view model cobra_staging.stg_pagamentos ................ [[32mCREATE VIEW[0m in 0.40s]
[0m09:04:07  14 of 20 START sql incremental model public.enderecos .......................... [RUN]
[0m09:04:07  11 of 20 OK created sql view model cobra_staging.stg_processos ................. [[32mCREATE VIEW[0m in 0.41s]
[0m09:04:07  15 of 20 START sql incremental model public.telefones .......................... [RUN]
[0m09:04:08  13 of 20 OK created sql incremental model public.emails ........................ [[32mMERGE 8991[0m in 0.55s]
[0m09:04:08  16 of 20 START sql incremental model public.dividas ............................ [RUN]
[0m09:04:08  12 of 20 OK created sql incremental model public.devedores ..................... [[32mMERGE 19950[0m in 0.96s]
[0m09:04:08  17 of 20 START sql incremental model public.lojas .............................. [RUN]
[0m09:04:08  14 of 20 OK created sql incremental model public.enderecos ..................... [[32mMERGE 19950[0m in 0.76s]
[0m09:04:08  18 of 20 START sql incremental model public.pagamentos ......................... [RUN]
[0m09:04:08  17 of 20 OK created sql incremental model public.lojas ......................... [[32mMERGE 20[0m in 0.24s]
[0m09:04:08  19 of 20 START sql incremental model public.processos .......................... [RUN]
[0m09:04:08  19 of 20 OK created sql incremental model public.processos ..................... [[32mMERGE 294[0m in 0.20s]
[0m09:04:08  15 of 20 OK created sql incremental model public.telefones ..................... [[32mMERGE 19484[0m in 1.03s]
[0m09:04:10  18 of 20 OK created sql incremental model public.pagamentos .................... [[32mMERGE 51123[0m in 2.07s]
[0m09:04:14  16 of 20 OK created sql incremental model public.dividas ....................... [[32mINSERT 0 227182[0m in 6.40s]
[0m09:04:14  20 of 20 START sql incremental model cobra.tb_audit_mudancas ................... [RUN]
[0m09:04:17  20 of 20 OK created sql incremental model cobra.tb_audit_mudancas .............. [[32mINSERT 0 10[0m in 2.41s]
[0m09:04:17  
[0m09:04:17  Finished running 9 incremental models, 11 view models in 0 hours 0 minutes and 11.54 seconds (11.54s).
[0m09:04:17  
[0m09:04:17  [32mCompleted successfully[0m
[0m09:04:17  
[0m09:04:17  Done. PASS=20 WARN=0 ERROR=0 SKIP=0 NO-OP=0 TOTAL=20
qua 10 jun 2026 06:04:18 -03 - dbt finalizado com código 0
qui 11 jun 2026 06:04:17 -03 - Iniciando dbt run...
[0m09:04:20  Running with dbt=1.12.0-b1
[0m09:04:21  Registered adapter: postgres=1.10.0
[0m09:04:22  Found 20 models, 468 macros
[0m09:04:22  
[0m09:04:22  Concurrency: 4 threads (target='dev')
[0m09:04:22  
[0m09:04:23  1 of 20 START sql view model cobra_staging.chg_devedores ....................... [RUN]
[0m09:04:23  2 of 20 START sql view model cobra_staging.chg_emails .......................... [RUN]
[0m09:04:23  3 of 20 START sql view model cobra_staging.chg_enderecos ....................... [RUN]
[0m09:04:23  4 of 20 START sql view model cobra_staging.chg_lojas ........................... [RUN]
[0m09:04:23  4 of 20 OK created sql view model cobra_staging.chg_lojas ...................... [[32mCREATE VIEW[0m in 0.71s]
[0m09:04:23  5 of 20 START sql view model cobra_staging.chg_pagamentos ...................... [RUN]
[0m09:04:23  1 of 20 OK created sql view model cobra_staging.chg_devedores .................. [[32mCREATE VIEW[0m in 0.74s]
[0m09:04:23  2 of 20 OK created sql view model cobra_staging.chg_emails ..................... [[32mCREATE VIEW[0m in 0.74s]
[0m09:04:23  3 of 20 OK created sql view model cobra_staging.chg_enderecos .................. [[32mCREATE VIEW[0m in 0.75s]
[0m09:04:23  6 of 20 START sql view model cobra_staging.chg_telefones ....................... [RUN]
[0m09:04:23  7 of 20 START sql view model cobra_staging.stg_cadastro ........................ [RUN]
[0m09:04:23  8 of 20 START sql view model cobra_staging.stg_dividas ......................... [RUN]
[0m09:04:24  5 of 20 OK created sql view model cobra_staging.chg_pagamentos ................. [[32mCREATE VIEW[0m in 0.18s]
[0m09:04:24  9 of 20 START sql view model cobra_staging.stg_filiais ......................... [RUN]
[0m09:04:24  6 of 20 OK created sql view model cobra_staging.chg_telefones .................. [[32mCREATE VIEW[0m in 0.32s]
[0m09:04:24  7 of 20 OK created sql view model cobra_staging.stg_cadastro ................... [[32mCREATE VIEW[0m in 0.32s]
[0m09:04:24  8 of 20 OK created sql view model cobra_staging.stg_dividas .................... [[32mCREATE VIEW[0m in 0.33s]
[0m09:04:24  10 of 20 START sql view model cobra_staging.stg_pagamentos ..................... [RUN]
[0m09:04:24  11 of 20 START sql view model cobra_staging.stg_processos ...................... [RUN]
[0m09:04:24  12 of 20 START sql incremental model public.devedores .......................... [RUN]
[0m09:04:24  9 of 20 OK created sql view model cobra_staging.stg_filiais .................... [[32mCREATE VIEW[0m in 0.41s]
[0m09:04:24  13 of 20 START sql incremental model public.emails ............................. [RUN]
[0m09:04:24  11 of 20 OK created sql view model cobra_staging.stg_processos ................. [[32mCREATE VIEW[0m in 0.36s]
[0m09:04:24  10 of 20 OK created sql view model cobra_staging.stg_pagamentos ................ [[32mCREATE VIEW[0m in 0.38s]
[0m09:04:24  14 of 20 START sql incremental model public.enderecos .......................... [RUN]
[0m09:04:24  15 of 20 START sql incremental model public.telefones .......................... [RUN]
[0m09:04:25  13 of 20 OK created sql incremental model public.emails ........................ [[32mMERGE 8985[0m in 0.66s]
[0m09:04:25  16 of 20 START sql incremental model public.dividas ............................ [RUN]
[0m09:04:25  12 of 20 OK created sql incremental model public.devedores ..................... [[32mMERGE 19941[0m in 1.01s]
[0m09:04:25  17 of 20 START sql incremental model public.lojas .............................. [RUN]
[0m09:04:25  14 of 20 OK created sql incremental model public.enderecos ..................... [[32mMERGE 19941[0m in 0.83s]
[0m09:04:25  18 of 20 START sql incremental model public.processos .......................... [RUN]
[0m09:04:25  17 of 20 OK created sql incremental model public.lojas ......................... [[32mMERGE 20[0m in 0.22s]
[0m09:04:25  19 of 20 START sql incremental model public.pagamentos ......................... [RUN]
[0m09:04:25  15 of 20 OK created sql incremental model public.telefones ..................... [[32mMERGE 19475[0m in 0.99s]
[0m09:04:25  18 of 20 OK created sql incremental model public.processos ..................... [[32mMERGE 294[0m in 0.21s]
[0m09:04:27  19 of 20 OK created sql incremental model public.pagamentos .................... [[32mMERGE 51279[0m in 1.71s]
[0m09:04:36  16 of 20 OK created sql incremental model public.dividas ....................... [[32mINSERT 0 226288[0m in 11.11s]
[0m09:04:36  20 of 20 START sql incremental model cobra.tb_audit_mudancas ................... [RUN]
[0m09:04:40  20 of 20 OK created sql incremental model cobra.tb_audit_mudancas .............. [[32mINSERT 0 10[0m in 4.75s]
[0m09:04:41  
[0m09:04:41  Finished running 9 incremental models, 11 view models in 0 hours 0 minutes and 18.69 seconds (18.69s).
[0m09:04:41  
[0m09:04:41  [32mCompleted successfully[0m
[0m09:04:41  
[0m09:04:41  Done. PASS=20 WARN=0 ERROR=0 SKIP=0 NO-OP=0 TOTAL=20
qui 11 jun 2026 06:04:42 -03 - dbt finalizado com código 0
sex 12 jun 2026 06:04:05 -03 - Iniciando dbt run...
[0m09:04:08  Running with dbt=1.12.0-b1
[0m09:04:09  Registered adapter: postgres=1.10.0
[0m09:04:10  Found 20 models, 468 macros
[0m09:04:10  
[0m09:04:10  Concurrency: 4 threads (target='dev')
[0m09:04:10  
[0m09:04:11  1 of 20 START sql view model cobra_staging.chg_devedores ....................... [RUN]
[0m09:04:11  2 of 20 START sql view model cobra_staging.chg_emails .......................... [RUN]
[0m09:04:11  3 of 20 START sql view model cobra_staging.chg_enderecos ....................... [RUN]
[0m09:04:11  4 of 20 START sql view model cobra_staging.chg_lojas ........................... [RUN]
[0m09:04:11  3 of 20 OK created sql view model cobra_staging.chg_enderecos .................. [[32mCREATE VIEW[0m in 0.81s]
[0m09:04:11  1 of 20 OK created sql view model cobra_staging.chg_devedores .................. [[32mCREATE VIEW[0m in 0.82s]
[0m09:04:11  2 of 20 OK created sql view model cobra_staging.chg_emails ..................... [[32mCREATE VIEW[0m in 0.81s]
[0m09:04:11  4 of 20 OK created sql view model cobra_staging.chg_lojas ...................... [[32mCREATE VIEW[0m in 0.82s]
[0m09:04:12  5 of 20 START sql view model cobra_staging.chg_pagamentos ...................... [RUN]
[0m09:04:12  6 of 20 START sql view model cobra_staging.chg_telefones ....................... [RUN]
[0m09:04:12  7 of 20 START sql view model cobra_staging.stg_cadastro ........................ [RUN]
[0m09:04:12  8 of 20 START sql view model cobra_staging.stg_dividas ......................... [RUN]
[0m09:04:12  6 of 20 OK created sql view model cobra_staging.chg_telefones .................. [[32mCREATE VIEW[0m in 0.32s]
[0m09:04:12  5 of 20 OK created sql view model cobra_staging.chg_pagamentos ................. [[32mCREATE VIEW[0m in 0.33s]
[0m09:04:12  7 of 20 OK created sql view model cobra_staging.stg_cadastro ................... [[32mCREATE VIEW[0m in 0.33s]
[0m09:04:12  8 of 20 OK created sql view model cobra_staging.stg_dividas .................... [[32mCREATE VIEW[0m in 0.34s]
[0m09:04:12  9 of 20 START sql view model cobra_staging.stg_filiais ......................... [RUN]
[0m09:04:12  10 of 20 START sql view model cobra_staging.stg_pagamentos ..................... [RUN]
[0m09:04:12  11 of 20 START sql view model cobra_staging.stg_processos ...................... [RUN]
[0m09:04:12  12 of 20 START sql incremental model public.devedores .......................... [RUN]
[0m09:04:12  9 of 20 OK created sql view model cobra_staging.stg_filiais .................... [[32mCREATE VIEW[0m in 0.41s]
[0m09:04:12  11 of 20 OK created sql view model cobra_staging.stg_processos ................. [[32mCREATE VIEW[0m in 0.40s]
[0m09:04:12  13 of 20 START sql incremental model public.emails ............................. [RUN]
[0m09:04:12  14 of 20 START sql incremental model public.enderecos .......................... [RUN]
[0m09:04:12  10 of 20 OK created sql view model cobra_staging.stg_pagamentos ................ [[32mCREATE VIEW[0m in 0.42s]
[0m09:04:12  15 of 20 START sql incremental model public.telefones .......................... [RUN]
[0m09:04:13  12 of 20 OK created sql incremental model public.devedores ..................... [[32mMERGE 24655[0m in 0.97s]
[0m09:04:13  16 of 20 START sql incremental model public.dividas ............................ [RUN]
[0m09:04:13  13 of 20 OK created sql incremental model public.emails ........................ [[32mMERGE 10832[0m in 0.64s]
[0m09:04:13  17 of 20 START sql incremental model public.lojas .............................. [RUN]
[0m09:04:13  14 of 20 OK created sql incremental model public.enderecos ..................... [[32mMERGE 24655[0m in 0.84s]
[0m09:04:13  18 of 20 START sql incremental model public.processos .......................... [RUN]
[0m09:04:13  17 of 20 OK created sql incremental model public.lojas ......................... [[32mMERGE 20[0m in 0.24s]
[0m09:04:13  19 of 20 START sql incremental model public.pagamentos ......................... [RUN]
[0m09:04:13  15 of 20 OK created sql incremental model public.telefones ..................... [[32mMERGE 23659[0m in 0.94s]
[0m09:04:13  18 of 20 OK created sql incremental model public.processos ..................... [[32mMERGE 294[0m in 0.23s]
[0m09:04:15  19 of 20 OK created sql incremental model public.pagamentos .................... [[32mMERGE 51395[0m in 1.68s]
[0m09:04:22  16 of 20 OK created sql incremental model public.dividas ....................... [[32mINSERT 0 225863[0m in 9.61s]
[0m09:04:22  20 of 20 START sql incremental model cobra.tb_audit_mudancas ................... [RUN]
[0m09:04:26  20 of 20 OK created sql incremental model cobra.tb_audit_mudancas .............. [[32mINSERT 0 10[0m in 3.16s]
[0m09:04:26  
[0m09:04:26  Finished running 9 incremental models, 11 view models in 0 hours 0 minutes and 15.76 seconds (15.76s).
[0m09:04:26  
[0m09:04:26  [32mCompleted successfully[0m
[0m09:04:26  
[0m09:04:26  Done. PASS=20 WARN=0 ERROR=0 SKIP=0 NO-OP=0 TOTAL=20
sex 12 jun 2026 06:04:27 -03 - dbt finalizado com código 0
sáb 13 jun 2026 06:04:06 -03 - Iniciando dbt run...
[0m09:04:09  Running with dbt=1.12.0-b1
[0m09:04:10  Registered adapter: postgres=1.10.0
[0m09:04:11  Found 20 models, 468 macros
[0m09:04:11  
[0m09:04:11  Concurrency: 4 threads (target='dev')
[0m09:04:11  
[0m09:04:11  1 of 20 START sql view model cobra_staging.chg_devedores ....................... [RUN]
[0m09:04:11  2 of 20 START sql view model cobra_staging.chg_emails .......................... [RUN]
[0m09:04:11  3 of 20 START sql view model cobra_staging.chg_enderecos ....................... [RUN]
[0m09:04:11  4 of 20 START sql view model cobra_staging.chg_lojas ........................... [RUN]
[0m09:04:12  1 of 20 OK created sql view model cobra_staging.chg_devedores .................. [[32mCREATE VIEW[0m in 0.75s]
[0m09:04:12  5 of 20 START sql view model cobra_staging.chg_pagamentos ...................... [RUN]
[0m09:04:12  4 of 20 OK created sql view model cobra_staging.chg_lojas ...................... [[32mCREATE VIEW[0m in 0.78s]
[0m09:04:12  2 of 20 OK created sql view model cobra_staging.chg_emails ..................... [[32mCREATE VIEW[0m in 0.78s]
[0m09:04:12  3 of 20 OK created sql view model cobra_staging.chg_enderecos .................. [[32mCREATE VIEW[0m in 0.79s]
[0m09:04:12  6 of 20 START sql view model cobra_staging.chg_telefones ....................... [RUN]
[0m09:04:12  7 of 20 START sql view model cobra_staging.stg_cadastro ........................ [RUN]
[0m09:04:12  8 of 20 START sql view model cobra_staging.stg_dividas ......................... [RUN]
[0m09:04:12  5 of 20 OK created sql view model cobra_staging.chg_pagamentos ................. [[32mCREATE VIEW[0m in 0.25s]
[0m09:04:12  9 of 20 START sql view model cobra_staging.stg_filiais ......................... [RUN]
[0m09:04:12  8 of 20 OK created sql view model cobra_staging.stg_dividas .................... [[32mCREATE VIEW[0m in 0.29s]
[0m09:04:12  7 of 20 OK created sql view model cobra_staging.stg_cadastro ................... [[32mCREATE VIEW[0m in 0.33s]
[0m09:04:12  10 of 20 START sql view model cobra_staging.stg_pagamentos ..................... [RUN]
[0m09:04:12  6 of 20 OK created sql view model cobra_staging.chg_telefones .................. [[32mCREATE VIEW[0m in 0.33s]
[0m09:04:12  11 of 20 START sql view model cobra_staging.stg_processos ...................... [RUN]
[0m09:04:12  12 of 20 START sql incremental model public.dividas ............................ [RUN]
[0m09:04:13  9 of 20 OK created sql view model cobra_staging.stg_filiais .................... [[32mCREATE VIEW[0m in 0.35s]
[0m09:04:13  13 of 20 START sql incremental model public.devedores .......................... [RUN]
[0m09:04:13  10 of 20 OK created sql view model cobra_staging.stg_pagamentos ................ [[32mCREATE VIEW[0m in 0.31s]
[0m09:04:13  14 of 20 START sql incremental model public.emails ............................. [RUN]
[0m09:04:13  11 of 20 OK created sql view model cobra_staging.stg_processos ................. [[32mCREATE VIEW[0m in 0.43s]
[0m09:04:13  15 of 20 START sql incremental model public.enderecos .......................... [RUN]
[0m09:04:14  14 of 20 OK created sql incremental model public.emails ........................ [[32mMERGE 10783[0m in 0.77s]
[0m09:04:14  16 of 20 START sql incremental model public.telefones .......................... [RUN]
[0m09:04:14  13 of 20 OK created sql incremental model public.devedores ..................... [[32mMERGE 24605[0m in 1.12s]
[0m09:04:14  17 of 20 START sql incremental model public.lojas .............................. [RUN]
[0m09:04:14  15 of 20 OK created sql incremental model public.enderecos ..................... [[32mMERGE 24605[0m in 1.02s]
[0m09:04:14  18 of 20 START sql incremental model public.pagamentos ......................... [RUN]
[0m09:04:14  17 of 20 OK created sql incremental model public.lojas ......................... [[32mMERGE 20[0m in 0.23s]
[0m09:04:14  19 of 20 START sql incremental model public.processos .......................... [RUN]
[0m09:04:14  19 of 20 OK created sql incremental model public.processos ..................... [[32mMERGE 294[0m in 0.20s]
[0m09:04:15  16 of 20 OK created sql incremental model public.telefones ..................... [[32mMERGE 23609[0m in 1.26s]
[0m09:04:16  18 of 20 OK created sql incremental model public.pagamentos .................... [[32mMERGE 51519[0m in 1.57s]
[0m09:04:19  12 of 20 OK created sql incremental model public.dividas ....................... [[32mINSERT 0 225652[0m in 6.82s]
[0m09:04:19  20 of 20 START sql incremental model cobra.tb_audit_mudancas ................... [RUN]
[0m09:04:22  20 of 20 OK created sql incremental model cobra.tb_audit_mudancas .............. [[32mINSERT 0 10[0m in 2.49s]
[0m09:04:22  
[0m09:04:22  Finished running 9 incremental models, 11 view models in 0 hours 0 minutes and 11.27 seconds (11.27s).
[0m09:04:22  
[0m09:04:22  [32mCompleted successfully[0m
[0m09:04:22  
[0m09:04:22  Done. PASS=20 WARN=0 ERROR=0 SKIP=0 NO-OP=0 TOTAL=20
sáb 13 jun 2026 06:04:23 -03 - dbt finalizado com código 0
dom 14 jun 2026 06:03:32 -03 - Iniciando dbt run...
[0m09:03:36  Running with dbt=1.12.0-b1
[0m09:03:36  Registered adapter: postgres=1.10.0
[0m09:03:37  Found 20 models, 468 macros
[0m09:03:37  
[0m09:03:37  Concurrency: 4 threads (target='dev')
[0m09:03:37  
[0m09:03:38  1 of 20 START sql view model cobra_staging.chg_devedores ....................... [RUN]
[0m09:03:38  2 of 20 START sql view model cobra_staging.chg_emails .......................... [RUN]
[0m09:03:38  3 of 20 START sql view model cobra_staging.chg_enderecos ....................... [RUN]
[0m09:03:38  4 of 20 START sql view model cobra_staging.chg_lojas ........................... [RUN]
[0m09:03:38  2 of 20 OK created sql view model cobra_staging.chg_emails ..................... [[32mCREATE VIEW[0m in 0.65s]
[0m09:03:38  5 of 20 START sql view model cobra_staging.chg_pagamentos ...................... [RUN]
[0m09:03:38  1 of 20 OK created sql view model cobra_staging.chg_devedores .................. [[32mCREATE VIEW[0m in 0.68s]
[0m09:03:38  4 of 20 OK created sql view model cobra_staging.chg_lojas ...................... [[32mCREATE VIEW[0m in 0.68s]
[0m09:03:38  3 of 20 OK created sql view model cobra_staging.chg_enderecos .................. [[32mCREATE VIEW[0m in 0.69s]
[0m09:03:38  6 of 20 START sql view model cobra_staging.chg_telefones ....................... [RUN]
[0m09:03:38  7 of 20 START sql view model cobra_staging.stg_cadastro ........................ [RUN]
[0m09:03:38  8 of 20 START sql view model cobra_staging.stg_dividas ......................... [RUN]
[0m09:03:39  5 of 20 OK created sql view model cobra_staging.chg_pagamentos ................. [[32mCREATE VIEW[0m in 0.24s]
[0m09:03:39  9 of 20 START sql view model cobra_staging.stg_filiais ......................... [RUN]
[0m09:03:39  6 of 20 OK created sql view model cobra_staging.chg_telefones .................. [[32mCREATE VIEW[0m in 0.31s]
[0m09:03:39  10 of 20 START sql view model cobra_staging.stg_pagamentos ..................... [RUN]
[0m09:03:39  8 of 20 OK created sql view model cobra_staging.stg_dividas .................... [[32mCREATE VIEW[0m in 0.33s]
[0m09:03:39  7 of 20 OK created sql view model cobra_staging.stg_cadastro ................... [[32mCREATE VIEW[0m in 0.33s]
[0m09:03:39  11 of 20 START sql view model cobra_staging.stg_processos ...................... [RUN]
[0m09:03:39  12 of 20 START sql incremental model public.devedores .......................... [RUN]
[0m09:03:39  9 of 20 OK created sql view model cobra_staging.stg_filiais .................... [[32mCREATE VIEW[0m in 0.39s]
[0m09:03:39  13 of 20 START sql incremental model public.dividas ............................ [RUN]
[0m09:03:39  10 of 20 OK created sql view model cobra_staging.stg_pagamentos ................ [[32mCREATE VIEW[0m in 0.38s]
[0m09:03:39  14 of 20 START sql incremental model public.emails ............................. [RUN]
[0m09:03:39  11 of 20 OK created sql view model cobra_staging.stg_processos ................. [[32mCREATE VIEW[0m in 0.42s]
[0m09:03:39  15 of 20 START sql incremental model public.enderecos .......................... [RUN]
[0m09:03:40  14 of 20 OK created sql incremental model public.emails ........................ [[32mMERGE 10794[0m in 0.56s]
[0m09:03:40  16 of 20 START sql incremental model public.telefones .......................... [RUN]
[0m09:03:40  12 of 20 OK created sql incremental model public.devedores ..................... [[32mMERGE 24613[0m in 1.21s]
[0m09:03:40  17 of 20 START sql incremental model public.lojas .............................. [RUN]
[0m09:03:40  15 of 20 OK created sql incremental model public.enderecos ..................... [[32mMERGE 24613[0m in 0.82s]
[0m09:03:40  18 of 20 START sql incremental model public.pagamentos ......................... [RUN]
[0m09:03:40  17 of 20 OK created sql incremental model public.lojas ......................... [[32mMERGE 20[0m in 0.23s]
[0m09:03:40  19 of 20 START sql incremental model public.processos .......................... [RUN]
[0m09:03:40  19 of 20 OK created sql incremental model public.processos ..................... [[32mMERGE 294[0m in 0.21s]
[0m09:03:41  16 of 20 OK created sql incremental model public.telefones ..................... [[32mMERGE 23617[0m in 1.11s]
[0m09:03:42  18 of 20 OK created sql incremental model public.pagamentos .................... [[32mMERGE 51734[0m in 1.83s]
[0m09:03:47  13 of 20 OK created sql incremental model public.dividas ....................... [[32mINSERT 0 225868[0m in 7.74s]
[0m09:03:47  20 of 20 START sql incremental model cobra.tb_audit_mudancas ................... [RUN]
[0m09:03:49  20 of 20 OK created sql incremental model cobra.tb_audit_mudancas .............. [[32mINSERT 0 10[0m in 2.44s]
[0m09:03:49  
[0m09:03:49  Finished running 9 incremental models, 11 view models in 0 hours 0 minutes and 12.27 seconds (12.27s).
[0m09:03:49  
[0m09:03:49  [32mCompleted successfully[0m
[0m09:03:49  
[0m09:03:49  Done. PASS=20 WARN=0 ERROR=0 SKIP=0 NO-OP=0 TOTAL=20
dom 14 jun 2026 06:03:51 -03 - dbt finalizado com código 0
seg 15 jun 2026 06:04:16 -03 - Iniciando dbt run...
[0m09:04:20  Running with dbt=1.12.0-b1
[0m09:04:20  Registered adapter: postgres=1.10.0
[0m09:04:21  Found 20 models, 468 macros
[0m09:04:21  
[0m09:04:21  Concurrency: 4 threads (target='dev')
[0m09:04:21  
[0m09:04:22  1 of 20 START sql view model cobra_staging.chg_devedores ....................... [RUN]
[0m09:04:22  2 of 20 START sql view model cobra_staging.chg_emails .......................... [RUN]
[0m09:04:22  3 of 20 START sql view model cobra_staging.chg_enderecos ....................... [RUN]
[0m09:04:22  4 of 20 START sql view model cobra_staging.chg_lojas ........................... [RUN]
[0m09:04:22  3 of 20 OK created sql view model cobra_staging.chg_enderecos .................. [[32mCREATE VIEW[0m in 0.51s]
[0m09:04:22  4 of 20 OK created sql view model cobra_staging.chg_lojas ...................... [[32mCREATE VIEW[0m in 0.52s]
[0m09:04:22  2 of 20 OK created sql view model cobra_staging.chg_emails ..................... [[32mCREATE VIEW[0m in 0.53s]
[0m09:04:22  1 of 20 OK created sql view model cobra_staging.chg_devedores .................. [[32mCREATE VIEW[0m in 0.57s]
[0m09:04:22  5 of 20 START sql view model cobra_staging.chg_pagamentos ...................... [RUN]
[0m09:04:22  6 of 20 START sql view model cobra_staging.chg_telefones ....................... [RUN]
[0m09:04:22  7 of 20 START sql view model cobra_staging.stg_cadastro ........................ [RUN]
[0m09:04:22  8 of 20 START sql view model cobra_staging.stg_dividas ......................... [RUN]
[0m09:04:23  6 of 20 OK created sql view model cobra_staging.chg_telefones .................. [[32mCREATE VIEW[0m in 0.33s]
[0m09:04:23  5 of 20 OK created sql view model cobra_staging.chg_pagamentos ................. [[32mCREATE VIEW[0m in 0.34s]
[0m09:04:23  7 of 20 OK created sql view model cobra_staging.stg_cadastro ................... [[32mCREATE VIEW[0m in 0.33s]
[0m09:04:23  8 of 20 OK created sql view model cobra_staging.stg_dividas .................... [[32mCREATE VIEW[0m in 0.32s]
[0m09:04:23  9 of 20 START sql view model cobra_staging.stg_filiais ......................... [RUN]
[0m09:04:23  10 of 20 START sql view model cobra_staging.stg_pagamentos ..................... [RUN]
[0m09:04:23  11 of 20 START sql view model cobra_staging.stg_processos ...................... [RUN]
[0m09:04:23  12 of 20 START sql incremental model public.devedores .......................... [RUN]
[0m09:04:23  9 of 20 OK created sql view model cobra_staging.stg_filiais .................... [[32mCREATE VIEW[0m in 0.39s]
[0m09:04:23  13 of 20 START sql incremental model public.emails ............................. [RUN]
[0m09:04:23  11 of 20 OK created sql view model cobra_staging.stg_processos ................. [[32mCREATE VIEW[0m in 0.40s]
[0m09:04:23  10 of 20 OK created sql view model cobra_staging.stg_pagamentos ................ [[32mCREATE VIEW[0m in 0.41s]
[0m09:04:23  14 of 20 START sql incremental model public.enderecos .......................... [RUN]
[0m09:04:23  15 of 20 START sql incremental model public.telefones .......................... [RUN]
[0m09:04:24  13 of 20 OK created sql incremental model public.emails ........................ [[32mMERGE 11142[0m in 0.57s]
[0m09:04:24  16 of 20 START sql incremental model public.dividas ............................ [RUN]
[0m09:04:24  12 of 20 OK created sql incremental model public.devedores ..................... [[32mMERGE 24964[0m in 1.02s]
[0m09:04:24  17 of 20 START sql incremental model public.lojas .............................. [RUN]
[0m09:04:24  14 of 20 OK created sql incremental model public.enderecos ..................... [[32mMERGE 24964[0m in 0.78s]
[0m09:04:24  18 of 20 START sql incremental model public.processos .......................... [RUN]
[0m09:04:24  17 of 20 OK created sql incremental model public.lojas ......................... [[32mMERGE 20[0m in 0.23s]
[0m09:04:24  19 of 20 START sql incremental model public.pagamentos ......................... [RUN]
[0m09:04:24  18 of 20 OK created sql incremental model public.processos ..................... [[32mMERGE 294[0m in 0.22s]
[0m09:04:24  15 of 20 OK created sql incremental model public.telefones ..................... [[32mMERGE 23968[0m in 1.22s]
[0m09:04:26  19 of 20 OK created sql incremental model public.pagamentos .................... [[32mMERGE 51271[0m in 2.06s]
[0m09:04:31  16 of 20 OK created sql incremental model public.dividas ....................... [[32mINSERT 0 228619[0m in 7.22s]
[0m09:04:31  20 of 20 START sql incremental model cobra.tb_audit_mudancas ................... [RUN]
[0m09:04:33  20 of 20 OK created sql incremental model cobra.tb_audit_mudancas .............. [[32mINSERT 0 10[0m in 2.43s]
[0m09:04:33  
[0m09:04:33  Finished running 9 incremental models, 11 view models in 0 hours 0 minutes and 12.38 seconds (12.38s).
[0m09:04:34  
[0m09:04:34  [32mCompleted successfully[0m
[0m09:04:34  
[0m09:04:34  Done. PASS=20 WARN=0 ERROR=0 SKIP=0 NO-OP=0 TOTAL=20
seg 15 jun 2026 06:04:35 -03 - dbt finalizado com código 0
ter 16 jun 2026 06:06:08 -03 - Iniciando dbt run...
[0m09:06:11  Running with dbt=1.12.0-b1
[0m09:06:12  Registered adapter: postgres=1.10.0
[0m09:06:13  Found 20 models, 468 macros
[0m09:06:13  
[0m09:06:13  Concurrency: 4 threads (target='dev')
[0m09:06:13  
[0m09:06:13  1 of 20 START sql view model cobra_staging.chg_devedores ....................... [RUN]
[0m09:06:13  2 of 20 START sql view model cobra_staging.chg_emails .......................... [RUN]
[0m09:06:13  3 of 20 START sql view model cobra_staging.chg_enderecos ....................... [RUN]
[0m09:06:13  4 of 20 START sql view model cobra_staging.chg_lojas ........................... [RUN]
[0m09:06:14  2 of 20 OK created sql view model cobra_staging.chg_emails ..................... [[32mCREATE VIEW[0m in 0.69s]
[0m09:06:14  4 of 20 OK created sql view model cobra_staging.chg_lojas ...................... [[32mCREATE VIEW[0m in 0.70s]
[0m09:06:14  1 of 20 OK created sql view model cobra_staging.chg_devedores .................. [[32mCREATE VIEW[0m in 0.71s]
[0m09:06:14  3 of 20 OK created sql view model cobra_staging.chg_enderecos .................. [[32mCREATE VIEW[0m in 0.71s]
[0m09:06:14  5 of 20 START sql view model cobra_staging.chg_pagamentos ...................... [RUN]
[0m09:06:14  6 of 20 START sql view model cobra_staging.chg_telefones ....................... [RUN]
[0m09:06:14  7 of 20 START sql view model cobra_staging.stg_cadastro ........................ [RUN]
[0m09:06:14  8 of 20 START sql view model cobra_staging.stg_dividas ......................... [RUN]
[0m09:06:14  6 of 20 OK created sql view model cobra_staging.chg_telefones .................. [[32mCREATE VIEW[0m in 0.32s]
[0m09:06:14  7 of 20 OK created sql view model cobra_staging.stg_cadastro ................... [[32mCREATE VIEW[0m in 0.33s]
[0m09:06:14  5 of 20 OK created sql view model cobra_staging.chg_pagamentos ................. [[32mCREATE VIEW[0m in 0.34s]
[0m09:06:14  8 of 20 OK created sql view model cobra_staging.stg_dividas .................... [[32mCREATE VIEW[0m in 0.33s]
[0m09:06:14  9 of 20 START sql view model cobra_staging.stg_filiais ......................... [RUN]
[0m09:06:14  10 of 20 START sql view model cobra_staging.stg_pagamentos ..................... [RUN]
[0m09:06:14  11 of 20 START sql view model cobra_staging.stg_processos ...................... [RUN]
[0m09:06:14  12 of 20 START sql incremental model public.devedores .......................... [RUN]
[0m09:06:15  9 of 20 OK created sql view model cobra_staging.stg_filiais .................... [[32mCREATE VIEW[0m in 0.32s]
[0m09:06:15  13 of 20 START sql incremental model public.emails ............................. [RUN]
[0m09:06:15  11 of 20 OK created sql view model cobra_staging.stg_processos ................. [[32mCREATE VIEW[0m in 0.42s]
[0m09:06:15  10 of 20 OK created sql view model cobra_staging.stg_pagamentos ................ [[32mCREATE VIEW[0m in 0.42s]
[0m09:06:15  14 of 20 START sql incremental model public.enderecos .......................... [RUN]
[0m09:06:15  15 of 20 START sql incremental model public.telefones .......................... [RUN]
[0m09:06:15  13 of 20 OK created sql incremental model public.emails ........................ [[32mMERGE 11041[0m in 0.57s]
[0m09:06:15  16 of 20 START sql incremental model public.dividas ............................ [RUN]
[0m09:06:15  12 of 20 OK created sql incremental model public.devedores ..................... [[32mMERGE 24865[0m in 1.06s]
[0m09:06:15  17 of 20 START sql incremental model public.lojas .............................. [RUN]
[0m09:06:16  17 of 20 OK created sql incremental model public.lojas ......................... [[32mMERGE 20[0m in 0.21s]
[0m09:06:16  18 of 20 START sql incremental model public.pagamentos ......................... [RUN]
[0m09:06:16  14 of 20 OK created sql incremental model public.enderecos ..................... [[32mMERGE 24865[0m in 0.88s]
[0m09:06:16  19 of 20 START sql incremental model public.processos .......................... [RUN]
[0m09:06:16  15 of 20 OK created sql incremental model public.telefones ..................... [[32mMERGE 23870[0m in 0.98s]
[0m09:06:16  19 of 20 OK created sql incremental model public.processos ..................... [[32mMERGE 294[0m in 0.20s]
[0m09:06:17  18 of 20 OK created sql incremental model public.pagamentos .................... [[32mMERGE 51466[0m in 1.53s]
[0m09:06:26  16 of 20 OK created sql incremental model public.dividas ....................... [[32mINSERT 0 227922[0m in 10.56s]
[0m09:06:26  20 of 20 START sql incremental model cobra.tb_audit_mudancas ................... [RUN]
[0m09:06:31  20 of 20 OK created sql incremental model cobra.tb_audit_mudancas .............. [[32mINSERT 0 10[0m in 4.80s]
[0m09:06:31  
[0m09:06:31  Finished running 9 incremental models, 11 view models in 0 hours 0 minutes and 18.13 seconds (18.13s).
[0m09:06:31  
[0m09:06:31  [32mCompleted successfully[0m
[0m09:06:31  
[0m09:06:31  Done. PASS=20 WARN=0 ERROR=0 SKIP=0 NO-OP=0 TOTAL=20
ter 16 jun 2026 06:06:32 -03 - dbt finalizado com código 0
qua 17 jun 2026 06:04:41 -03 - Iniciando dbt run...
[0m09:04:44  Running with dbt=1.12.0-b1
[0m09:04:45  Registered adapter: postgres=1.10.0
[0m09:04:46  Found 20 models, 468 macros
[0m09:04:46  
[0m09:04:46  Concurrency: 4 threads (target='dev')
[0m09:04:46  
[0m09:04:47  1 of 20 START sql view model cobra_staging.chg_devedores ....................... [RUN]
[0m09:04:47  2 of 20 START sql view model cobra_staging.chg_emails .......................... [RUN]
[0m09:04:47  3 of 20 START sql view model cobra_staging.chg_enderecos ....................... [RUN]
[0m09:04:47  4 of 20 START sql view model cobra_staging.chg_lojas ........................... [RUN]
[0m09:04:47  1 of 20 OK created sql view model cobra_staging.chg_devedores .................. [[32mCREATE VIEW[0m in 0.71s]
[0m09:04:47  3 of 20 OK created sql view model cobra_staging.chg_enderecos .................. [[32mCREATE VIEW[0m in 0.71s]
[0m09:04:47  2 of 20 OK created sql view model cobra_staging.chg_emails ..................... [[32mCREATE VIEW[0m in 0.71s]
[0m09:04:47  4 of 20 OK created sql view model cobra_staging.chg_lojas ...................... [[32mCREATE VIEW[0m in 0.71s]
[0m09:04:47  5 of 20 START sql view model cobra_staging.chg_pagamentos ...................... [RUN]
[0m09:04:47  6 of 20 START sql view model cobra_staging.chg_telefones ....................... [RUN]
[0m09:04:47  7 of 20 START sql view model cobra_staging.stg_cadastro ........................ [RUN]
[0m09:04:47  8 of 20 START sql view model cobra_staging.stg_dividas ......................... [RUN]
[0m09:04:48  5 of 20 OK created sql view model cobra_staging.chg_pagamentos ................. [[32mCREATE VIEW[0m in 0.31s]
[0m09:04:48  9 of 20 START sql view model cobra_staging.stg_filiais ......................... [RUN]
[0m09:04:48  6 of 20 OK created sql view model cobra_staging.chg_telefones .................. [[32mCREATE VIEW[0m in 0.33s]
[0m09:04:48  8 of 20 OK created sql view model cobra_staging.stg_dividas .................... [[32mCREATE VIEW[0m in 0.33s]
[0m09:04:48  7 of 20 OK created sql view model cobra_staging.stg_cadastro ................... [[32mCREATE VIEW[0m in 0.33s]
[0m09:04:48  10 of 20 START sql view model cobra_staging.stg_pagamentos ..................... [RUN]
[0m09:04:48  11 of 20 START sql view model cobra_staging.stg_processos ...................... [RUN]
[0m09:04:48  12 of 20 START sql incremental model public.dividas ............................ [RUN]
[0m09:04:48  11 of 20 OK created sql view model cobra_staging.stg_processos ................. [[32mCREATE VIEW[0m in 0.31s]
[0m09:04:48  9 of 20 OK created sql view model cobra_staging.stg_filiais .................... [[32mCREATE VIEW[0m in 0.36s]
[0m09:04:48  13 of 20 START sql incremental model public.devedores .......................... [RUN]
[0m09:04:48  14 of 20 START sql incremental model public.emails ............................. [RUN]
[0m09:04:48  10 of 20 OK created sql view model cobra_staging.stg_pagamentos ................ [[32mCREATE VIEW[0m in 0.34s]
[0m09:04:48  15 of 20 START sql incremental model public.enderecos .......................... [RUN]
[0m09:04:49  14 of 20 OK created sql incremental model public.emails ........................ [[32mMERGE 10983[0m in 0.99s]
[0m09:04:49  16 of 20 START sql incremental model public.telefones .......................... [RUN]
[0m09:04:49  13 of 20 OK created sql incremental model public.devedores ..................... [[32mMERGE 24805[0m in 1.21s]
[0m09:04:49  17 of 20 START sql incremental model public.processos .......................... [RUN]
[0m09:04:49  15 of 20 OK created sql incremental model public.enderecos ..................... [[32mMERGE 24805[0m in 1.15s]
[0m09:04:49  18 of 20 START sql incremental model public.lojas .............................. [RUN]
[0m09:04:50  17 of 20 OK created sql incremental model public.processos ..................... [[32mMERGE 294[0m in 0.26s]
[0m09:04:50  19 of 20 START sql incremental model public.pagamentos ......................... [RUN]
[0m09:04:50  18 of 20 OK created sql incremental model public.lojas ......................... [[32mMERGE 20[0m in 0.25s]
[0m09:04:50  16 of 20 OK created sql incremental model public.telefones ..................... [[32mMERGE 23813[0m in 0.74s]
[0m09:04:52  19 of 20 OK created sql incremental model public.pagamentos .................... [[32mMERGE 51457[0m in 1.99s]
[0m09:04:59  12 of 20 OK created sql incremental model public.dividas ....................... [[32mINSERT 0 227431[0m in 10.75s]
[0m09:04:59  20 of 20 START sql incremental model cobra.tb_audit_mudancas ................... [RUN]
[0m09:05:04  20 of 20 OK created sql incremental model cobra.tb_audit_mudancas .............. [[32mINSERT 0 10[0m in 5.17s]
[0m09:05:04  
[0m09:05:04  Finished running 9 incremental models, 11 view models in 0 hours 0 minutes and 17.82 seconds (17.82s).
[0m09:05:04  
[0m09:05:04  [32mCompleted successfully[0m
[0m09:05:04  
[0m09:05:04  Done. PASS=20 WARN=0 ERROR=0 SKIP=0 NO-OP=0 TOTAL=20
qua 17 jun 2026 06:05:05 -03 - dbt finalizado com código 0
qui 18 jun 2026 06:05:30 -03 - Iniciando dbt run...
[0m09:05:34  Running with dbt=1.12.0-b1
[0m09:05:35  Registered adapter: postgres=1.10.0
[0m09:05:36  Found 20 models, 468 macros
[0m09:05:36  
[0m09:05:36  Concurrency: 4 threads (target='dev')
[0m09:05:36  
[0m09:05:36  1 of 20 START sql view model cobra_staging.chg_devedores ....................... [RUN]
[0m09:05:36  2 of 20 START sql view model cobra_staging.chg_emails .......................... [RUN]
[0m09:05:36  3 of 20 START sql view model cobra_staging.chg_enderecos ....................... [RUN]
[0m09:05:36  4 of 20 START sql view model cobra_staging.chg_lojas ........................... [RUN]
[0m09:05:37  1 of 20 OK created sql view model cobra_staging.chg_devedores .................. [[32mCREATE VIEW[0m in 0.77s]
[0m09:05:37  4 of 20 OK created sql view model cobra_staging.chg_lojas ...................... [[32mCREATE VIEW[0m in 0.77s]
[0m09:05:37  2 of 20 OK created sql view model cobra_staging.chg_emails ..................... [[32mCREATE VIEW[0m in 0.78s]
[0m09:05:37  3 of 20 OK created sql view model cobra_staging.chg_enderecos .................. [[32mCREATE VIEW[0m in 0.78s]
[0m09:05:37  5 of 20 START sql view model cobra_staging.chg_pagamentos ...................... [RUN]
[0m09:05:37  6 of 20 START sql view model cobra_staging.chg_telefones ....................... [RUN]
[0m09:05:37  7 of 20 START sql view model cobra_staging.stg_cadastro ........................ [RUN]
[0m09:05:37  8 of 20 START sql view model cobra_staging.stg_dividas ......................... [RUN]
[0m09:05:37  5 of 20 OK created sql view model cobra_staging.chg_pagamentos ................. [[32mCREATE VIEW[0m in 0.34s]
[0m09:05:37  6 of 20 OK created sql view model cobra_staging.chg_telefones .................. [[32mCREATE VIEW[0m in 0.34s]
[0m09:05:37  8 of 20 OK created sql view model cobra_staging.stg_dividas .................... [[32mCREATE VIEW[0m in 0.34s]
[0m09:05:37  7 of 20 OK created sql view model cobra_staging.stg_cadastro ................... [[32mCREATE VIEW[0m in 0.35s]
[0m09:05:37  9 of 20 START sql view model cobra_staging.stg_filiais ......................... [RUN]
[0m09:05:37  10 of 20 START sql view model cobra_staging.stg_pagamentos ..................... [RUN]
[0m09:05:37  11 of 20 START sql view model cobra_staging.stg_processos ...................... [RUN]
[0m09:05:37  12 of 20 START sql incremental model public.dividas ............................ [RUN]
[0m09:05:38  9 of 20 OK created sql view model cobra_staging.stg_filiais .................... [[32mCREATE VIEW[0m in 0.38s]
[0m09:05:38  13 of 20 START sql incremental model public.devedores .......................... [RUN]
[0m09:05:38  10 of 20 OK created sql view model cobra_staging.stg_pagamentos ................ [[32mCREATE VIEW[0m in 0.41s]
[0m09:05:38  11 of 20 OK created sql view model cobra_staging.stg_processos ................. [[32mCREATE VIEW[0m in 0.41s]
[0m09:05:38  14 of 20 START sql incremental model public.emails ............................. [RUN]
[0m09:05:38  15 of 20 START sql incremental model public.enderecos .......................... [RUN]
[0m09:05:39  14 of 20 OK created sql incremental model public.emails ........................ [[32mMERGE 10927[0m in 0.67s]
[0m09:05:39  16 of 20 START sql incremental model public.telefones .......................... [RUN]
[0m09:05:39  13 of 20 OK created sql incremental model public.devedores ..................... [[32mMERGE 24749[0m in 0.92s]
[0m09:05:39  17 of 20 START sql incremental model public.lojas .............................. [RUN]
[0m09:05:39  15 of 20 OK created sql incremental model public.enderecos ..................... [[32mMERGE 24749[0m in 0.87s]
[0m09:05:39  18 of 20 START sql incremental model public.pagamentos ......................... [RUN]
[0m09:05:39  17 of 20 OK created sql incremental model public.lojas ......................... [[32mMERGE 20[0m in 0.23s]
[0m09:05:39  19 of 20 START sql incremental model public.processos .......................... [RUN]
[0m09:05:39  19 of 20 OK created sql incremental model public.processos ..................... [[32mMERGE 294[0m in 0.19s]
[0m09:05:39  16 of 20 OK created sql incremental model public.telefones ..................... [[32mMERGE 23757[0m in 0.72s]
[0m09:05:41  18 of 20 OK created sql incremental model public.pagamentos .................... [[32mMERGE 51404[0m in 1.92s]
[0m09:05:47  12 of 20 OK created sql incremental model public.dividas ....................... [[32mINSERT 0 226984[0m in 9.77s]
[0m09:05:47  20 of 20 START sql incremental model cobra.tb_audit_mudancas ................... [RUN]
[0m09:05:51  20 of 20 OK created sql incremental model cobra.tb_audit_mudancas .............. [[32mINSERT 0 10[0m in 3.36s]
[0m09:05:51  
[0m09:05:51  Finished running 9 incremental models, 11 view models in 0 hours 0 minutes and 15.01 seconds (15.01s).
[0m09:05:51  
[0m09:05:51  [32mCompleted successfully[0m
[0m09:05:51  
[0m09:05:51  Done. PASS=20 WARN=0 ERROR=0 SKIP=0 NO-OP=0 TOTAL=20
qui 18 jun 2026 06:05:52 -03 - dbt finalizado com código 0
sex 19 jun 2026 06:04:01 -03 - Iniciando dbt run...
[0m09:04:05  Running with dbt=1.12.0-b1
[0m09:04:05  Registered adapter: postgres=1.10.0
[0m09:04:06  Found 20 models, 468 macros
[0m09:04:06  
[0m09:04:06  Concurrency: 4 threads (target='dev')
[0m09:04:06  
[0m09:04:07  1 of 20 START sql view model cobra_staging.chg_devedores ....................... [RUN]
[0m09:04:07  2 of 20 START sql view model cobra_staging.chg_emails .......................... [RUN]
[0m09:04:07  3 of 20 START sql view model cobra_staging.chg_enderecos ....................... [RUN]
[0m09:04:07  4 of 20 START sql view model cobra_staging.chg_lojas ........................... [RUN]
[0m09:04:07  3 of 20 OK created sql view model cobra_staging.chg_enderecos .................. [[32mCREATE VIEW[0m in 0.67s]
[0m09:04:07  5 of 20 START sql view model cobra_staging.chg_pagamentos ...................... [RUN]
[0m09:04:07  1 of 20 OK created sql view model cobra_staging.chg_devedores .................. [[32mCREATE VIEW[0m in 0.70s]
[0m09:04:07  2 of 20 OK created sql view model cobra_staging.chg_emails ..................... [[32mCREATE VIEW[0m in 0.71s]
[0m09:04:07  4 of 20 OK created sql view model cobra_staging.chg_lojas ...................... [[32mCREATE VIEW[0m in 0.71s]
[0m09:04:07  6 of 20 START sql view model cobra_staging.chg_telefones ....................... [RUN]
[0m09:04:07  7 of 20 START sql view model cobra_staging.stg_cadastro ........................ [RUN]
[0m09:04:07  8 of 20 START sql view model cobra_staging.stg_dividas ......................... [RUN]
[0m09:04:08  5 of 20 OK created sql view model cobra_staging.chg_pagamentos ................. [[32mCREATE VIEW[0m in 0.21s]
[0m09:04:08  9 of 20 START sql view model cobra_staging.stg_filiais ......................... [RUN]
[0m09:04:08  6 of 20 OK created sql view model cobra_staging.chg_telefones .................. [[32mCREATE VIEW[0m in 0.32s]
[0m09:04:08  7 of 20 OK created sql view model cobra_staging.stg_cadastro ................... [[32mCREATE VIEW[0m in 0.32s]
[0m09:04:08  8 of 20 OK created sql view model cobra_staging.stg_dividas .................... [[32mCREATE VIEW[0m in 0.32s]
[0m09:04:08  10 of 20 START sql view model cobra_staging.stg_pagamentos ..................... [RUN]
[0m09:04:08  11 of 20 START sql view model cobra_staging.stg_processos ...................... [RUN]
[0m09:04:08  12 of 20 START sql incremental model public.devedores .......................... [RUN]
[0m09:04:08  9 of 20 OK created sql view model cobra_staging.stg_filiais .................... [[32mCREATE VIEW[0m in 0.41s]
[0m09:04:08  13 of 20 START sql incremental model public.emails ............................. [RUN]
[0m09:04:08  10 of 20 OK created sql view model cobra_staging.stg_pagamentos ................ [[32mCREATE VIEW[0m in 0.38s]
[0m09:04:08  14 of 20 START sql incremental model public.enderecos .......................... [RUN]
[0m09:04:08  11 of 20 OK created sql view model cobra_staging.stg_processos ................. [[32mCREATE VIEW[0m in 0.41s]
[0m09:04:08  15 of 20 START sql incremental model public.telefones .......................... [RUN]
[0m09:04:09  13 of 20 OK created sql incremental model public.emails ........................ [[32mMERGE 10859[0m in 0.59s]
[0m09:04:09  16 of 20 START sql incremental model public.dividas ............................ [RUN]
[0m09:04:09  12 of 20 OK created sql incremental model public.devedores ..................... [[32mMERGE 24682[0m in 1.10s]
[0m09:04:09  17 of 20 START sql incremental model public.lojas .............................. [RUN]
[0m09:04:09  14 of 20 OK created sql incremental model public.enderecos ..................... [[32mMERGE 24682[0m in 0.86s]
[0m09:04:09  18 of 20 START sql incremental model public.pagamentos ......................... [RUN]
[0m09:04:09  17 of 20 OK created sql incremental model public.lojas ......................... [[32mMERGE 20[0m in 0.24s]
[0m09:04:09  19 of 20 START sql incremental model public.processos .......................... [RUN]
[0m09:04:09  15 of 20 OK created sql incremental model public.telefones ..................... [[32mMERGE 23689[0m in 0.95s]
[0m09:04:09  19 of 20 OK created sql incremental model public.processos ..................... [[32mMERGE 294[0m in 0.20s]
[0m09:04:11  18 of 20 OK created sql incremental model public.pagamentos .................... [[32mMERGE 51310[0m in 1.60s]
[0m09:04:20  16 of 20 OK created sql incremental model public.dividas ....................... [[32mINSERT 0 226348[0m in 11.04s]
[0m09:04:20  20 of 20 START sql incremental model cobra.tb_audit_mudancas ................... [RUN]
[0m09:04:24  20 of 20 OK created sql incremental model cobra.tb_audit_mudancas .............. [[32mINSERT 0 10[0m in 4.78s]
[0m09:04:24  
[0m09:04:24  Finished running 9 incremental models, 11 view models in 0 hours 0 minutes and 18.52 seconds (18.52s).
[0m09:04:25  
[0m09:04:25  [32mCompleted successfully[0m
[0m09:04:25  
[0m09:04:25  Done. PASS=20 WARN=0 ERROR=0 SKIP=0 NO-OP=0 TOTAL=20
sex 19 jun 2026 06:04:26 -03 - dbt finalizado com código 0
sáb 20 jun 2026 06:04:05 -03 - Iniciando dbt run...
[0m09:04:08  Running with dbt=1.12.0-b1
[0m09:04:09  Registered adapter: postgres=1.10.0
[0m09:04:10  Found 20 models, 468 macros
[0m09:04:10  
[0m09:04:10  Concurrency: 4 threads (target='dev')
[0m09:04:10  
[0m09:04:10  1 of 20 START sql view model cobra_staging.chg_devedores ....................... [RUN]
[0m09:04:10  2 of 20 START sql view model cobra_staging.chg_emails .......................... [RUN]
[0m09:04:10  3 of 20 START sql view model cobra_staging.chg_enderecos ....................... [RUN]
[0m09:04:10  4 of 20 START sql view model cobra_staging.chg_lojas ........................... [RUN]
[0m09:04:11  2 of 20 OK created sql view model cobra_staging.chg_emails ..................... [[32mCREATE VIEW[0m in 0.60s]
[0m09:04:11  5 of 20 START sql view model cobra_staging.chg_pagamentos ...................... [RUN]
[0m09:04:11  3 of 20 OK created sql view model cobra_staging.chg_enderecos .................. [[32mCREATE VIEW[0m in 0.62s]
[0m09:04:11  4 of 20 OK created sql view model cobra_staging.chg_lojas ...................... [[32mCREATE VIEW[0m in 0.63s]
[0m09:04:11  1 of 20 OK created sql view model cobra_staging.chg_devedores .................. [[32mCREATE VIEW[0m in 0.63s]
[0m09:04:11  6 of 20 START sql view model cobra_staging.chg_telefones ....................... [RUN]
[0m09:04:11  7 of 20 START sql view model cobra_staging.stg_cadastro ........................ [RUN]
[0m09:04:11  8 of 20 START sql view model cobra_staging.stg_dividas ......................... [RUN]
[0m09:04:11  5 of 20 OK created sql view model cobra_staging.chg_pagamentos ................. [[32mCREATE VIEW[0m in 0.20s]
[0m09:04:11  9 of 20 START sql view model cobra_staging.stg_filiais ......................... [RUN]
[0m09:04:11  6 of 20 OK created sql view model cobra_staging.chg_telefones .................. [[32mCREATE VIEW[0m in 0.25s]
[0m09:04:11  8 of 20 OK created sql view model cobra_staging.stg_dividas .................... [[32mCREATE VIEW[0m in 0.27s]
[0m09:04:11  10 of 20 START sql view model cobra_staging.stg_pagamentos ..................... [RUN]
[0m09:04:11  11 of 20 START sql view model cobra_staging.stg_processos ...................... [RUN]
[0m09:04:11  7 of 20 OK created sql view model cobra_staging.stg_cadastro ................... [[32mCREATE VIEW[0m in 0.29s]
[0m09:04:11  12 of 20 START sql incremental model public.dividas ............................ [RUN]
[0m09:04:12  9 of 20 OK created sql view model cobra_staging.stg_filiais .................... [[32mCREATE VIEW[0m in 0.38s]
[0m09:04:12  13 of 20 START sql incremental model public.devedores .......................... [RUN]
[0m09:04:12  11 of 20 OK created sql view model cobra_staging.stg_processos ................. [[32mCREATE VIEW[0m in 0.33s]
[0m09:04:12  14 of 20 START sql incremental model public.emails ............................. [RUN]
[0m09:04:12  10 of 20 OK created sql view model cobra_staging.stg_pagamentos ................ [[32mCREATE VIEW[0m in 0.41s]
[0m09:04:12  15 of 20 START sql incremental model public.enderecos .......................... [RUN]
[0m09:04:12  14 of 20 OK created sql incremental model public.emails ........................ [[32mMERGE 11114[0m in 0.80s]
[0m09:04:12  16 of 20 START sql incremental model public.telefones .......................... [RUN]
[0m09:04:13  13 of 20 OK created sql incremental model public.devedores ..................... [[32mMERGE 24942[0m in 1.14s]
[0m09:04:13  17 of 20 START sql incremental model public.lojas .............................. [RUN]
[0m09:04:13  15 of 20 OK created sql incremental model public.enderecos ..................... [[32mMERGE 24942[0m in 1.08s]
[0m09:04:13  18 of 20 START sql incremental model public.processos .......................... [RUN]
[0m09:04:13  17 of 20 OK created sql incremental model public.lojas ......................... [[32mMERGE 20[0m in 0.26s]
[0m09:04:13  19 of 20 START sql incremental model public.pagamentos ......................... [RUN]
[0m09:04:13  18 of 20 OK created sql incremental model public.processos ..................... [[32mMERGE 294[0m in 0.21s]
[0m09:04:13  16 of 20 OK created sql incremental model public.telefones ..................... [[32mMERGE 23949[0m in 0.71s]
[0m09:04:15  19 of 20 OK created sql incremental model public.pagamentos .................... [[32mMERGE 51514[0m in 1.92s]
[0m09:04:21  12 of 20 OK created sql incremental model public.dividas ....................... [[32mINSERT 0 228589[0m in 10.15s]
[0m09:04:21  20 of 20 START sql incremental model cobra.tb_audit_mudancas ................... [RUN]
[0m09:04:25  20 of 20 OK created sql incremental model cobra.tb_audit_mudancas .............. [[32mINSERT 0 10[0m in 3.27s]
[0m09:04:25  
[0m09:04:25  Finished running 9 incremental models, 11 view models in 0 hours 0 minutes and 15.15 seconds (15.15s).
[0m09:04:25  
[0m09:04:25  [32mCompleted successfully[0m
[0m09:04:25  
[0m09:04:25  Done. PASS=20 WARN=0 ERROR=0 SKIP=0 NO-OP=0 TOTAL=20
sáb 20 jun 2026 06:04:26 -03 - dbt finalizado com código 0
dom 21 jun 2026 06:03:35 -03 - Iniciando dbt run...
[0m09:03:38  Running with dbt=1.12.0-b1
[0m09:03:39  Registered adapter: postgres=1.10.0
[0m09:03:40  Found 20 models, 468 macros
[0m09:03:40  
[0m09:03:40  Concurrency: 4 threads (target='dev')
[0m09:03:40  
[0m09:03:40  1 of 20 START sql view model cobra_staging.chg_devedores ....................... [RUN]
[0m09:03:40  2 of 20 START sql view model cobra_staging.chg_emails .......................... [RUN]
[0m09:03:40  3 of 20 START sql view model cobra_staging.chg_enderecos ....................... [RUN]
[0m09:03:40  4 of 20 START sql view model cobra_staging.chg_lojas ........................... [RUN]
[0m09:03:41  3 of 20 OK created sql view model cobra_staging.chg_enderecos .................. [[32mCREATE VIEW[0m in 0.73s]
[0m09:03:41  4 of 20 OK created sql view model cobra_staging.chg_lojas ...................... [[32mCREATE VIEW[0m in 0.74s]
[0m09:03:41  5 of 20 START sql view model cobra_staging.chg_pagamentos ...................... [RUN]
[0m09:03:41  2 of 20 OK created sql view model cobra_staging.chg_emails ..................... [[32mCREATE VIEW[0m in 0.76s]
[0m09:03:41  6 of 20 START sql view model cobra_staging.chg_telefones ....................... [RUN]
[0m09:03:41  1 of 20 OK created sql view model cobra_staging.chg_devedores .................. [[32mCREATE VIEW[0m in 0.77s]
[0m09:03:41  7 of 20 START sql view model cobra_staging.stg_cadastro ........................ [RUN]
[0m09:03:41  8 of 20 START sql view model cobra_staging.stg_dividas ......................... [RUN]
[0m09:03:41  5 of 20 OK created sql view model cobra_staging.chg_pagamentos ................. [[32mCREATE VIEW[0m in 0.27s]
[0m09:03:41  9 of 20 START sql view model cobra_staging.stg_filiais ......................... [RUN]
[0m09:03:42  7 of 20 OK created sql view model cobra_staging.stg_cadastro ................... [[32mCREATE VIEW[0m in 0.29s]
[0m09:03:42  6 of 20 OK created sql view model cobra_staging.chg_telefones .................. [[32mCREATE VIEW[0m in 0.32s]
[0m09:03:42  8 of 20 OK created sql view model cobra_staging.stg_dividas .................... [[32mCREATE VIEW[0m in 0.31s]
[0m09:03:42  10 of 20 START sql view model cobra_staging.stg_pagamentos ..................... [RUN]
[0m09:03:42  11 of 20 START sql view model cobra_staging.stg_processos ...................... [RUN]
[0m09:03:42  12 of 20 START sql incremental model public.devedores .......................... [RUN]
[0m09:03:42  9 of 20 OK created sql view model cobra_staging.stg_filiais .................... [[32mCREATE VIEW[0m in 0.39s]
[0m09:03:42  13 of 20 START sql incremental model public.emails ............................. [RUN]
[0m09:03:42  10 of 20 OK created sql view model cobra_staging.stg_pagamentos ................ [[32mCREATE VIEW[0m in 0.34s]
[0m09:03:42  14 of 20 START sql incremental model public.enderecos .......................... [RUN]
[0m09:03:42  11 of 20 OK created sql view model cobra_staging.stg_processos ................. [[32mCREATE VIEW[0m in 0.41s]
[0m09:03:42  15 of 20 START sql incremental model public.telefones .......................... [RUN]
[0m09:03:42  13 of 20 OK created sql incremental model public.emails ........................ [[32mMERGE 11059[0m in 0.60s]
[0m09:03:42  16 of 20 START sql incremental model public.dividas ............................ [RUN]
[0m09:03:43  12 of 20 OK created sql incremental model public.devedores ..................... [[32mMERGE 24885[0m in 1.02s]
[0m09:03:43  17 of 20 START sql incremental model public.lojas .............................. [RUN]
[0m09:03:43  14 of 20 OK created sql incremental model public.enderecos ..................... [[32mMERGE 24885[0m in 0.83s]
[0m09:03:43  18 of 20 START sql incremental model public.pagamentos ......................... [RUN]
[0m09:03:43  17 of 20 OK created sql incremental model public.lojas ......................... [[32mMERGE 20[0m in 0.24s]
[0m09:03:43  19 of 20 START sql incremental model public.processos .......................... [RUN]
[0m09:03:43  19 of 20 OK created sql incremental model public.processos ..................... [[32mMERGE 294[0m in 0.20s]
[0m09:03:43  15 of 20 OK created sql incremental model public.telefones ..................... [[32mMERGE 23892[0m in 1.13s]
[0m09:03:45  18 of 20 OK created sql incremental model public.pagamentos .................... [[32mMERGE 51920[0m in 1.90s]
[0m09:03:49  16 of 20 OK created sql incremental model public.dividas ....................... [[32mINSERT 0 228156[0m in 6.63s]
[0m09:03:49  20 of 20 START sql incremental model cobra.tb_audit_mudancas ................... [RUN]
[0m09:03:52  20 of 20 OK created sql incremental model cobra.tb_audit_mudancas .............. [[32mINSERT 0 10[0m in 2.66s]
[0m09:03:52  
[0m09:03:52  Finished running 9 incremental models, 11 view models in 0 hours 0 minutes and 12.06 seconds (12.06s).
[0m09:03:52  
[0m09:03:52  [32mCompleted successfully[0m
[0m09:03:52  
[0m09:03:52  Done. PASS=20 WARN=0 ERROR=0 SKIP=0 NO-OP=0 TOTAL=20
dom 21 jun 2026 06:03:53 -03 - dbt finalizado com código 0
seg 22 jun 2026 05:48:02 -03 - Iniciando dbt run...
[0m08:48:05  Running with dbt=1.12.0-b1
[0m08:48:06  Registered adapter: postgres=1.10.0
[0m08:48:07  Found 20 models, 468 macros
[0m08:48:07  
[0m08:48:07  Concurrency: 4 threads (target='dev')
[0m08:48:07  
[0m08:48:07  1 of 20 START sql view model cobra_staging.chg_devedores ....................... [RUN]
[0m08:48:07  2 of 20 START sql view model cobra_staging.chg_emails .......................... [RUN]
[0m08:48:07  3 of 20 START sql view model cobra_staging.chg_enderecos ....................... [RUN]
[0m08:48:07  4 of 20 START sql view model cobra_staging.chg_lojas ........................... [RUN]
[0m08:48:08  1 of 20 OK created sql view model cobra_staging.chg_devedores .................. [[32mCREATE VIEW[0m in 0.61s]
[0m08:48:08  5 of 20 START sql view model cobra_staging.chg_pagamentos ...................... [RUN]
[0m08:48:08  2 of 20 OK created sql view model cobra_staging.chg_emails ..................... [[32mCREATE VIEW[0m in 0.64s]
[0m08:48:08  4 of 20 OK created sql view model cobra_staging.chg_lojas ...................... [[32mCREATE VIEW[0m in 0.64s]
[0m08:48:08  3 of 20 OK created sql view model cobra_staging.chg_enderecos .................. [[32mCREATE VIEW[0m in 0.64s]
[0m08:48:08  6 of 20 START sql view model cobra_staging.chg_telefones ....................... [RUN]
[0m08:48:08  7 of 20 START sql view model cobra_staging.stg_cadastro ........................ [RUN]
[0m08:48:08  8 of 20 START sql view model cobra_staging.stg_dividas ......................... [RUN]
[0m08:48:08  5 of 20 OK created sql view model cobra_staging.chg_pagamentos ................. [[32mCREATE VIEW[0m in 0.23s]
[0m08:48:08  9 of 20 START sql view model cobra_staging.stg_filiais ......................... [RUN]
[0m08:48:08  6 of 20 OK created sql view model cobra_staging.chg_telefones .................. [[32mCREATE VIEW[0m in 0.33s]
[0m08:48:08  7 of 20 OK created sql view model cobra_staging.stg_cadastro ................... [[32mCREATE VIEW[0m in 0.32s]
[0m08:48:08  8 of 20 OK created sql view model cobra_staging.stg_dividas .................... [[32mCREATE VIEW[0m in 0.33s]
[0m08:48:08  10 of 20 START sql view model cobra_staging.stg_pagamentos ..................... [RUN]
[0m08:48:08  11 of 20 START sql view model cobra_staging.stg_processos ...................... [RUN]
[0m08:48:08  12 of 20 START sql incremental model public.devedores .......................... [RUN]
[0m08:48:09  9 of 20 OK created sql view model cobra_staging.stg_filiais .................... [[32mCREATE VIEW[0m in 0.37s]
[0m08:48:09  13 of 20 START sql incremental model public.emails ............................. [RUN]
[0m08:48:09  11 of 20 OK created sql view model cobra_staging.stg_processos ................. [[32mCREATE VIEW[0m in 0.38s]
[0m08:48:09  10 of 20 OK created sql view model cobra_staging.stg_pagamentos ................ [[32mCREATE VIEW[0m in 0.39s]
[0m08:48:09  14 of 20 START sql incremental model public.enderecos .......................... [RUN]
[0m08:48:09  15 of 20 START sql incremental model public.telefones .......................... [RUN]
[0m08:48:09  13 of 20 OK created sql incremental model public.emails ........................ [[32mMERGE 11133[0m in 0.64s]
[0m08:48:09  16 of 20 START sql incremental model public.dividas ............................ [RUN]
[0m08:48:10  12 of 20 OK created sql incremental model public.devedores ..................... [[32mMERGE 24961[0m in 1.06s]
[0m08:48:10  17 of 20 START sql incremental model public.lojas .............................. [RUN]
[0m08:48:10  14 of 20 OK created sql incremental model public.enderecos ..................... [[32mMERGE 24961[0m in 0.88s]
[0m08:48:10  18 of 20 START sql incremental model public.processos .......................... [RUN]
[0m08:48:10  17 of 20 OK created sql incremental model public.lojas ......................... [[32mMERGE 20[0m in 0.23s]
[0m08:48:10  19 of 20 START sql incremental model public.pagamentos ......................... [RUN]
[0m08:48:10  18 of 20 OK created sql incremental model public.processos ..................... [[32mMERGE 294[0m in 0.23s]
[0m08:48:10  15 of 20 OK created sql incremental model public.telefones ..................... [[32mMERGE 23967[0m in 1.28s]
[0m08:48:11  19 of 20 OK created sql incremental model public.pagamentos .................... [[32mMERGE 51311[0m in 1.63s]
[0m08:48:17  16 of 20 OK created sql incremental model public.dividas ....................... [[32mINSERT 0 228774[0m in 7.20s]
[0m08:48:17  20 of 20 START sql incremental model cobra.tb_audit_mudancas ................... [RUN]
[0m08:48:19  20 of 20 OK created sql incremental model cobra.tb_audit_mudancas .............. [[32mINSERT 0 10[0m in 2.50s]
[0m08:48:19  
[0m08:48:19  Finished running 9 incremental models, 11 view models in 0 hours 0 minutes and 12.36 seconds (12.36s).
[0m08:48:19  
[0m08:48:19  [32mCompleted successfully[0m
[0m08:48:19  
[0m08:48:19  Done. PASS=20 WARN=0 ERROR=0 SKIP=0 NO-OP=0 TOTAL=20
seg 22 jun 2026 05:48:21 -03 - dbt finalizado com código 0
seg 22 jun 2026 06:05:48 -03 - Iniciando dbt run...
[0m09:05:51  Running with dbt=1.12.0-b1
[0m09:05:52  Registered adapter: postgres=1.10.0
[0m09:05:53  Found 20 models, 468 macros
[0m09:05:53  
[0m09:05:53  Concurrency: 4 threads (target='dev')
[0m09:05:53  
[0m09:05:54  1 of 20 START sql view model cobra_staging.chg_devedores ....................... [RUN]
[0m09:05:54  2 of 20 START sql view model cobra_staging.chg_emails .......................... [RUN]
[0m09:05:54  3 of 20 START sql view model cobra_staging.chg_enderecos ....................... [RUN]
[0m09:05:54  4 of 20 START sql view model cobra_staging.chg_lojas ........................... [RUN]
[0m09:05:55  3 of 20 OK created sql view model cobra_staging.chg_enderecos .................. [[32mCREATE VIEW[0m in 0.80s]
[0m09:05:55  2 of 20 OK created sql view model cobra_staging.chg_emails ..................... [[32mCREATE VIEW[0m in 0.81s]
[0m09:05:55  1 of 20 OK created sql view model cobra_staging.chg_devedores .................. [[32mCREATE VIEW[0m in 0.81s]
[0m09:05:55  4 of 20 OK created sql view model cobra_staging.chg_lojas ...................... [[32mCREATE VIEW[0m in 0.81s]
[0m09:05:55  5 of 20 START sql view model cobra_staging.chg_pagamentos ...................... [RUN]
[0m09:05:55  6 of 20 START sql view model cobra_staging.chg_telefones ....................... [RUN]
[0m09:05:55  7 of 20 START sql view model cobra_staging.stg_cadastro ........................ [RUN]
[0m09:05:55  8 of 20 START sql view model cobra_staging.stg_dividas ......................... [RUN]
[0m09:05:55  6 of 20 OK created sql view model cobra_staging.chg_telefones .................. [[32mCREATE VIEW[0m in 0.28s]
[0m09:05:55  9 of 20 START sql view model cobra_staging.stg_filiais ......................... [RUN]
[0m09:05:55  5 of 20 OK created sql view model cobra_staging.chg_pagamentos ................. [[32mCREATE VIEW[0m in 0.32s]
[0m09:05:55  8 of 20 OK created sql view model cobra_staging.stg_dividas .................... [[32mCREATE VIEW[0m in 0.31s]
[0m09:05:55  7 of 20 OK created sql view model cobra_staging.stg_cadastro ................... [[32mCREATE VIEW[0m in 0.32s]
[0m09:05:55  10 of 20 START sql view model cobra_staging.stg_pagamentos ..................... [RUN]
[0m09:05:55  11 of 20 START sql view model cobra_staging.stg_processos ...................... [RUN]
[0m09:05:55  12 of 20 START sql incremental model public.dividas ............................ [RUN]
[0m09:05:55  9 of 20 OK created sql view model cobra_staging.stg_filiais .................... [[32mCREATE VIEW[0m in 0.27s]
[0m09:05:55  13 of 20 START sql incremental model public.devedores .......................... [RUN]
[0m09:05:55  11 of 20 OK created sql view model cobra_staging.stg_processos ................. [[32mCREATE VIEW[0m in 0.38s]
[0m09:05:55  10 of 20 OK created sql view model cobra_staging.stg_pagamentos ................ [[32mCREATE VIEW[0m in 0.39s]
[0m09:05:55  14 of 20 START sql incremental model public.emails ............................. [RUN]
[0m09:05:55  15 of 20 START sql incremental model public.enderecos .......................... [RUN]
[0m09:05:56  14 of 20 OK created sql incremental model public.emails ........................ [[32mMERGE 11133[0m in 0.67s]
[0m09:05:56  16 of 20 START sql incremental model public.telefones .......................... [RUN]
[0m09:05:56  13 of 20 OK created sql incremental model public.devedores ..................... [[32mMERGE 24961[0m in 0.98s]
[0m09:05:56  17 of 20 START sql incremental model public.lojas .............................. [RUN]
[0m09:05:56  15 of 20 OK created sql incremental model public.enderecos ..................... [[32mMERGE 24961[0m in 0.90s]
[0m09:05:56  18 of 20 START sql incremental model public.processos .......................... [RUN]
[0m09:05:56  17 of 20 OK created sql incremental model public.lojas ......................... [[32mMERGE 20[0m in 0.27s]
[0m09:05:56  19 of 20 START sql incremental model public.pagamentos ......................... [RUN]
[0m09:05:57  18 of 20 OK created sql incremental model public.processos ..................... [[32mMERGE 294[0m in 0.28s]
[0m09:05:57  16 of 20 OK created sql incremental model public.telefones ..................... [[32mMERGE 23967[0m in 0.84s]
[0m09:05:58  19 of 20 OK created sql incremental model public.pagamentos .................... [[32mMERGE 51311[0m in 1.98s]
[0m09:06:04  12 of 20 OK created sql incremental model public.dividas ....................... [[32mINSERT 0 228774[0m in 9.12s]
[0m09:06:04  20 of 20 START sql incremental model cobra.tb_audit_mudancas ................... [RUN]
[0m09:06:07  20 of 20 OK created sql incremental model cobra.tb_audit_mudancas .............. [[32mINSERT 0 10[0m in 3.32s]
[0m09:06:07  
[0m09:06:07  Finished running 9 incremental models, 11 view models in 0 hours 0 minutes and 14.37 seconds (14.37s).
[0m09:06:08  
[0m09:06:08  [32mCompleted successfully[0m
[0m09:06:08  
[0m09:06:08  Done. PASS=20 WARN=0 ERROR=0 SKIP=0 NO-OP=0 TOTAL=20
seg 22 jun 2026 06:06:09 -03 - dbt finalizado com código 0
seg 22 jun 2026 21:28:26 -03 - Iniciando dbt run...
[0m00:28:30  Running with dbt=1.12.0-b1
[0m00:28:31  Registered adapter: postgres=1.10.0
[0m00:28:31  Found 20 models, 468 macros
[0m00:28:31  
[0m00:28:31  Concurrency: 4 threads (target='dev')
[0m00:28:31  
[0m00:28:32  1 of 20 START sql view model cobra_staging.chg_devedores ....................... [RUN]
[0m00:28:32  2 of 20 START sql view model cobra_staging.chg_emails .......................... [RUN]
[0m00:28:32  3 of 20 START sql view model cobra_staging.chg_enderecos ....................... [RUN]
[0m00:28:32  4 of 20 START sql view model cobra_staging.chg_lojas ........................... [RUN]
[0m00:28:33  3 of 20 OK created sql view model cobra_staging.chg_enderecos .................. [[32mCREATE VIEW[0m in 0.65s]
[0m00:28:33  2 of 20 OK created sql view model cobra_staging.chg_emails ..................... [[32mCREATE VIEW[0m in 0.66s]
[0m00:28:33  1 of 20 OK created sql view model cobra_staging.chg_devedores .................. [[32mCREATE VIEW[0m in 0.67s]
[0m00:28:33  4 of 20 OK created sql view model cobra_staging.chg_lojas ...................... [[32mCREATE VIEW[0m in 0.67s]
[0m00:28:33  5 of 20 START sql view model cobra_staging.chg_pagamentos ...................... [RUN]
[0m00:28:33  6 of 20 START sql view model cobra_staging.chg_telefones ....................... [RUN]
[0m00:28:33  7 of 20 START sql view model cobra_staging.stg_cadastro ........................ [RUN]
[0m00:28:33  8 of 20 START sql view model cobra_staging.stg_dividas ......................... [RUN]
[0m00:28:33  5 of 20 OK created sql view model cobra_staging.chg_pagamentos ................. [[32mCREATE VIEW[0m in 0.29s]
[0m00:28:33  7 of 20 OK created sql view model cobra_staging.stg_cadastro ................... [[32mCREATE VIEW[0m in 0.29s]
[0m00:28:33  9 of 20 START sql view model cobra_staging.stg_filiais ......................... [RUN]
[0m00:28:33  10 of 20 START sql view model cobra_staging.stg_pagamentos ..................... [RUN]
[0m00:28:33  6 of 20 OK created sql view model cobra_staging.chg_telefones .................. [[32mCREATE VIEW[0m in 0.32s]
[0m00:28:33  8 of 20 OK created sql view model cobra_staging.stg_dividas .................... [[32mCREATE VIEW[0m in 0.32s]
[0m00:28:33  11 of 20 START sql view model cobra_staging.stg_processos ...................... [RUN]
[0m00:28:33  12 of 20 START sql incremental model public.devedores .......................... [RUN]
[0m00:28:33  10 of 20 OK created sql view model cobra_staging.stg_pagamentos ................ [[32mCREATE VIEW[0m in 0.33s]
[0m00:28:33  13 of 20 START sql incremental model public.emails ............................. [RUN]
[0m00:28:34  9 of 20 OK created sql view model cobra_staging.stg_filiais .................... [[32mCREATE VIEW[0m in 0.36s]
[0m00:28:34  14 of 20 START sql incremental model public.enderecos .......................... [RUN]
[0m00:28:34  11 of 20 OK created sql view model cobra_staging.stg_processos ................. [[32mCREATE VIEW[0m in 0.42s]
[0m00:28:34  15 of 20 START sql incremental model public.telefones .......................... [RUN]
[0m00:28:34  13 of 20 OK created sql incremental model public.emails ........................ [[32mMERGE 10920[0m in 0.55s]
[0m00:28:34  16 of 20 START sql incremental model public.dividas ............................ [RUN]
[0m00:28:34  12 of 20 OK created sql incremental model public.devedores ..................... [[32mMERGE 24742[0m in 0.99s]
[0m00:28:34  17 of 20 START sql incremental model public.pagamentos ......................... [RUN]
[0m00:28:34  14 of 20 OK created sql incremental model public.enderecos ..................... [[32mMERGE 24742[0m in 0.83s]
[0m00:28:34  18 of 20 START sql incremental model public.lojas .............................. [RUN]
[0m00:28:35  18 of 20 OK created sql incremental model public.lojas ......................... [[32mMERGE 20[0m in 0.20s]
[0m00:28:35  19 of 20 START sql incremental model public.processos .......................... [RUN]
[0m00:28:35  19 of 20 OK created sql incremental model public.processos ..................... [[32mMERGE 294[0m in 0.21s]
[0m00:28:35  15 of 20 OK created sql incremental model public.telefones ..................... [[32mMERGE 23749[0m in 1.23s]
[0m00:28:36  17 of 20 OK created sql incremental model public.pagamentos .................... [[32mMERGE 51445[0m in 1.99s]
[0m00:28:40  16 of 20 OK created sql incremental model public.dividas ....................... [[32mINSERT 0 227011[0m in 6.43s]
[0m00:28:41  20 of 20 START sql incremental model cobra.tb_audit_mudancas ................... [RUN]
[0m00:28:44  20 of 20 OK created sql incremental model cobra.tb_audit_mudancas .............. [[32mINSERT 0 10[0m in 3.08s]
[0m00:28:44  
[0m00:28:44  Finished running 9 incremental models, 11 view models in 0 hours 0 minutes and 12.19 seconds (12.19s).
[0m00:28:44  
[0m00:28:44  [32mCompleted successfully[0m
[0m00:28:44  
[0m00:28:44  Done. PASS=20 WARN=0 ERROR=0 SKIP=0 NO-OP=0 TOTAL=20
seg 22 jun 2026 21:28:45 -03 - dbt finalizado com código 0
ter 23 jun 2026 03:03:46 -03 - Iniciando dbt run...
[0m06:03:50  Running with dbt=1.12.0-b1
[0m06:03:51  Registered adapter: postgres=1.10.0
[0m06:03:51  Found 20 models, 468 macros
[0m06:03:51  
[0m06:03:51  Concurrency: 4 threads (target='dev')
[0m06:03:51  
[0m06:03:52  1 of 20 START sql view model cobra_staging.chg_devedores ....................... [RUN]
[0m06:03:52  2 of 20 START sql view model cobra_staging.chg_emails .......................... [RUN]
[0m06:03:52  3 of 20 START sql view model cobra_staging.chg_enderecos ....................... [RUN]
[0m06:03:52  4 of 20 START sql view model cobra_staging.chg_lojas ........................... [RUN]
[0m06:03:53  4 of 20 OK created sql view model cobra_staging.chg_lojas ...................... [[32mCREATE VIEW[0m in 0.82s]
[0m06:03:53  1 of 20 OK created sql view model cobra_staging.chg_devedores .................. [[32mCREATE VIEW[0m in 0.83s]
[0m06:03:53  3 of 20 OK created sql view model cobra_staging.chg_enderecos .................. [[32mCREATE VIEW[0m in 0.83s]
[0m06:03:53  2 of 20 OK created sql view model cobra_staging.chg_emails ..................... [[32mCREATE VIEW[0m in 0.84s]
[0m06:03:53  5 of 20 START sql view model cobra_staging.chg_pagamentos ...................... [RUN]
[0m06:03:53  6 of 20 START sql view model cobra_staging.chg_telefones ....................... [RUN]
[0m06:03:53  7 of 20 START sql view model cobra_staging.stg_cadastro ........................ [RUN]
[0m06:03:53  8 of 20 START sql view model cobra_staging.stg_dividas ......................... [RUN]
[0m06:03:53  6 of 20 OK created sql view model cobra_staging.chg_telefones .................. [[32mCREATE VIEW[0m in 0.31s]
[0m06:03:53  9 of 20 START sql view model cobra_staging.stg_filiais ......................... [RUN]
[0m06:03:53  5 of 20 OK created sql view model cobra_staging.chg_pagamentos ................. [[32mCREATE VIEW[0m in 0.33s]
[0m06:03:53  7 of 20 OK created sql view model cobra_staging.stg_cadastro ................... [[32mCREATE VIEW[0m in 0.33s]
[0m06:03:53  8 of 20 OK created sql view model cobra_staging.stg_dividas .................... [[32mCREATE VIEW[0m in 0.33s]
[0m06:03:53  10 of 20 START sql view model cobra_staging.stg_pagamentos ..................... [RUN]
[0m06:03:53  11 of 20 START sql view model cobra_staging.stg_processos ...................... [RUN]
[0m06:03:53  12 of 20 START sql incremental model public.devedores .......................... [RUN]
[0m06:03:54  9 of 20 OK created sql view model cobra_staging.stg_filiais .................... [[32mCREATE VIEW[0m in 0.30s]
[0m06:03:54  13 of 20 START sql incremental model public.emails ............................. [RUN]
[0m06:03:54  11 of 20 OK created sql view model cobra_staging.stg_processos ................. [[32mCREATE VIEW[0m in 0.40s]
[0m06:03:54  10 of 20 OK created sql view model cobra_staging.stg_pagamentos ................ [[32mCREATE VIEW[0m in 0.41s]
[0m06:03:54  14 of 20 START sql incremental model public.enderecos .......................... [RUN]
[0m06:03:54  15 of 20 START sql incremental model public.telefones .......................... [RUN]
[0m06:03:54  13 of 20 OK created sql incremental model public.emails ........................ [[32mMERGE 11021[0m in 0.61s]
[0m06:03:54  16 of 20 START sql incremental model public.dividas ............................ [RUN]
[0m06:03:54  12 of 20 OK created sql incremental model public.devedores ..................... [[32mMERGE 24844[0m in 1.07s]
[0m06:03:54  17 of 20 START sql incremental model public.lojas .............................. [RUN]
[0m06:03:55  14 of 20 OK created sql incremental model public.enderecos ..................... [[32mMERGE 24844[0m in 0.78s]
[0m06:03:55  18 of 20 START sql incremental model public.pagamentos ......................... [RUN]
[0m06:03:55  17 of 20 OK created sql incremental model public.lojas ......................... [[32mMERGE 20[0m in 0.21s]
[0m06:03:55  19 of 20 START sql incremental model public.processos .......................... [RUN]
[0m06:03:55  15 of 20 OK created sql incremental model public.telefones ..................... [[32mMERGE 23851[0m in 0.93s]
[0m06:03:55  19 of 20 OK created sql incremental model public.processos ..................... [[32mMERGE 294[0m in 0.21s]
[0m06:03:56  18 of 20 OK created sql incremental model public.pagamentos .................... [[32mMERGE 51445[0m in 1.62s]
[0m06:04:05  16 of 20 OK created sql incremental model public.dividas ....................... [[32mINSERT 0 227896[0m in 10.83s]
[0m06:04:05  20 of 20 START sql incremental model cobra.tb_audit_mudancas ................... [RUN]
[0m06:04:08  20 of 20 OK created sql incremental model cobra.tb_audit_mudancas .............. [[32mINSERT 0 10[0m in 3.40s]
[0m06:04:09  
[0m06:04:09  Finished running 9 incremental models, 11 view models in 0 hours 0 minutes and 17.11 seconds (17.11s).
[0m06:04:09  
[0m06:04:09  [32mCompleted successfully[0m
[0m06:04:09  
[0m06:04:09  Done. PASS=20 WARN=0 ERROR=0 SKIP=0 NO-OP=0 TOTAL=20
ter 23 jun 2026 03:04:10 -03 - dbt finalizado com código 0
qua 24 jun 2026 03:03:49 -03 - Iniciando dbt run...
[0m06:03:52  Running with dbt=1.12.0-b1
[0m06:03:53  Registered adapter: postgres=1.10.0
[0m06:03:54  Found 20 models, 468 macros
[0m06:03:54  
[0m06:03:54  Concurrency: 4 threads (target='dev')
[0m06:03:54  
[0m06:03:54  1 of 20 START sql view model cobra_staging.chg_devedores ....................... [RUN]
[0m06:03:54  2 of 20 START sql view model cobra_staging.chg_emails .......................... [RUN]
[0m06:03:54  3 of 20 START sql view model cobra_staging.chg_enderecos ....................... [RUN]
[0m06:03:54  4 of 20 START sql view model cobra_staging.chg_lojas ........................... [RUN]
[0m06:03:55  2 of 20 OK created sql view model cobra_staging.chg_emails ..................... [[32mCREATE VIEW[0m in 0.60s]
[0m06:03:55  5 of 20 START sql view model cobra_staging.chg_pagamentos ...................... [RUN]
[0m06:03:55  3 of 20 OK created sql view model cobra_staging.chg_enderecos .................. [[32mCREATE VIEW[0m in 0.63s]
[0m06:03:55  4 of 20 OK created sql view model cobra_staging.chg_lojas ...................... [[32mCREATE VIEW[0m in 0.63s]
[0m06:03:55  1 of 20 OK created sql view model cobra_staging.chg_devedores .................. [[32mCREATE VIEW[0m in 0.64s]
[0m06:03:55  6 of 20 START sql view model cobra_staging.chg_telefones ....................... [RUN]
[0m06:03:55  7 of 20 START sql view model cobra_staging.stg_cadastro ........................ [RUN]
[0m06:03:55  8 of 20 START sql view model cobra_staging.stg_dividas ......................... [RUN]
[0m06:03:55  5 of 20 OK created sql view model cobra_staging.chg_pagamentos ................. [[32mCREATE VIEW[0m in 0.17s]
[0m06:03:55  9 of 20 START sql view model cobra_staging.stg_filiais ......................... [RUN]
[0m06:03:55  7 of 20 OK created sql view model cobra_staging.stg_cadastro ................... [[32mCREATE VIEW[0m in 0.27s]
[0m06:03:55  10 of 20 START sql view model cobra_staging.stg_pagamentos ..................... [RUN]
[0m06:03:55  6 of 20 OK created sql view model cobra_staging.chg_telefones .................. [[32mCREATE VIEW[0m in 0.31s]
[0m06:03:55  8 of 20 OK created sql view model cobra_staging.stg_dividas .................... [[32mCREATE VIEW[0m in 0.31s]
[0m06:03:55  11 of 20 START sql view model cobra_staging.stg_processos ...................... [RUN]
[0m06:03:55  12 of 20 START sql incremental model public.devedores .......................... [RUN]
[0m06:03:55  9 of 20 OK created sql view model cobra_staging.stg_filiais .................... [[32mCREATE VIEW[0m in 0.37s]
[0m06:03:55  13 of 20 START sql incremental model public.emails ............................. [RUN]
[0m06:03:56  10 of 20 OK created sql view model cobra_staging.stg_pagamentos ................ [[32mCREATE VIEW[0m in 0.34s]
[0m06:03:56  14 of 20 START sql incremental model public.enderecos .......................... [RUN]
[0m06:03:56  11 of 20 OK created sql view model cobra_staging.stg_processos ................. [[32mCREATE VIEW[0m in 0.39s]
[0m06:03:56  15 of 20 START sql incremental model public.telefones .......................... [RUN]
[0m06:03:56  13 of 20 OK created sql incremental model public.emails ........................ [[32mMERGE 10945[0m in 0.54s]
[0m06:03:56  16 of 20 START sql incremental model public.dividas ............................ [RUN]
[0m06:03:56  12 of 20 OK created sql incremental model public.devedores ..................... [[32mMERGE 24765[0m in 0.99s]
[0m06:03:56  17 of 20 START sql incremental model public.lojas .............................. [RUN]
[0m06:03:56  14 of 20 OK created sql incremental model public.enderecos ..................... [[32mMERGE 24765[0m in 0.89s]
[0m06:03:56  18 of 20 START sql incremental model public.pagamentos ......................... [RUN]
[0m06:03:57  17 of 20 OK created sql incremental model public.lojas ......................... [[32mMERGE 20[0m in 0.21s]
[0m06:03:57  19 of 20 START sql incremental model public.processos .......................... [RUN]
[0m06:03:57  15 of 20 OK created sql incremental model public.telefones ..................... [[32mMERGE 23773[0m in 0.91s]
[0m06:03:57  19 of 20 OK created sql incremental model public.processos ..................... [[32mMERGE 294[0m in 0.21s]
[0m06:03:58  18 of 20 OK created sql incremental model public.pagamentos .................... [[32mMERGE 51300[0m in 1.57s]
[0m06:04:06  16 of 20 OK created sql incremental model public.dividas ....................... [[32mINSERT 0 227238[0m in 10.09s]
[0m06:04:06  20 of 20 START sql incremental model cobra.tb_audit_mudancas ................... [RUN]
[0m06:04:11  20 of 20 OK created sql incremental model cobra.tb_audit_mudancas .............. [[32mINSERT 0 10[0m in 4.98s]
[0m06:04:11  
[0m06:04:11  Finished running 9 incremental models, 11 view models in 0 hours 0 minutes and 17.61 seconds (17.61s).
[0m06:04:11  
[0m06:04:11  [32mCompleted successfully[0m
[0m06:04:11  
[0m06:04:11  Done. PASS=20 WARN=0 ERROR=0 SKIP=0 NO-OP=0 TOTAL=20
qua 24 jun 2026 03:04:13 -03 - dbt finalizado com código 0
qui 25 jun 2026 03:03:51 -03 - Iniciando dbt run...
[0m06:03:55  Running with dbt=1.12.0-b1
[0m06:03:56  Registered adapter: postgres=1.10.0
[0m06:03:56  Found 20 models, 468 macros
[0m06:03:56  
[0m06:03:56  Concurrency: 4 threads (target='dev')
[0m06:03:56  
[0m06:03:57  1 of 20 START sql view model cobra_staging.chg_devedores ....................... [RUN]
[0m06:03:57  2 of 20 START sql view model cobra_staging.chg_emails .......................... [RUN]
[0m06:03:57  3 of 20 START sql view model cobra_staging.chg_enderecos ....................... [RUN]
[0m06:03:57  4 of 20 START sql view model cobra_staging.chg_lojas ........................... [RUN]
[0m06:03:58  2 of 20 OK created sql view model cobra_staging.chg_emails ..................... [[32mCREATE VIEW[0m in 0.74s]
[0m06:03:58  3 of 20 OK created sql view model cobra_staging.chg_enderecos .................. [[32mCREATE VIEW[0m in 0.74s]
[0m06:03:58  1 of 20 OK created sql view model cobra_staging.chg_devedores .................. [[32mCREATE VIEW[0m in 0.75s]
[0m06:03:58  4 of 20 OK created sql view model cobra_staging.chg_lojas ...................... [[32mCREATE VIEW[0m in 0.75s]
[0m06:03:58  5 of 20 START sql view model cobra_staging.chg_pagamentos ...................... [RUN]
[0m06:03:58  6 of 20 START sql view model cobra_staging.chg_telefones ....................... [RUN]
[0m06:03:58  7 of 20 START sql view model cobra_staging.stg_cadastro ........................ [RUN]
[0m06:03:58  8 of 20 START sql view model cobra_staging.stg_dividas ......................... [RUN]
[0m06:03:58  5 of 20 OK created sql view model cobra_staging.chg_pagamentos ................. [[32mCREATE VIEW[0m in 0.32s]
[0m06:03:58  9 of 20 START sql view model cobra_staging.stg_filiais ......................... [RUN]
[0m06:03:58  8 of 20 OK created sql view model cobra_staging.stg_dividas .................... [[32mCREATE VIEW[0m in 0.33s]
[0m06:03:58  7 of 20 OK created sql view model cobra_staging.stg_cadastro ................... [[32mCREATE VIEW[0m in 0.34s]
[0m06:03:58  6 of 20 OK created sql view model cobra_staging.chg_telefones .................. [[32mCREATE VIEW[0m in 0.35s]
[0m06:03:58  10 of 20 START sql view model cobra_staging.stg_pagamentos ..................... [RUN]
[0m06:03:58  11 of 20 START sql view model cobra_staging.stg_processos ...................... [RUN]
[0m06:03:58  12 of 20 START sql incremental model public.dividas ............................ [RUN]
[0m06:03:59  9 of 20 OK created sql view model cobra_staging.stg_filiais .................... [[32mCREATE VIEW[0m in 0.31s]
[0m06:03:59  13 of 20 START sql incremental model public.devedores .......................... [RUN]
[0m06:03:59  10 of 20 OK created sql view model cobra_staging.stg_pagamentos ................ [[32mCREATE VIEW[0m in 0.31s]
[0m06:03:59  14 of 20 START sql incremental model public.emails ............................. [RUN]
[0m06:03:59  11 of 20 OK created sql view model cobra_staging.stg_processos ................. [[32mCREATE VIEW[0m in 0.45s]
[0m06:03:59  15 of 20 START sql incremental model public.enderecos .......................... [RUN]
[0m06:03:59  14 of 20 OK created sql incremental model public.emails ........................ [[32mMERGE 11425[0m in 0.79s]
[0m06:03:59  16 of 20 START sql incremental model public.telefones .......................... [RUN]
[0m06:04:00  13 of 20 OK created sql incremental model public.devedores ..................... [[32mMERGE 25259[0m in 1.08s]
[0m06:04:00  17 of 20 START sql incremental model public.lojas .............................. [RUN]
[0m06:04:00  15 of 20 OK created sql incremental model public.enderecos ..................... [[32mMERGE 25259[0m in 0.93s]
[0m06:04:00  18 of 20 START sql incremental model public.pagamentos ......................... [RUN]
[0m06:04:00  17 of 20 OK created sql incremental model public.lojas ......................... [[32mMERGE 20[0m in 0.23s]
[0m06:04:00  19 of 20 START sql incremental model public.processos .......................... [RUN]
[0m06:04:00  19 of 20 OK created sql incremental model public.processos ..................... [[32mMERGE 294[0m in 0.19s]
[0m06:04:00  16 of 20 OK created sql incremental model public.telefones ..................... [[32mMERGE 24266[0m in 0.73s]
[0m06:04:01  18 of 20 OK created sql incremental model public.pagamentos .................... [[32mMERGE 51090[0m in 1.81s]
[0m06:04:10  12 of 20 OK created sql incremental model public.dividas ....................... [[32mINSERT 0 231049[0m in 12.21s]
[0m06:04:10  20 of 20 START sql incremental model cobra.tb_audit_mudancas ................... [RUN]
[0m06:04:15  20 of 20 OK created sql incremental model cobra.tb_audit_mudancas .............. [[32mINSERT 0 10[0m in 4.95s]
[0m06:04:15  
[0m06:04:15  Finished running 9 incremental models, 11 view models in 0 hours 0 minutes and 19.09 seconds (19.09s).
[0m06:04:16  
[0m06:04:16  [32mCompleted successfully[0m
[0m06:04:16  
[0m06:04:16  Done. PASS=20 WARN=0 ERROR=0 SKIP=0 NO-OP=0 TOTAL=20
qui 25 jun 2026 03:04:17 -03 - dbt finalizado com código 0
sex 26 jun 2026 03:03:55 -03 - Iniciando dbt run...
[0m06:04:00  Running with dbt=1.12.0-b1
[0m06:04:00  Registered adapter: postgres=1.10.0
[0m06:04:01  Found 20 models, 468 macros
[0m06:04:01  
[0m06:04:01  Concurrency: 4 threads (target='dev')
[0m06:04:01  
[0m06:04:02  1 of 20 START sql view model cobra_staging.chg_devedores ....................... [RUN]
[0m06:04:02  2 of 20 START sql view model cobra_staging.chg_emails .......................... [RUN]
[0m06:04:02  3 of 20 START sql view model cobra_staging.chg_enderecos ....................... [RUN]
[0m06:04:02  4 of 20 START sql view model cobra_staging.chg_lojas ........................... [RUN]
[0m06:04:03  3 of 20 OK created sql view model cobra_staging.chg_enderecos .................. [[32mCREATE VIEW[0m in 0.75s]
[0m06:04:03  2 of 20 OK created sql view model cobra_staging.chg_emails ..................... [[32mCREATE VIEW[0m in 0.76s]
[0m06:04:03  1 of 20 OK created sql view model cobra_staging.chg_devedores .................. [[32mCREATE VIEW[0m in 0.76s]
[0m06:04:03  4 of 20 OK created sql view model cobra_staging.chg_lojas ...................... [[32mCREATE VIEW[0m in 0.76s]
[0m06:04:03  5 of 20 START sql view model cobra_staging.chg_pagamentos ...................... [RUN]
[0m06:04:03  6 of 20 START sql view model cobra_staging.chg_telefones ....................... [RUN]
[0m06:04:03  7 of 20 START sql view model cobra_staging.stg_cadastro ........................ [RUN]
[0m06:04:03  8 of 20 START sql view model cobra_staging.stg_dividas ......................... [RUN]
[0m06:04:03  5 of 20 OK created sql view model cobra_staging.chg_pagamentos ................. [[32mCREATE VIEW[0m in 0.32s]
[0m06:04:03  6 of 20 OK created sql view model cobra_staging.chg_telefones .................. [[32mCREATE VIEW[0m in 0.34s]
[0m06:04:03  8 of 20 OK created sql view model cobra_staging.stg_dividas .................... [[32mCREATE VIEW[0m in 0.34s]
[0m06:04:03  9 of 20 START sql view model cobra_staging.stg_filiais ......................... [RUN]
[0m06:04:03  7 of 20 OK created sql view model cobra_staging.stg_cadastro ................... [[32mCREATE VIEW[0m in 0.34s]
[0m06:04:03  10 of 20 START sql view model cobra_staging.stg_pagamentos ..................... [RUN]
[0m06:04:03  11 of 20 START sql view model cobra_staging.stg_processos ...................... [RUN]
[0m06:04:03  12 of 20 START sql incremental model public.dividas ............................ [RUN]
[0m06:04:04  9 of 20 OK created sql view model cobra_staging.stg_filiais .................... [[32mCREATE VIEW[0m in 0.37s]
[0m06:04:04  13 of 20 START sql incremental model public.devedores .......................... [RUN]
[0m06:04:04  11 of 20 OK created sql view model cobra_staging.stg_processos ................. [[32mCREATE VIEW[0m in 0.37s]
[0m06:04:04  10 of 20 OK created sql view model cobra_staging.stg_pagamentos ................ [[32mCREATE VIEW[0m in 0.37s]
[0m06:04:04  14 of 20 START sql incremental model public.emails ............................. [RUN]
[0m06:04:04  15 of 20 START sql incremental model public.enderecos .......................... [RUN]
[0m06:04:05  14 of 20 OK created sql incremental model public.emails ........................ [[32mMERGE 11258[0m in 0.81s]
[0m06:04:05  16 of 20 START sql incremental model public.telefones .......................... [RUN]
[0m06:04:05  13 of 20 OK created sql incremental model public.devedores ..................... [[32mMERGE 25088[0m in 1.09s]
[0m06:04:05  15 of 20 OK created sql incremental model public.enderecos ..................... [[32mMERGE 25088[0m in 1.04s]
[0m06:04:05  17 of 20 START sql incremental model public.lojas .............................. [RUN]
[0m06:04:05  18 of 20 START sql incremental model public.processos .......................... [RUN]
[0m06:04:05  17 of 20 OK created sql incremental model public.lojas ......................... [[32mMERGE 20[0m in 0.30s]
[0m06:04:05  18 of 20 OK created sql incremental model public.processos ..................... [[32mMERGE 294[0m in 0.28s]
[0m06:04:05  19 of 20 START sql incremental model public.pagamentos ......................... [RUN]
[0m06:04:05  16 of 20 OK created sql incremental model public.telefones ..................... [[32mMERGE 24097[0m in 0.75s]
[0m06:04:07  19 of 20 OK created sql incremental model public.pagamentos .................... [[32mMERGE 50928[0m in 1.87s]
[0m06:04:14  12 of 20 OK created sql incremental model public.dividas ....................... [[32mINSERT 0 229682[0m in 11.16s]
[0m06:04:14  20 of 20 START sql incremental model cobra.tb_audit_mudancas ................... [RUN]
[0m06:04:18  20 of 20 OK created sql incremental model cobra.tb_audit_mudancas .............. [[32mINSERT 0 10[0m in 3.39s]
[0m06:04:18  
[0m06:04:18  Finished running 9 incremental models, 11 view models in 0 hours 0 minutes and 16.51 seconds (16.51s).
[0m06:04:18  
[0m06:04:18  [32mCompleted successfully[0m
[0m06:04:18  
[0m06:04:18  Done. PASS=20 WARN=0 ERROR=0 SKIP=0 NO-OP=0 TOTAL=20
sex 26 jun 2026 03:04:19 -03 - dbt finalizado com código 0
sáb 27 jun 2026 03:03:51 -03 - Iniciando dbt run...
[0m06:03:55  Running with dbt=1.12.0-b1
[0m06:03:56  Registered adapter: postgres=1.10.0
[0m06:03:57  Found 20 models, 468 macros
[0m06:03:57  
[0m06:03:57  Concurrency: 4 threads (target='dev')
[0m06:03:57  
[0m06:03:58  1 of 20 START sql view model cobra_staging.chg_devedores ....................... [RUN]
[0m06:03:58  2 of 20 START sql view model cobra_staging.chg_emails .......................... [RUN]
[0m06:03:58  3 of 20 START sql view model cobra_staging.chg_enderecos ....................... [RUN]
[0m06:03:58  4 of 20 START sql view model cobra_staging.chg_lojas ........................... [RUN]
[0m06:03:59  3 of 20 OK created sql view model cobra_staging.chg_enderecos .................. [[32mCREATE VIEW[0m in 0.85s]
[0m06:03:59  2 of 20 OK created sql view model cobra_staging.chg_emails ..................... [[32mCREATE VIEW[0m in 0.85s]
[0m06:03:59  1 of 20 OK created sql view model cobra_staging.chg_devedores .................. [[32mCREATE VIEW[0m in 0.87s]
[0m06:03:59  4 of 20 OK created sql view model cobra_staging.chg_lojas ...................... [[32mCREATE VIEW[0m in 0.87s]
[0m06:03:59  5 of 20 START sql view model cobra_staging.chg_pagamentos ...................... [RUN]
[0m06:03:59  6 of 20 START sql view model cobra_staging.chg_telefones ....................... [RUN]
[0m06:03:59  7 of 20 START sql view model cobra_staging.stg_cadastro ........................ [RUN]
[0m06:03:59  8 of 20 START sql view model cobra_staging.stg_dividas ......................... [RUN]
[0m06:03:59  5 of 20 OK created sql view model cobra_staging.chg_pagamentos ................. [[32mCREATE VIEW[0m in 0.31s]
[0m06:03:59  9 of 20 START sql view model cobra_staging.stg_filiais ......................... [RUN]
[0m06:03:59  6 of 20 OK created sql view model cobra_staging.chg_telefones .................. [[32mCREATE VIEW[0m in 0.33s]
[0m06:03:59  8 of 20 OK created sql view model cobra_staging.stg_dividas .................... [[32mCREATE VIEW[0m in 0.34s]
[0m06:03:59  7 of 20 OK created sql view model cobra_staging.stg_cadastro ................... [[32mCREATE VIEW[0m in 0.34s]
[0m06:03:59  10 of 20 START sql view model cobra_staging.stg_pagamentos ..................... [RUN]
[0m06:03:59  11 of 20 START sql view model cobra_staging.stg_processos ...................... [RUN]
[0m06:03:59  12 of 20 START sql incremental model public.dividas ............................ [RUN]
[0m06:03:59  9 of 20 OK created sql view model cobra_staging.stg_filiais .................... [[32mCREATE VIEW[0m in 0.36s]
[0m06:03:59  13 of 20 START sql incremental model public.devedores .......................... [RUN]
[0m06:03:59  10 of 20 OK created sql view model cobra_staging.stg_pagamentos ................ [[32mCREATE VIEW[0m in 0.36s]
[0m06:03:59  11 of 20 OK created sql view model cobra_staging.stg_processos ................. [[32mCREATE VIEW[0m in 0.36s]
[0m06:04:00  14 of 20 START sql incremental model public.emails ............................. [RUN]
[0m06:04:00  15 of 20 START sql incremental model public.enderecos .......................... [RUN]
[0m06:04:00  14 of 20 OK created sql incremental model public.emails ........................ [[32mMERGE 11125[0m in 0.85s]
[0m06:04:00  16 of 20 START sql incremental model public.telefones .......................... [RUN]
[0m06:04:01  13 of 20 OK created sql incremental model public.devedores ..................... [[32mMERGE 24944[0m in 1.14s]
[0m06:04:01  17 of 20 START sql incremental model public.lojas .............................. [RUN]
[0m06:04:01  15 of 20 OK created sql incremental model public.enderecos ..................... [[32mMERGE 24944[0m in 1.08s]
[0m06:04:01  18 of 20 START sql incremental model public.pagamentos ......................... [RUN]
[0m06:04:01  17 of 20 OK created sql incremental model public.lojas ......................... [[32mMERGE 20[0m in 0.23s]
[0m06:04:01  19 of 20 START sql incremental model public.processos .......................... [RUN]
[0m06:04:01  19 of 20 OK created sql incremental model public.processos ..................... [[32mMERGE 294[0m in 0.19s]
[0m06:04:01  16 of 20 OK created sql incremental model public.telefones ..................... [[32mMERGE 23953[0m in 0.74s]
[0m06:04:03  18 of 20 OK created sql incremental model public.pagamentos .................... [[32mMERGE 51500[0m in 2.11s]
[0m06:04:10  12 of 20 OK created sql incremental model public.dividas ....................... [[32mINSERT 0 228467[0m in 10.85s]
[0m06:04:10  20 of 20 START sql incremental model cobra.tb_audit_mudancas ................... [RUN]
[0m06:04:15  20 of 20 OK created sql incremental model cobra.tb_audit_mudancas .............. [[32mINSERT 0 10[0m in 4.86s]
[0m06:04:15  
[0m06:04:15  Finished running 9 incremental models, 11 view models in 0 hours 0 minutes and 17.80 seconds (17.80s).
[0m06:04:15  
[0m06:04:15  [32mCompleted successfully[0m
[0m06:04:15  
[0m06:04:15  Done. PASS=20 WARN=0 ERROR=0 SKIP=0 NO-OP=0 TOTAL=20
sáb 27 jun 2026 03:04:16 -03 - dbt finalizado com código 0
dom 28 jun 2026 03:03:55 -03 - Iniciando dbt run...
[0m06:03:59  Running with dbt=1.12.0-b1
[0m06:04:00  Registered adapter: postgres=1.10.0
[0m06:04:01  Found 20 models, 468 macros
[0m06:04:01  
[0m06:04:01  Concurrency: 4 threads (target='dev')
[0m06:04:01  
[0m06:04:01  1 of 20 START sql view model cobra_staging.chg_devedores ....................... [RUN]
[0m06:04:01  2 of 20 START sql view model cobra_staging.chg_emails .......................... [RUN]
[0m06:04:01  3 of 20 START sql view model cobra_staging.chg_enderecos ....................... [RUN]
[0m06:04:01  4 of 20 START sql view model cobra_staging.chg_lojas ........................... [RUN]
[0m06:04:02  2 of 20 OK created sql view model cobra_staging.chg_emails ..................... [[32mCREATE VIEW[0m in 0.82s]
[0m06:04:02  4 of 20 OK created sql view model cobra_staging.chg_lojas ...................... [[32mCREATE VIEW[0m in 0.82s]
[0m06:04:02  1 of 20 OK created sql view model cobra_staging.chg_devedores .................. [[32mCREATE VIEW[0m in 0.82s]
[0m06:04:02  3 of 20 OK created sql view model cobra_staging.chg_enderecos .................. [[32mCREATE VIEW[0m in 0.82s]
[0m06:04:02  5 of 20 START sql view model cobra_staging.chg_pagamentos ...................... [RUN]
[0m06:04:02  6 of 20 START sql view model cobra_staging.chg_telefones ....................... [RUN]
[0m06:04:02  7 of 20 START sql view model cobra_staging.stg_cadastro ........................ [RUN]
[0m06:04:02  8 of 20 START sql view model cobra_staging.stg_dividas ......................... [RUN]
[0m06:04:02  5 of 20 OK created sql view model cobra_staging.chg_pagamentos ................. [[32mCREATE VIEW[0m in 0.32s]
[0m06:04:02  6 of 20 OK created sql view model cobra_staging.chg_telefones .................. [[32mCREATE VIEW[0m in 0.33s]
[0m06:04:02  9 of 20 START sql view model cobra_staging.stg_filiais ......................... [RUN]
[0m06:04:03  10 of 20 START sql view model cobra_staging.stg_pagamentos ..................... [RUN]
[0m06:04:03  8 of 20 OK created sql view model cobra_staging.stg_dividas .................... [[32mCREATE VIEW[0m in 0.35s]
[0m06:04:03  7 of 20 OK created sql view model cobra_staging.stg_cadastro ................... [[32mCREATE VIEW[0m in 0.36s]
[0m06:04:03  11 of 20 START sql view model cobra_staging.stg_processos ...................... [RUN]
[0m06:04:03  12 of 20 START sql incremental model public.dividas ............................ [RUN]
[0m06:04:03  9 of 20 OK created sql view model cobra_staging.stg_filiais .................... [[32mCREATE VIEW[0m in 0.33s]
[0m06:04:03  13 of 20 START sql incremental model public.devedores .......................... [RUN]
[0m06:04:03  11 of 20 OK created sql view model cobra_staging.stg_processos ................. [[32mCREATE VIEW[0m in 0.33s]
[0m06:04:03  10 of 20 OK created sql view model cobra_staging.stg_pagamentos ................ [[32mCREATE VIEW[0m in 0.37s]
[0m06:04:03  14 of 20 START sql incremental model public.emails ............................. [RUN]
[0m06:04:03  15 of 20 START sql incremental model public.enderecos .......................... [RUN]
[0m06:04:04  14 of 20 OK created sql incremental model public.emails ........................ [[32mMERGE 11146[0m in 0.75s]
[0m06:04:04  16 of 20 START sql incremental model public.telefones .......................... [RUN]
[0m06:04:04  13 of 20 OK created sql incremental model public.devedores ..................... [[32mMERGE 24967[0m in 1.05s]
[0m06:04:04  17 of 20 START sql incremental model public.lojas .............................. [RUN]
[0m06:04:04  15 of 20 OK created sql incremental model public.enderecos ..................... [[32mMERGE 24967[0m in 1.03s]
[0m06:04:04  18 of 20 START sql incremental model public.processos .......................... [RUN]
[0m06:04:04  17 of 20 OK created sql incremental model public.lojas ......................... [[32mMERGE 20[0m in 0.27s]
[0m06:04:04  19 of 20 START sql incremental model public.pagamentos ......................... [RUN]
[0m06:04:04  18 of 20 OK created sql incremental model public.processos ..................... [[32mMERGE 294[0m in 0.26s]
[0m06:04:04  16 of 20 OK created sql incremental model public.telefones ..................... [[32mMERGE 23976[0m in 0.74s]
[0m06:04:06  19 of 20 OK created sql incremental model public.pagamentos .................... [[32mMERGE 52247[0m in 1.87s]
[0m06:04:13  12 of 20 OK created sql incremental model public.dividas ....................... [[32mINSERT 0 228604[0m in 10.53s]
[0m06:04:13  20 of 20 START sql incremental model cobra.tb_audit_mudancas ................... [RUN]
[0m06:04:17  20 of 20 OK created sql incremental model cobra.tb_audit_mudancas .............. [[32mINSERT 0 10[0m in 3.50s]
[0m06:04:17  
[0m06:04:17  Finished running 9 incremental models, 11 view models in 0 hours 0 minutes and 16.03 seconds (16.03s).
[0m06:04:17  
[0m06:04:17  [32mCompleted successfully[0m
[0m06:04:17  
[0m06:04:17  Done. PASS=20 WARN=0 ERROR=0 SKIP=0 NO-OP=0 TOTAL=20
dom 28 jun 2026 03:04:18 -03 - dbt finalizado com código 0
seg 29 jun 2026 03:03:57 -03 - Iniciando dbt run...
[0m06:04:01  Running with dbt=1.12.0-b1
[0m06:04:01  Registered adapter: postgres=1.10.0
[0m06:04:02  Found 20 models, 468 macros
[0m06:04:02  
[0m06:04:02  Concurrency: 4 threads (target='dev')
[0m06:04:02  
[0m06:04:03  1 of 20 START sql view model cobra_staging.chg_devedores ....................... [RUN]
[0m06:04:03  2 of 20 START sql view model cobra_staging.chg_emails .......................... [RUN]
[0m06:04:03  3 of 20 START sql view model cobra_staging.chg_enderecos ....................... [RUN]
[0m06:04:03  4 of 20 START sql view model cobra_staging.chg_lojas ........................... [RUN]
[0m06:04:03  1 of 20 OK created sql view model cobra_staging.chg_devedores .................. [[32mCREATE VIEW[0m in 0.83s]
[0m06:04:03  4 of 20 OK created sql view model cobra_staging.chg_lojas ...................... [[32mCREATE VIEW[0m in 0.83s]
[0m06:04:03  2 of 20 OK created sql view model cobra_staging.chg_emails ..................... [[32mCREATE VIEW[0m in 0.84s]
[0m06:04:03  3 of 20 OK created sql view model cobra_staging.chg_enderecos .................. [[32mCREATE VIEW[0m in 0.85s]
[0m06:04:03  5 of 20 START sql view model cobra_staging.chg_pagamentos ...................... [RUN]
[0m06:04:03  6 of 20 START sql view model cobra_staging.chg_telefones ....................... [RUN]
[0m06:04:03  7 of 20 START sql view model cobra_staging.stg_cadastro ........................ [RUN]
[0m06:04:03  8 of 20 START sql view model cobra_staging.stg_dividas ......................... [RUN]
[0m06:04:04  5 of 20 OK created sql view model cobra_staging.chg_pagamentos ................. [[32mCREATE VIEW[0m in 0.32s]
[0m06:04:04  9 of 20 START sql view model cobra_staging.stg_filiais ......................... [RUN]
[0m06:04:04  7 of 20 OK created sql view model cobra_staging.stg_cadastro ................... [[32mCREATE VIEW[0m in 0.35s]
[0m06:04:04  6 of 20 OK created sql view model cobra_staging.chg_telefones .................. [[32mCREATE VIEW[0m in 0.35s]
[0m06:04:04  8 of 20 OK created sql view model cobra_staging.stg_dividas .................... [[32mCREATE VIEW[0m in 0.35s]
[0m06:04:04  10 of 20 START sql view model cobra_staging.stg_pagamentos ..................... [RUN]
[0m06:04:04  11 of 20 START sql view model cobra_staging.stg_processos ...................... [RUN]
[0m06:04:04  12 of 20 START sql incremental model public.devedores .......................... [RUN]
[0m06:04:04  9 of 20 OK created sql view model cobra_staging.stg_filiais .................... [[32mCREATE VIEW[0m in 0.37s]
[0m06:04:04  13 of 20 START sql incremental model public.emails ............................. [RUN]
[0m06:04:04  10 of 20 OK created sql view model cobra_staging.stg_pagamentos ................ [[32mCREATE VIEW[0m in 0.35s]
[0m06:04:04  14 of 20 START sql incremental model public.enderecos .......................... [RUN]
[0m06:04:04  11 of 20 OK created sql view model cobra_staging.stg_processos ................. [[32mCREATE VIEW[0m in 0.38s]
[0m06:04:04  15 of 20 START sql incremental model public.telefones .......................... [RUN]
[0m06:04:05  13 of 20 OK created sql incremental model public.emails ........................ [[32mMERGE 11315[0m in 0.57s]
[0m06:04:05  16 of 20 START sql incremental model public.dividas ............................ [RUN]
[0m06:04:05  12 of 20 OK created sql incremental model public.devedores ..................... [[32mMERGE 25146[0m in 1.05s]
[0m06:04:05  17 of 20 START sql incremental model public.lojas .............................. [RUN]
[0m06:04:05  14 of 20 OK created sql incremental model public.enderecos ..................... [[32mMERGE 25146[0m in 0.88s]
[0m06:04:05  18 of 20 START sql incremental model public.pagamentos ......................... [RUN]
[0m06:04:05  17 of 20 OK created sql incremental model public.lojas ......................... [[32mMERGE 20[0m in 0.22s]
[0m06:04:05  19 of 20 START sql incremental model public.processos .......................... [RUN]
[0m06:04:05  15 of 20 OK created sql incremental model public.telefones ..................... [[32mMERGE 24152[0m in 1.00s]
[0m06:04:05  19 of 20 OK created sql incremental model public.processos ..................... [[32mMERGE 294[0m in 0.23s]
[0m06:04:07  18 of 20 OK created sql incremental model public.pagamentos .................... [[32mMERGE 50827[0m in 1.52s]
[0m06:04:15  16 of 20 OK created sql incremental model public.dividas ....................... [[32mINSERT 0 230084[0m in 9.91s]
[0m06:04:15  20 of 20 START sql incremental model cobra.tb_audit_mudancas ................... [RUN]
[0m06:04:20  20 of 20 OK created sql incremental model cobra.tb_audit_mudancas .............. [[32mINSERT 0 10[0m in 4.96s]
[0m06:04:20  
[0m06:04:20  Finished running 9 incremental models, 11 view models in 0 hours 0 minutes and 17.81 seconds (17.81s).
[0m06:04:20  
[0m06:04:20  [32mCompleted successfully[0m
[0m06:04:20  
[0m06:04:20  Done. PASS=20 WARN=0 ERROR=0 SKIP=0 NO-OP=0 TOTAL=20
seg 29 jun 2026 03:04:21 -03 - dbt finalizado com código 0
ter 30 jun 2026 03:03:53 -03 - Iniciando dbt run...
[0m06:03:58  Running with dbt=1.12.0-b1
[0m06:03:58  Registered adapter: postgres=1.10.0
[0m06:03:59  Found 20 models, 468 macros
[0m06:03:59  
[0m06:03:59  Concurrency: 4 threads (target='dev')
[0m06:03:59  
[0m06:04:00  1 of 20 START sql view model cobra_staging.chg_devedores ....................... [RUN]
[0m06:04:00  2 of 20 START sql view model cobra_staging.chg_emails .......................... [RUN]
[0m06:04:00  3 of 20 START sql view model cobra_staging.chg_enderecos ....................... [RUN]
[0m06:04:00  4 of 20 START sql view model cobra_staging.chg_lojas ........................... [RUN]
[0m06:04:00  1 of 20 OK created sql view model cobra_staging.chg_devedores .................. [[32mCREATE VIEW[0m in 0.75s]
[0m06:04:00  3 of 20 OK created sql view model cobra_staging.chg_enderecos .................. [[32mCREATE VIEW[0m in 0.75s]
[0m06:04:00  4 of 20 OK created sql view model cobra_staging.chg_lojas ...................... [[32mCREATE VIEW[0m in 0.76s]
[0m06:04:00  2 of 20 OK created sql view model cobra_staging.chg_emails ..................... [[32mCREATE VIEW[0m in 0.77s]
[0m06:04:00  5 of 20 START sql view model cobra_staging.chg_pagamentos ...................... [RUN]
[0m06:04:00  6 of 20 START sql view model cobra_staging.chg_telefones ....................... [RUN]
[0m06:04:00  7 of 20 START sql view model cobra_staging.stg_cadastro ........................ [RUN]
[0m06:04:00  8 of 20 START sql view model cobra_staging.stg_dividas ......................... [RUN]
[0m06:04:01  5 of 20 OK created sql view model cobra_staging.chg_pagamentos ................. [[32mCREATE VIEW[0m in 0.31s]
[0m06:04:01  6 of 20 OK created sql view model cobra_staging.chg_telefones .................. [[32mCREATE VIEW[0m in 0.32s]
[0m06:04:01  9 of 20 START sql view model cobra_staging.stg_filiais ......................... [RUN]
[0m06:04:01  8 of 20 OK created sql view model cobra_staging.stg_dividas .................... [[32mCREATE VIEW[0m in 0.33s]
[0m06:04:01  7 of 20 OK created sql view model cobra_staging.stg_cadastro ................... [[32mCREATE VIEW[0m in 0.33s]
[0m06:04:01  10 of 20 START sql view model cobra_staging.stg_pagamentos ..................... [RUN]
[0m06:04:01  11 of 20 START sql view model cobra_staging.stg_processos ...................... [RUN]
[0m06:04:01  12 of 20 START sql incremental model public.dividas ............................ [RUN]
[0m06:04:01  9 of 20 OK created sql view model cobra_staging.stg_filiais .................... [[32mCREATE VIEW[0m in 0.26s]
[0m06:04:01  13 of 20 START sql incremental model public.devedores .......................... [RUN]
[0m06:04:01  11 of 20 OK created sql view model cobra_staging.stg_processos ................. [[32mCREATE VIEW[0m in 0.42s]
[0m06:04:01  10 of 20 OK created sql view model cobra_staging.stg_pagamentos ................ [[32mCREATE VIEW[0m in 0.43s]
[0m06:04:01  14 of 20 START sql incremental model public.emails ............................. [RUN]
[0m06:04:01  15 of 20 START sql incremental model public.enderecos .......................... [RUN]
[0m06:04:02  14 of 20 OK created sql incremental model public.emails ........................ [[32mMERGE 11681[0m in 0.64s]
[0m06:04:02  16 of 20 START sql incremental model public.telefones .......................... [RUN]
[0m06:04:02  13 of 20 OK created sql incremental model public.devedores ..................... [[32mMERGE 25533[0m in 0.91s]
[0m06:04:02  17 of 20 START sql incremental model public.lojas .............................. [RUN]
[0m06:04:02  15 of 20 OK created sql incremental model public.enderecos ..................... [[32mMERGE 25533[0m in 0.81s]
[0m06:04:02  18 of 20 START sql incremental model public.processos .......................... [RUN]
[0m06:04:02  17 of 20 OK created sql incremental model public.lojas ......................... [[32mMERGE 20[0m in 0.25s]
[0m06:04:02  19 of 20 START sql incremental model public.pagamentos ......................... [RUN]
[0m06:04:02  18 of 20 OK created sql incremental model public.processos ..................... [[32mMERGE 294[0m in 0.27s]
[0m06:04:03  16 of 20 OK created sql incremental model public.telefones ..................... [[32mMERGE 24537[0m in 0.94s]
[0m06:04:04  19 of 20 OK created sql incremental model public.pagamentos .................... [[32mMERGE 50577[0m in 1.79s]
[0m06:04:11  12 of 20 OK created sql incremental model public.dividas ....................... [[32mINSERT 0 233569[0m in 10.06s]
[0m06:04:11  20 of 20 START sql incremental model cobra.tb_audit_mudancas ................... [RUN]
[0m06:04:14  20 of 20 OK created sql incremental model cobra.tb_audit_mudancas .............. [[32mINSERT 0 10[0m in 3.12s]
[0m06:04:14  
[0m06:04:14  Finished running 9 incremental models, 11 view models in 0 hours 0 minutes and 15.15 seconds (15.15s).
[0m06:04:14  
[0m06:04:14  [32mCompleted successfully[0m
[0m06:04:14  
[0m06:04:14  Done. PASS=20 WARN=0 ERROR=0 SKIP=0 NO-OP=0 TOTAL=20
ter 30 jun 2026 03:04:16 -03 - dbt finalizado com código 0
qua 01 jul 2026 03:03:38 -03 - Iniciando dbt run...
[0m06:03:42  Running with dbt=1.12.0-b1
[0m06:03:43  Registered adapter: postgres=1.10.0
[0m06:03:43  Found 20 models, 468 macros
[0m06:03:43  
[0m06:03:43  Concurrency: 4 threads (target='dev')
[0m06:03:43  
[0m06:03:44  1 of 20 START sql view model cobra_staging.chg_devedores ....................... [RUN]
[0m06:03:44  2 of 20 START sql view model cobra_staging.chg_emails .......................... [RUN]
[0m06:03:44  3 of 20 START sql view model cobra_staging.chg_enderecos ....................... [RUN]
[0m06:03:44  4 of 20 START sql view model cobra_staging.chg_lojas ........................... [RUN]
[0m06:03:45  2 of 20 OK created sql view model cobra_staging.chg_emails ..................... [[32mCREATE VIEW[0m in 0.72s]
[0m06:03:45  3 of 20 OK created sql view model cobra_staging.chg_enderecos .................. [[32mCREATE VIEW[0m in 0.72s]
[0m06:03:45  4 of 20 OK created sql view model cobra_staging.chg_lojas ...................... [[32mCREATE VIEW[0m in 0.73s]
[0m06:03:45  1 of 20 OK created sql view model cobra_staging.chg_devedores .................. [[32mCREATE VIEW[0m in 0.74s]
[0m06:03:45  5 of 20 START sql view model cobra_staging.chg_pagamentos ...................... [RUN]
[0m06:03:45  6 of 20 START sql view model cobra_staging.chg_telefones ....................... [RUN]
[0m06:03:45  7 of 20 START sql view model cobra_staging.stg_cadastro ........................ [RUN]
[0m06:03:45  8 of 20 START sql view model cobra_staging.stg_dividas ......................... [RUN]
[0m06:03:45  5 of 20 OK created sql view model cobra_staging.chg_pagamentos ................. [[32mCREATE VIEW[0m in 0.24s]
[0m06:03:45  9 of 20 START sql view model cobra_staging.stg_filiais ......................... [RUN]
[0m06:03:45  8 of 20 OK created sql view model cobra_staging.stg_dividas .................... [[32mCREATE VIEW[0m in 0.32s]
[0m06:03:45  6 of 20 OK created sql view model cobra_staging.chg_telefones .................. [[32mCREATE VIEW[0m in 0.34s]
[0m06:03:45  7 of 20 OK created sql view model cobra_staging.stg_cadastro ................... [[32mCREATE VIEW[0m in 0.34s]
[0m06:03:45  10 of 20 START sql view model cobra_staging.stg_pagamentos ..................... [RUN]
[0m06:03:45  11 of 20 START sql view model cobra_staging.stg_processos ...................... [RUN]
[0m06:03:45  12 of 20 START sql incremental model public.dividas ............................ [RUN]
[0m06:03:45  9 of 20 OK created sql view model cobra_staging.stg_filiais .................... [[32mCREATE VIEW[0m in 0.31s]
[0m06:03:45  13 of 20 START sql incremental model public.devedores .......................... [RUN]
[0m06:03:46  10 of 20 OK created sql view model cobra_staging.stg_pagamentos ................ [[32mCREATE VIEW[0m in 0.40s]
[0m06:03:46  14 of 20 START sql incremental model public.emails ............................. [RUN]
[0m06:03:46  11 of 20 OK created sql view model cobra_staging.stg_processos ................. [[32mCREATE VIEW[0m in 0.43s]
[0m06:03:46  15 of 20 START sql incremental model public.enderecos .......................... [RUN]
[0m06:03:46  14 of 20 OK created sql incremental model public.emails ........................ [[32mMERGE 11533[0m in 0.70s]
[0m06:03:46  16 of 20 START sql incremental model public.telefones .......................... [RUN]
[0m06:03:46  13 of 20 OK created sql incremental model public.devedores ..................... [[32mMERGE 25372[0m in 1.05s]
[0m06:03:46  17 of 20 START sql incremental model public.lojas .............................. [RUN]
[0m06:03:46  15 of 20 OK created sql incremental model public.enderecos ..................... [[32mMERGE 25372[0m in 0.92s]
[0m06:03:47  18 of 20 START sql incremental model public.pagamentos ......................... [RUN]
[0m06:03:47  17 of 20 OK created sql incremental model public.lojas ......................... [[32mMERGE 20[0m in 0.23s]
[0m06:03:47  19 of 20 START sql incremental model public.processos .......................... [RUN]
[0m06:03:47  19 of 20 OK created sql incremental model public.processos ..................... [[32mMERGE 294[0m in 0.21s]
[0m06:03:47  16 of 20 OK created sql incremental model public.telefones ..................... [[32mMERGE 24379[0m in 0.93s]
[0m06:03:48  18 of 20 OK created sql incremental model public.pagamentos .................... [[32mMERGE 51234[0m in 1.71s]
[0m06:03:52  12 of 20 OK created sql incremental model public.dividas ....................... [[32mINSERT 0 232298[0m in 6.73s]
[0m06:03:52  20 of 20 START sql incremental model cobra.tb_audit_mudancas ................... [RUN]
[0m06:03:54  20 of 20 OK created sql incremental model cobra.tb_audit_mudancas .............. [[32mINSERT 0 10[0m in 2.48s]
[0m06:03:54  
[0m06:03:54  Finished running 9 incremental models, 11 view models in 0 hours 0 minutes and 11.11 seconds (11.11s).
[0m06:03:55  
[0m06:03:55  [32mCompleted successfully[0m
[0m06:03:55  
[0m06:03:55  Done. PASS=20 WARN=0 ERROR=0 SKIP=0 NO-OP=0 TOTAL=20
qua 01 jul 2026 03:03:56 -03 - dbt finalizado com código 0
qui 02 jul 2026 03:04:32 -03 - Iniciando dbt run...
[0m06:04:36  Running with dbt=1.12.0-b1
[0m06:04:36  Registered adapter: postgres=1.10.0
[0m06:04:37  Found 20 models, 468 macros
[0m06:04:37  
[0m06:04:37  Concurrency: 4 threads (target='dev')
[0m06:04:37  
[0m06:04:38  1 of 20 START sql view model cobra_staging.chg_devedores ....................... [RUN]
[0m06:04:38  2 of 20 START sql view model cobra_staging.chg_emails .......................... [RUN]
[0m06:04:38  3 of 20 START sql view model cobra_staging.chg_enderecos ....................... [RUN]
[0m06:04:38  4 of 20 START sql view model cobra_staging.chg_lojas ........................... [RUN]
[0m06:04:39  1 of 20 OK created sql view model cobra_staging.chg_devedores .................. [[32mCREATE VIEW[0m in 0.67s]
[0m06:04:39  4 of 20 OK created sql view model cobra_staging.chg_lojas ...................... [[32mCREATE VIEW[0m in 0.68s]
[0m06:04:39  2 of 20 OK created sql view model cobra_staging.chg_emails ..................... [[32mCREATE VIEW[0m in 0.68s]
[0m06:04:39  3 of 20 OK created sql view model cobra_staging.chg_enderecos .................. [[32mCREATE VIEW[0m in 0.68s]
[0m06:04:39  5 of 20 START sql view model cobra_staging.chg_pagamentos ...................... [RUN]
[0m06:04:39  6 of 20 START sql view model cobra_staging.chg_telefones ....................... [RUN]
[0m06:04:39  7 of 20 START sql view model cobra_staging.stg_cadastro ........................ [RUN]
[0m06:04:39  8 of 20 START sql view model cobra_staging.stg_dividas ......................... [RUN]
[0m06:04:39  5 of 20 OK created sql view model cobra_staging.chg_pagamentos ................. [[32mCREATE VIEW[0m in 0.32s]
[0m06:04:39  7 of 20 OK created sql view model cobra_staging.stg_cadastro ................... [[32mCREATE VIEW[0m in 0.33s]
[0m06:04:39  8 of 20 OK created sql view model cobra_staging.stg_dividas .................... [[32mCREATE VIEW[0m in 0.34s]
[0m06:04:39  9 of 20 START sql view model cobra_staging.stg_filiais ......................... [RUN]
[0m06:04:39  6 of 20 OK created sql view model cobra_staging.chg_telefones .................. [[32mCREATE VIEW[0m in 0.34s]
[0m06:04:39  10 of 20 START sql view model cobra_staging.stg_pagamentos ..................... [RUN]
[0m06:04:39  11 of 20 START sql view model cobra_staging.stg_processos ...................... [RUN]
[0m06:04:39  12 of 20 START sql incremental model public.devedores .......................... [RUN]
[0m06:04:39  9 of 20 OK created sql view model cobra_staging.stg_filiais .................... [[32mCREATE VIEW[0m in 0.29s]
[0m06:04:39  13 of 20 START sql incremental model public.emails ............................. [RUN]
[0m06:04:39  11 of 20 OK created sql view model cobra_staging.stg_processos ................. [[32mCREATE VIEW[0m in 0.41s]
[0m06:04:39  10 of 20 OK created sql view model cobra_staging.stg_pagamentos ................ [[32mCREATE VIEW[0m in 0.42s]
[0m06:04:39  14 of 20 START sql incremental model public.enderecos .......................... [RUN]
[0m06:04:39  15 of 20 START sql incremental model public.telefones .......................... [RUN]
[0m06:04:40  13 of 20 OK created sql incremental model public.emails ........................ [[32mMERGE 11207[0m in 0.57s]
[0m06:04:40  16 of 20 START sql incremental model public.dividas ............................ [RUN]
[0m06:04:40  12 of 20 OK created sql incremental model public.devedores ..................... [[32mMERGE 25030[0m in 1.05s]
[0m06:04:40  17 of 20 START sql incremental model public.lojas .............................. [RUN]
[0m06:04:40  14 of 20 OK created sql incremental model public.enderecos ..................... [[32mMERGE 25030[0m in 0.83s]
[0m06:04:40  18 of 20 START sql incremental model public.processos .......................... [RUN]
[0m06:04:40  17 of 20 OK created sql incremental model public.lojas ......................... [[32mMERGE 20[0m in 0.22s]
[0m06:04:40  19 of 20 START sql incremental model public.pagamentos ......................... [RUN]
[0m06:04:40  15 of 20 OK created sql incremental model public.telefones ..................... [[32mMERGE 24039[0m in 0.97s]
[0m06:04:40  18 of 20 OK created sql incremental model public.processos ..................... [[32mMERGE 294[0m in 0.22s]
[0m06:04:42  19 of 20 OK created sql incremental model public.pagamentos .................... [[32mMERGE 51883[0m in 1.76s]
[0m06:04:46  16 of 20 OK created sql incremental model public.dividas ....................... [[32mINSERT 0 229391[0m in 6.10s]
[0m06:04:46  20 of 20 START sql incremental model cobra.tb_audit_mudancas ................... [RUN]
[0m06:04:48  20 of 20 OK created sql incremental model cobra.tb_audit_mudancas .............. [[32mINSERT 0 10[0m in 2.49s]
[0m06:04:48  
[0m06:04:48  Finished running 9 incremental models, 11 view models in 0 hours 0 minutes and 11.33 seconds (11.33s).
[0m06:04:49  
[0m06:04:49  [32mCompleted successfully[0m
[0m06:04:49  
[0m06:04:49  Done. PASS=20 WARN=0 ERROR=0 SKIP=0 NO-OP=0 TOTAL=20
qui 02 jul 2026 03:04:50 -03 - dbt finalizado com código 0
sex 03 jul 2026 03:03:58 -03 - Iniciando dbt run...
[0m06:04:02  Running with dbt=1.12.0-b1
[0m06:04:03  Registered adapter: postgres=1.10.0
[0m06:04:03  Found 20 models, 468 macros
[0m06:04:03  
[0m06:04:03  Concurrency: 4 threads (target='dev')
[0m06:04:03  
[0m06:04:04  1 of 20 START sql view model cobra_staging.chg_devedores ....................... [RUN]
[0m06:04:04  2 of 20 START sql view model cobra_staging.chg_emails .......................... [RUN]
[0m06:04:04  3 of 20 START sql view model cobra_staging.chg_enderecos ....................... [RUN]
[0m06:04:04  4 of 20 START sql view model cobra_staging.chg_lojas ........................... [RUN]
[0m06:04:05  2 of 20 OK created sql view model cobra_staging.chg_emails ..................... [[32mCREATE VIEW[0m in 0.64s]
[0m06:04:05  1 of 20 OK created sql view model cobra_staging.chg_devedores .................. [[32mCREATE VIEW[0m in 0.67s]
[0m06:04:05  5 of 20 START sql view model cobra_staging.chg_pagamentos ...................... [RUN]
[0m06:04:05  4 of 20 OK created sql view model cobra_staging.chg_lojas ...................... [[32mCREATE VIEW[0m in 0.66s]
[0m06:04:05  3 of 20 OK created sql view model cobra_staging.chg_enderecos .................. [[32mCREATE VIEW[0m in 0.68s]
[0m06:04:05  6 of 20 START sql view model cobra_staging.chg_telefones ....................... [RUN]
[0m06:04:05  7 of 20 START sql view model cobra_staging.stg_cadastro ........................ [RUN]
[0m06:04:05  8 of 20 START sql view model cobra_staging.stg_dividas ......................... [RUN]
[0m06:04:05  5 of 20 OK created sql view model cobra_staging.chg_pagamentos ................. [[32mCREATE VIEW[0m in 0.26s]
[0m06:04:05  9 of 20 START sql view model cobra_staging.stg_filiais ......................... [RUN]
[0m06:04:05  8 of 20 OK created sql view model cobra_staging.stg_dividas .................... [[32mCREATE VIEW[0m in 0.29s]
[0m06:04:05  6 of 20 OK created sql view model cobra_staging.chg_telefones .................. [[32mCREATE VIEW[0m in 0.31s]
[0m06:04:05  7 of 20 OK created sql view model cobra_staging.stg_cadastro ................... [[32mCREATE VIEW[0m in 0.31s]
[0m06:04:05  10 of 20 START sql view model cobra_staging.stg_pagamentos ..................... [RUN]
[0m06:04:05  11 of 20 START sql view model cobra_staging.stg_processos ...................... [RUN]
[0m06:04:05  12 of 20 START sql incremental model public.dividas ............................ [RUN]
[0m06:04:05  9 of 20 OK created sql view model cobra_staging.stg_filiais .................... [[32mCREATE VIEW[0m in 0.26s]
[0m06:04:05  13 of 20 START sql incremental model public.devedores .......................... [RUN]
[0m06:04:05  11 of 20 OK created sql view model cobra_staging.stg_processos ................. [[32mCREATE VIEW[0m in 0.40s]
[0m06:04:05  10 of 20 OK created sql view model cobra_staging.stg_pagamentos ................ [[32mCREATE VIEW[0m in 0.40s]
[0m06:04:05  14 of 20 START sql incremental model public.emails ............................. [RUN]
[0m06:04:05  15 of 20 START sql incremental model public.enderecos .......................... [RUN]
[0m06:04:06  14 of 20 OK created sql incremental model public.emails ........................ [[32mMERGE 10966[0m in 0.63s]
[0m06:04:06  16 of 20 START sql incremental model public.telefones .......................... [RUN]
[0m06:04:06  13 of 20 OK created sql incremental model public.devedores ..................... [[32mMERGE 24783[0m in 1.02s]
[0m06:04:06  17 of 20 START sql incremental model public.lojas .............................. [RUN]
[0m06:04:06  15 of 20 OK created sql incremental model public.enderecos ..................... [[32mMERGE 24783[0m in 0.90s]
[0m06:04:06  18 of 20 START sql incremental model public.processos .......................... [RUN]
[0m06:04:07  17 of 20 OK created sql incremental model public.lojas ......................... [[32mMERGE 20[0m in 0.27s]
[0m06:04:07  19 of 20 START sql incremental model public.pagamentos ......................... [RUN]
[0m06:04:07  18 of 20 OK created sql incremental model public.processos ..................... [[32mMERGE 294[0m in 0.25s]
[0m06:04:07  16 of 20 OK created sql incremental model public.telefones ..................... [[32mMERGE 23792[0m in 0.85s]
[0m06:04:08  19 of 20 OK created sql incremental model public.pagamentos .................... [[32mMERGE 52891[0m in 1.57s]
[0m06:04:12  12 of 20 OK created sql incremental model public.dividas ....................... [[32mINSERT 0 227447[0m in 6.65s]
[0m06:04:12  20 of 20 START sql incremental model cobra.tb_audit_mudancas ................... [RUN]
[0m06:04:14  20 of 20 OK created sql incremental model cobra.tb_audit_mudancas .............. [[32mINSERT 0 10[0m in 2.28s]
[0m06:04:14  
[0m06:04:14  Finished running 9 incremental models, 11 view models in 0 hours 0 minutes and 10.69 seconds (10.69s).
[0m06:04:14  
[0m06:04:14  [32mCompleted successfully[0m
[0m06:04:14  
[0m06:04:14  Done. PASS=20 WARN=0 ERROR=0 SKIP=0 NO-OP=0 TOTAL=20
sex 03 jul 2026 03:04:16 -03 - dbt finalizado com código 0
sáb 04 jul 2026 03:03:51 -03 - Iniciando dbt run...
[0m06:03:55  Running with dbt=1.12.0-b1
[0m06:03:55  Registered adapter: postgres=1.10.0
[0m06:03:56  Found 20 models, 468 macros
[0m06:03:56  
[0m06:03:56  Concurrency: 4 threads (target='dev')
[0m06:03:56  
[0m06:03:57  1 of 20 START sql view model cobra_staging.chg_devedores ....................... [RUN]
[0m06:03:57  2 of 20 START sql view model cobra_staging.chg_emails .......................... [RUN]
[0m06:03:57  3 of 20 START sql view model cobra_staging.chg_enderecos ....................... [RUN]
[0m06:03:57  4 of 20 START sql view model cobra_staging.chg_lojas ........................... [RUN]
[0m06:03:57  1 of 20 OK created sql view model cobra_staging.chg_devedores .................. [[32mCREATE VIEW[0m in 0.66s]
[0m06:03:57  2 of 20 OK created sql view model cobra_staging.chg_emails ..................... [[32mCREATE VIEW[0m in 0.66s]
[0m06:03:57  3 of 20 OK created sql view model cobra_staging.chg_enderecos .................. [[32mCREATE VIEW[0m in 0.67s]
[0m06:03:57  4 of 20 OK created sql view model cobra_staging.chg_lojas ...................... [[32mCREATE VIEW[0m in 0.67s]
[0m06:03:57  5 of 20 START sql view model cobra_staging.chg_pagamentos ...................... [RUN]
[0m06:03:57  6 of 20 START sql view model cobra_staging.chg_telefones ....................... [RUN]
[0m06:03:57  7 of 20 START sql view model cobra_staging.stg_cadastro ........................ [RUN]
[0m06:03:57  8 of 20 START sql view model cobra_staging.stg_dividas ......................... [RUN]
[0m06:03:58  6 of 20 OK created sql view model cobra_staging.chg_telefones .................. [[32mCREATE VIEW[0m in 0.26s]
[0m06:03:58  9 of 20 START sql view model cobra_staging.stg_filiais ......................... [RUN]
[0m06:03:58  5 of 20 OK created sql view model cobra_staging.chg_pagamentos ................. [[32mCREATE VIEW[0m in 0.29s]
[0m06:03:58  8 of 20 OK created sql view model cobra_staging.stg_dividas .................... [[32mCREATE VIEW[0m in 0.29s]
[0m06:03:58  7 of 20 OK created sql view model cobra_staging.stg_cadastro ................... [[32mCREATE VIEW[0m in 0.29s]
[0m06:03:58  10 of 20 START sql view model cobra_staging.stg_pagamentos ..................... [RUN]
[0m06:03:58  11 of 20 START sql view model cobra_staging.stg_processos ...................... [RUN]
[0m06:03:58  12 of 20 START sql incremental model public.dividas ............................ [RUN]
[0m06:03:58  9 of 20 OK created sql view model cobra_staging.stg_filiais .................... [[32mCREATE VIEW[0m in 0.33s]
[0m06:03:58  10 of 20 OK created sql view model cobra_staging.stg_pagamentos ................ [[32mCREATE VIEW[0m in 0.29s]
[0m06:03:58  13 of 20 START sql incremental model public.devedores .......................... [RUN]
[0m06:03:58  14 of 20 START sql incremental model public.emails ............................. [RUN]
[0m06:03:58  11 of 20 OK created sql view model cobra_staging.stg_processos ................. [[32mCREATE VIEW[0m in 0.31s]
[0m06:03:58  15 of 20 START sql incremental model public.enderecos .......................... [RUN]
[0m06:03:59  14 of 20 OK created sql incremental model public.emails ........................ [[32mMERGE 10828[0m in 0.95s]
[0m06:03:59  16 of 20 START sql incremental model public.telefones .......................... [RUN]
[0m06:03:59  13 of 20 OK created sql incremental model public.devedores ..................... [[32mMERGE 24642[0m in 1.09s]
[0m06:03:59  17 of 20 START sql incremental model public.lojas .............................. [RUN]
[0m06:03:59  15 of 20 OK created sql incremental model public.enderecos ..................... [[32mMERGE 24642[0m in 1.09s]
[0m06:03:59  18 of 20 START sql incremental model public.pagamentos ......................... [RUN]
[0m06:03:59  17 of 20 OK created sql incremental model public.lojas ......................... [[32mMERGE 20[0m in 0.22s]
[0m06:03:59  19 of 20 START sql incremental model public.processos .......................... [RUN]
[0m06:04:00  19 of 20 OK created sql incremental model public.processos ..................... [[32mMERGE 294[0m in 0.18s]
[0m06:04:00  16 of 20 OK created sql incremental model public.telefones ..................... [[32mMERGE 23651[0m in 0.82s]
[0m06:04:01  18 of 20 OK created sql incremental model public.pagamentos .................... [[32mMERGE 53125[0m in 1.67s]
[0m06:04:04  12 of 20 OK created sql incremental model public.dividas ....................... [[32mINSERT 0 226429[0m in 6.42s]
[0m06:04:04  20 of 20 START sql incremental model cobra.tb_audit_mudancas ................... [RUN]
[0m06:04:07  20 of 20 OK created sql incremental model cobra.tb_audit_mudancas .............. [[32mINSERT 0 10[0m in 2.53s]
[0m06:04:07  
[0m06:04:07  Finished running 9 incremental models, 11 view models in 0 hours 0 minutes and 10.65 seconds (10.65s).
[0m06:04:07  
[0m06:04:07  [32mCompleted successfully[0m
[0m06:04:07  
[0m06:04:07  Done. PASS=20 WARN=0 ERROR=0 SKIP=0 NO-OP=0 TOTAL=20
sáb 04 jul 2026 03:04:08 -03 - dbt finalizado com código 0
dom 05 jul 2026 03:03:47 -03 - Iniciando dbt run...
[0m06:03:50  Running with dbt=1.12.0-b1
[0m06:03:51  Registered adapter: postgres=1.10.0
[0m06:03:52  Found 20 models, 468 macros
[0m06:03:52  
[0m06:03:52  Concurrency: 4 threads (target='dev')
[0m06:03:52  
[0m06:03:52  1 of 20 START sql view model cobra_staging.chg_devedores ....................... [RUN]
[0m06:03:52  2 of 20 START sql view model cobra_staging.chg_emails .......................... [RUN]
[0m06:03:52  3 of 20 START sql view model cobra_staging.chg_enderecos ....................... [RUN]
[0m06:03:52  4 of 20 START sql view model cobra_staging.chg_lojas ........................... [RUN]
[0m06:03:53  4 of 20 OK created sql view model cobra_staging.chg_lojas ...................... [[32mCREATE VIEW[0m in 0.71s]
[0m06:03:53  5 of 20 START sql view model cobra_staging.chg_pagamentos ...................... [RUN]
[0m06:03:53  1 of 20 OK created sql view model cobra_staging.chg_devedores .................. [[32mCREATE VIEW[0m in 0.74s]
[0m06:03:53  3 of 20 OK created sql view model cobra_staging.chg_enderecos .................. [[32mCREATE VIEW[0m in 0.74s]
[0m06:03:53  2 of 20 OK created sql view model cobra_staging.chg_emails ..................... [[32mCREATE VIEW[0m in 0.74s]
[0m06:03:53  6 of 20 START sql view model cobra_staging.chg_telefones ....................... [RUN]
[0m06:03:53  7 of 20 START sql view model cobra_staging.stg_cadastro ........................ [RUN]
[0m06:03:53  8 of 20 START sql view model cobra_staging.stg_dividas ......................... [RUN]
[0m06:03:53  5 of 20 OK created sql view model cobra_staging.chg_pagamentos ................. [[32mCREATE VIEW[0m in 0.18s]
[0m06:03:53  9 of 20 START sql view model cobra_staging.stg_filiais ......................... [RUN]
[0m06:03:53  6 of 20 OK created sql view model cobra_staging.chg_telefones .................. [[32mCREATE VIEW[0m in 0.31s]
[0m06:03:54  7 of 20 OK created sql view model cobra_staging.stg_cadastro ................... [[32mCREATE VIEW[0m in 0.31s]
[0m06:03:54  8 of 20 OK created sql view model cobra_staging.stg_dividas .................... [[32mCREATE VIEW[0m in 0.31s]
[0m06:03:54  10 of 20 START sql view model cobra_staging.stg_pagamentos ..................... [RUN]
[0m06:03:54  11 of 20 START sql view model cobra_staging.stg_processos ...................... [RUN]
[0m06:03:54  12 of 20 START sql incremental model public.devedores .......................... [RUN]
[0m06:03:54  9 of 20 OK created sql view model cobra_staging.stg_filiais .................... [[32mCREATE VIEW[0m in 0.40s]
[0m06:03:54  13 of 20 START sql incremental model public.emails ............................. [RUN]
[0m06:03:54  11 of 20 OK created sql view model cobra_staging.stg_processos ................. [[32mCREATE VIEW[0m in 0.38s]
[0m06:03:54  10 of 20 OK created sql view model cobra_staging.stg_pagamentos ................ [[32mCREATE VIEW[0m in 0.39s]
[0m06:03:54  14 of 20 START sql incremental model public.enderecos .......................... [RUN]
[0m06:03:54  15 of 20 START sql incremental model public.telefones .......................... [RUN]
[0m06:03:54  13 of 20 OK created sql incremental model public.emails ........................ [[32mMERGE 11549[0m in 0.72s]
[0m06:03:54  16 of 20 START sql incremental model public.dividas ............................ [RUN]
[0m06:03:55  12 of 20 OK created sql incremental model public.devedores ..................... [[32mMERGE 25367[0m in 1.15s]
[0m06:03:55  17 of 20 START sql incremental model public.lojas .............................. [RUN]
[0m06:03:55  14 of 20 OK created sql incremental model public.enderecos ..................... [[32mMERGE 25367[0m in 0.84s]
[0m06:03:55  18 of 20 START sql incremental model public.pagamentos ......................... [RUN]
[0m06:03:55  17 of 20 OK created sql incremental model public.lojas ......................... [[32mMERGE 20[0m in 0.20s]
[0m06:03:55  19 of 20 START sql incremental model public.processos .......................... [RUN]
[0m06:03:55  15 of 20 OK created sql incremental model public.telefones ..................... [[32mMERGE 24372[0m in 0.98s]
[0m06:03:55  19 of 20 OK created sql incremental model public.processos ..................... [[32mMERGE 294[0m in 0.20s]
[0m06:03:57  18 of 20 OK created sql incremental model public.pagamentos .................... [[32mMERGE 53677[0m in 1.92s]
[0m06:04:07  16 of 20 OK created sql incremental model public.dividas ....................... [[32mINSERT 0 232576[0m in 12.82s]
[0m06:04:07  20 of 20 START sql incremental model cobra.tb_audit_mudancas ................... [RUN]
[0m06:04:13  20 of 20 OK created sql incremental model cobra.tb_audit_mudancas .............. [[32mINSERT 0 10[0m in 5.31s]
[0m06:04:13  
[0m06:04:13  Finished running 9 incremental models, 11 view models in 0 hours 0 minutes and 20.99 seconds (20.99s).
[0m06:04:13  
[0m06:04:13  [32mCompleted successfully[0m
[0m06:04:13  
[0m06:04:13  Done. PASS=20 WARN=0 ERROR=0 SKIP=0 NO-OP=0 TOTAL=20
dom 05 jul 2026 03:04:14 -03 - dbt finalizado com código 0
seg 06 jul 2026 03:03:53 -03 - Iniciando dbt run...
[0m06:03:57  Running with dbt=1.12.0-b1
[0m06:03:57  Registered adapter: postgres=1.10.0
[0m06:03:58  Found 20 models, 468 macros
[0m06:03:58  
[0m06:03:58  Concurrency: 4 threads (target='dev')
[0m06:03:58  
[0m06:03:59  1 of 20 START sql view model cobra_staging.chg_devedores ....................... [RUN]
[0m06:03:59  2 of 20 START sql view model cobra_staging.chg_emails .......................... [RUN]
[0m06:03:59  3 of 20 START sql view model cobra_staging.chg_enderecos ....................... [RUN]
[0m06:03:59  4 of 20 START sql view model cobra_staging.chg_lojas ........................... [RUN]
[0m06:04:00  3 of 20 OK created sql view model cobra_staging.chg_enderecos .................. [[32mCREATE VIEW[0m in 0.78s]
[0m06:04:00  4 of 20 OK created sql view model cobra_staging.chg_lojas ...................... [[32mCREATE VIEW[0m in 0.78s]
[0m06:04:00  2 of 20 OK created sql view model cobra_staging.chg_emails ..................... [[32mCREATE VIEW[0m in 0.79s]
[0m06:04:00  1 of 20 OK created sql view model cobra_staging.chg_devedores .................. [[32mCREATE VIEW[0m in 0.79s]
[0m06:04:00  5 of 20 START sql view model cobra_staging.chg_pagamentos ...................... [RUN]
[0m06:04:00  6 of 20 START sql view model cobra_staging.chg_telefones ....................... [RUN]
[0m06:04:00  7 of 20 START sql view model cobra_staging.stg_cadastro ........................ [RUN]
[0m06:04:00  8 of 20 START sql view model cobra_staging.stg_dividas ......................... [RUN]
[0m06:04:00  5 of 20 OK created sql view model cobra_staging.chg_pagamentos ................. [[32mCREATE VIEW[0m in 0.33s]
[0m06:04:00  8 of 20 OK created sql view model cobra_staging.stg_dividas .................... [[32mCREATE VIEW[0m in 0.33s]
[0m06:04:00  7 of 20 OK created sql view model cobra_staging.stg_cadastro ................... [[32mCREATE VIEW[0m in 0.35s]
[0m06:04:00  9 of 20 START sql view model cobra_staging.stg_filiais ......................... [RUN]
[0m06:04:00  6 of 20 OK created sql view model cobra_staging.chg_telefones .................. [[32mCREATE VIEW[0m in 0.36s]
[0m06:04:00  10 of 20 START sql view model cobra_staging.stg_pagamentos ..................... [RUN]
[0m06:04:00  11 of 20 START sql view model cobra_staging.stg_processos ...................... [RUN]
[0m06:04:00  12 of 20 START sql incremental model public.dividas ............................ [RUN]
[0m06:04:00  9 of 20 OK created sql view model cobra_staging.stg_filiais .................... [[32mCREATE VIEW[0m in 0.36s]
[0m06:04:00  13 of 20 START sql incremental model public.devedores .......................... [RUN]
[0m06:04:01  11 of 20 OK created sql view model cobra_staging.stg_processos ................. [[32mCREATE VIEW[0m in 0.42s]
[0m06:04:01  10 of 20 OK created sql view model cobra_staging.stg_pagamentos ................ [[32mCREATE VIEW[0m in 0.46s]
[0m06:04:01  14 of 20 START sql incremental model public.emails ............................. [RUN]
[0m06:04:01  15 of 20 START sql incremental model public.enderecos .......................... [RUN]
[0m06:04:01  14 of 20 OK created sql incremental model public.emails ........................ [[32mMERGE 11630[0m in 0.76s]
[0m06:04:01  16 of 20 START sql incremental model public.telefones .......................... [RUN]
[0m06:04:02  13 of 20 OK created sql incremental model public.devedores ..................... [[32mMERGE 25452[0m in 1.13s]
[0m06:04:02  17 of 20 START sql incremental model public.lojas .............................. [RUN]
[0m06:04:02  15 of 20 OK created sql incremental model public.enderecos ..................... [[32mMERGE 25452[0m in 1.07s]
[0m06:04:02  18 of 20 START sql incremental model public.processos .......................... [RUN]
[0m06:04:02  17 of 20 OK created sql incremental model public.lojas ......................... [[32mMERGE 20[0m in 0.29s]
[0m06:04:02  19 of 20 START sql incremental model public.pagamentos ......................... [RUN]
[0m06:04:02  18 of 20 OK created sql incremental model public.processos ..................... [[32mMERGE 294[0m in 0.26s]
[0m06:04:02  16 of 20 OK created sql incremental model public.telefones ..................... [[32mMERGE 24457[0m in 0.88s]
[0m06:04:03  19 of 20 OK created sql incremental model public.pagamentos .................... [[32mMERGE 52644[0m in 1.55s]
[0m06:04:07  12 of 20 OK created sql incremental model public.dividas ....................... [[32mINSERT 0 233257[0m in 6.77s]
[0m06:04:07  20 of 20 START sql incremental model cobra.tb_audit_mudancas ................... [RUN]
[0m06:04:09  20 of 20 OK created sql incremental model cobra.tb_audit_mudancas .............. [[32mINSERT 0 10[0m in 2.47s]
[0m06:04:09  
[0m06:04:09  Finished running 9 incremental models, 11 view models in 0 hours 0 minutes and 11.28 seconds (11.28s).
[0m06:04:10  
[0m06:04:10  [32mCompleted successfully[0m
[0m06:04:10  
[0m06:04:10  Done. PASS=20 WARN=0 ERROR=0 SKIP=0 NO-OP=0 TOTAL=20
seg 06 jul 2026 03:04:11 -03 - dbt finalizado com código 0
ter 07 jul 2026 03:04:19 -03 - Iniciando dbt run...
[0m06:04:22  Running with dbt=1.12.0-b1
[0m06:04:23  Registered adapter: postgres=1.10.0
[0m06:04:23  Found 20 models, 468 macros
[0m06:04:23  
[0m06:04:23  Concurrency: 4 threads (target='dev')
[0m06:04:23  
[0m06:04:24  1 of 20 START sql view model cobra_staging.chg_devedores ....................... [RUN]
[0m06:04:24  2 of 20 START sql view model cobra_staging.chg_emails .......................... [RUN]
[0m06:04:24  3 of 20 START sql view model cobra_staging.chg_enderecos ....................... [RUN]
[0m06:04:24  4 of 20 START sql view model cobra_staging.chg_lojas ........................... [RUN]
[0m06:04:25  4 of 20 OK created sql view model cobra_staging.chg_lojas ...................... [[32mCREATE VIEW[0m in 0.76s]
[0m06:04:25  2 of 20 OK created sql view model cobra_staging.chg_emails ..................... [[32mCREATE VIEW[0m in 0.77s]
[0m06:04:25  5 of 20 START sql view model cobra_staging.chg_pagamentos ...................... [RUN]
[0m06:04:25  6 of 20 START sql view model cobra_staging.chg_telefones ....................... [RUN]
[0m06:04:25  1 of 20 OK created sql view model cobra_staging.chg_devedores .................. [[32mCREATE VIEW[0m in 0.79s]
[0m06:04:25  3 of 20 OK created sql view model cobra_staging.chg_enderecos .................. [[32mCREATE VIEW[0m in 0.79s]
[0m06:04:25  7 of 20 START sql view model cobra_staging.stg_cadastro ........................ [RUN]
[0m06:04:25  8 of 20 START sql view model cobra_staging.stg_dividas ......................... [RUN]
[0m06:04:25  5 of 20 OK created sql view model cobra_staging.chg_pagamentos ................. [[32mCREATE VIEW[0m in 0.28s]
[0m06:04:25  9 of 20 START sql view model cobra_staging.stg_filiais ......................... [RUN]
[0m06:04:25  6 of 20 OK created sql view model cobra_staging.chg_telefones .................. [[32mCREATE VIEW[0m in 0.31s]
[0m06:04:25  10 of 20 START sql view model cobra_staging.stg_pagamentos ..................... [RUN]
[0m06:04:25  8 of 20 OK created sql view model cobra_staging.stg_dividas .................... [[32mCREATE VIEW[0m in 0.28s]
[0m06:04:25  7 of 20 OK created sql view model cobra_staging.stg_cadastro ................... [[32mCREATE VIEW[0m in 0.30s]
[0m06:04:25  11 of 20 START sql view model cobra_staging.stg_processos ...................... [RUN]
[0m06:04:25  12 of 20 START sql incremental model public.dividas ............................ [RUN]
[0m06:04:26  9 of 20 OK created sql view model cobra_staging.stg_filiais .................... [[32mCREATE VIEW[0m in 0.33s]
[0m06:04:26  13 of 20 START sql incremental model public.devedores .......................... [RUN]
[0m06:04:26  10 of 20 OK created sql view model cobra_staging.stg_pagamentos ................ [[32mCREATE VIEW[0m in 0.33s]
[0m06:04:26  14 of 20 START sql incremental model public.emails ............................. [RUN]
[0m06:04:26  11 of 20 OK created sql view model cobra_staging.stg_processos ................. [[32mCREATE VIEW[0m in 0.43s]
[0m06:04:26  15 of 20 START sql incremental model public.enderecos .......................... [RUN]
[0m06:04:27  14 of 20 OK created sql incremental model public.emails ........................ [[32mMERGE 11255[0m in 0.96s]
[0m06:04:27  16 of 20 START sql incremental model public.telefones .......................... [RUN]
[0m06:04:27  13 of 20 OK created sql incremental model public.devedores ..................... [[32mMERGE 25073[0m in 1.22s]
[0m06:04:27  17 of 20 START sql incremental model public.lojas .............................. [RUN]
[0m06:04:27  15 of 20 OK created sql incremental model public.enderecos ..................... [[32mMERGE 25073[0m in 1.16s]
[0m06:04:27  18 of 20 START sql incremental model public.pagamentos ......................... [RUN]
[0m06:04:27  17 of 20 OK created sql incremental model public.lojas ......................... [[32mMERGE 20[0m in 0.25s]
[0m06:04:27  19 of 20 START sql incremental model public.processos .......................... [RUN]
[0m06:04:27  19 of 20 OK created sql incremental model public.processos ..................... [[32mMERGE 294[0m in 0.22s]
[0m06:04:28  16 of 20 OK created sql incremental model public.telefones ..................... [[32mMERGE 24080[0m in 0.91s]
[0m06:04:29  18 of 20 OK created sql incremental model public.pagamentos .................... [[32mMERGE 53068[0m in 1.67s]
[0m06:04:32  12 of 20 OK created sql incremental model public.dividas ....................... [[32mINSERT 0 230061[0m in 6.56s]
[0m06:04:32  20 of 20 START sql incremental model cobra.tb_audit_mudancas ................... [RUN]
[0m06:04:34  20 of 20 OK created sql incremental model cobra.tb_audit_mudancas .............. [[32mINSERT 0 10[0m in 2.15s]
[0m06:04:34  
[0m06:04:34  Finished running 9 incremental models, 11 view models in 0 hours 0 minutes and 10.71 seconds (10.71s).
[0m06:04:34  
[0m06:04:34  [32mCompleted successfully[0m
[0m06:04:34  
[0m06:04:34  Done. PASS=20 WARN=0 ERROR=0 SKIP=0 NO-OP=0 TOTAL=20
ter 07 jul 2026 03:04:36 -03 - dbt finalizado com código 0
qua 08 jul 2026 03:03:44 -03 - Iniciando dbt run...
[0m06:03:47  Running with dbt=1.12.0-b1
[0m06:03:48  Registered adapter: postgres=1.10.0
[0m06:03:49  Found 20 models, 468 macros
[0m06:03:49  
[0m06:03:49  Concurrency: 4 threads (target='dev')
[0m06:03:49  
[0m06:03:49  1 of 20 START sql view model cobra_staging.chg_devedores ....................... [RUN]
[0m06:03:49  2 of 20 START sql view model cobra_staging.chg_emails .......................... [RUN]
[0m06:03:49  3 of 20 START sql view model cobra_staging.chg_enderecos ....................... [RUN]
[0m06:03:49  4 of 20 START sql view model cobra_staging.chg_lojas ........................... [RUN]
[0m06:03:50  2 of 20 OK created sql view model cobra_staging.chg_emails ..................... [[32mCREATE VIEW[0m in 0.54s]
[0m06:03:50  4 of 20 OK created sql view model cobra_staging.chg_lojas ...................... [[32mCREATE VIEW[0m in 0.55s]
[0m06:03:50  1 of 20 OK created sql view model cobra_staging.chg_devedores .................. [[32mCREATE VIEW[0m in 0.54s]
[0m06:03:50  5 of 20 START sql view model cobra_staging.chg_pagamentos ...................... [RUN]
[0m06:03:50  3 of 20 OK created sql view model cobra_staging.chg_enderecos .................. [[32mCREATE VIEW[0m in 0.57s]
[0m06:03:50  6 of 20 START sql view model cobra_staging.chg_telefones ....................... [RUN]
[0m06:03:50  7 of 20 START sql view model cobra_staging.stg_cadastro ........................ [RUN]
[0m06:03:50  8 of 20 START sql view model cobra_staging.stg_dividas ......................... [RUN]
[0m06:03:50  5 of 20 OK created sql view model cobra_staging.chg_pagamentos ................. [[32mCREATE VIEW[0m in 0.22s]
[0m06:03:50  9 of 20 START sql view model cobra_staging.stg_filiais ......................... [RUN]
[0m06:03:50  8 of 20 OK created sql view model cobra_staging.stg_dividas .................... [[32mCREATE VIEW[0m in 0.22s]
[0m06:03:50  7 of 20 OK created sql view model cobra_staging.stg_cadastro ................... [[32mCREATE VIEW[0m in 0.27s]
[0m06:03:50  10 of 20 START sql view model cobra_staging.stg_pagamentos ..................... [RUN]
[0m06:03:50  6 of 20 OK created sql view model cobra_staging.chg_telefones .................. [[32mCREATE VIEW[0m in 0.28s]
[0m06:03:50  11 of 20 START sql view model cobra_staging.stg_processos ...................... [RUN]
[0m06:03:50  12 of 20 START sql incremental model public.dividas ............................ [RUN]
[0m06:03:51  9 of 20 OK created sql view model cobra_staging.stg_filiais .................... [[32mCREATE VIEW[0m in 0.30s]
[0m06:03:51  10 of 20 OK created sql view model cobra_staging.stg_pagamentos ................ [[32mCREATE VIEW[0m in 0.29s]
[0m06:03:51  13 of 20 START sql incremental model public.devedores .......................... [RUN]
[0m06:03:51  11 of 20 OK created sql view model cobra_staging.stg_processos ................. [[32mCREATE VIEW[0m in 0.28s]
[0m06:03:51  14 of 20 START sql incremental model public.emails ............................. [RUN]
[0m06:03:51  15 of 20 START sql incremental model public.enderecos .......................... [RUN]
[0m06:03:51  14 of 20 OK created sql incremental model public.emails ........................ [[32mMERGE 11076[0m in 0.84s]
[0m06:03:51  16 of 20 START sql incremental model public.telefones .......................... [RUN]
[0m06:03:52  13 of 20 OK created sql incremental model public.devedores ..................... [[32mMERGE 24887[0m in 1.11s]
[0m06:03:52  17 of 20 START sql incremental model public.lojas .............................. [RUN]
[0m06:03:52  15 of 20 OK created sql incremental model public.enderecos ..................... [[32mMERGE 24887[0m in 1.15s]
[0m06:03:52  18 of 20 START sql incremental model public.pagamentos ......................... [RUN]
[0m06:03:52  17 of 20 OK created sql incremental model public.lojas ......................... [[32mMERGE 20[0m in 0.25s]
[0m06:03:52  19 of 20 START sql incremental model public.processos .......................... [RUN]
[0m06:03:52  19 of 20 OK created sql incremental model public.processos ..................... [[32mMERGE 294[0m in 0.22s]
[0m06:03:52  16 of 20 OK created sql incremental model public.telefones ..................... [[32mMERGE 23895[0m in 0.97s]
[0m06:03:54  18 of 20 OK created sql incremental model public.pagamentos .................... [[32mMERGE 53331[0m in 1.73s]
[0m06:03:57  12 of 20 OK created sql incremental model public.dividas ....................... [[32mINSERT 0 228665[0m in 6.52s]
[0m06:03:57  20 of 20 START sql incremental model cobra.tb_audit_mudancas ................... [RUN]
[0m06:03:59  20 of 20 OK created sql incremental model cobra.tb_audit_mudancas .............. [[32mINSERT 0 10[0m in 2.49s]
[0m06:03:59  
[0m06:03:59  Finished running 9 incremental models, 11 view models in 0 hours 0 minutes and 10.68 seconds (10.68s).
[0m06:04:00  
[0m06:04:00  [32mCompleted successfully[0m
[0m06:04:00  
[0m06:04:00  Done. PASS=20 WARN=0 ERROR=0 SKIP=0 NO-OP=0 TOTAL=20
qua 08 jul 2026 03:04:01 -03 - dbt finalizado com código 0
qui 09 jul 2026 03:03:39 -03 - Iniciando dbt run...
[0m06:03:43  Running with dbt=1.12.0-b1
[0m06:03:43  Registered adapter: postgres=1.10.0
[0m06:03:44  Found 20 models, 468 macros
[0m06:03:44  
[0m06:03:44  Concurrency: 4 threads (target='dev')
[0m06:03:44  
[0m06:03:45  1 of 20 START sql view model cobra_staging.chg_devedores ....................... [RUN]
[0m06:03:45  2 of 20 START sql view model cobra_staging.chg_emails .......................... [RUN]
[0m06:03:45  3 of 20 START sql view model cobra_staging.chg_enderecos ....................... [RUN]
[0m06:03:45  4 of 20 START sql view model cobra_staging.chg_lojas ........................... [RUN]
[0m06:03:45  3 of 20 OK created sql view model cobra_staging.chg_enderecos .................. [[32mCREATE VIEW[0m in 0.70s]
[0m06:03:45  1 of 20 OK created sql view model cobra_staging.chg_devedores .................. [[32mCREATE VIEW[0m in 0.71s]
[0m06:03:45  2 of 20 OK created sql view model cobra_staging.chg_emails ..................... [[32mCREATE VIEW[0m in 0.71s]
[0m06:03:45  4 of 20 OK created sql view model cobra_staging.chg_lojas ...................... [[32mCREATE VIEW[0m in 0.71s]
[0m06:03:45  5 of 20 START sql view model cobra_staging.chg_pagamentos ...................... [RUN]
[0m06:03:45  6 of 20 START sql view model cobra_staging.chg_telefones ....................... [RUN]
[0m06:03:45  7 of 20 START sql view model cobra_staging.stg_cadastro ........................ [RUN]
[0m06:03:45  8 of 20 START sql view model cobra_staging.stg_dividas ......................... [RUN]
[0m06:03:46  7 of 20 OK created sql view model cobra_staging.stg_cadastro ................... [[32mCREATE VIEW[0m in 0.32s]
[0m06:03:46  5 of 20 OK created sql view model cobra_staging.chg_pagamentos ................. [[32mCREATE VIEW[0m in 0.33s]
[0m06:03:46  8 of 20 OK created sql view model cobra_staging.stg_dividas .................... [[32mCREATE VIEW[0m in 0.34s]
[0m06:03:46  6 of 20 OK created sql view model cobra_staging.chg_telefones .................. [[32mCREATE VIEW[0m in 0.34s]
[0m06:03:46  9 of 20 START sql view model cobra_staging.stg_filiais ......................... [RUN]
[0m06:03:46  10 of 20 START sql view model cobra_staging.stg_pagamentos ..................... [RUN]
[0m06:03:46  11 of 20 START sql view model cobra_staging.stg_processos ...................... [RUN]
[0m06:03:46  12 of 20 START sql incremental model public.devedores .......................... [RUN]
[0m06:03:46  9 of 20 OK created sql view model cobra_staging.stg_filiais .................... [[32mCREATE VIEW[0m in 0.36s]
[0m06:03:46  13 of 20 START sql incremental model public.emails ............................. [RUN]
[0m06:03:46  11 of 20 OK created sql view model cobra_staging.stg_processos ................. [[32mCREATE VIEW[0m in 0.39s]
[0m06:03:46  10 of 20 OK created sql view model cobra_staging.stg_pagamentos ................ [[32mCREATE VIEW[0m in 0.41s]
[0m06:03:46  14 of 20 START sql incremental model public.enderecos .......................... [RUN]
[0m06:03:46  15 of 20 START sql incremental model public.telefones .......................... [RUN]
[0m06:03:47  13 of 20 OK created sql incremental model public.emails ........................ [[32mMERGE 10990[0m in 0.56s]
[0m06:03:47  16 of 20 START sql incremental model public.dividas ............................ [RUN]
[0m06:03:47  12 of 20 OK created sql incremental model public.devedores ..................... [[32mMERGE 24801[0m in 0.99s]
[0m06:03:47  17 of 20 START sql incremental model public.lojas .............................. [RUN]
[0m06:03:47  17 of 20 OK created sql incremental model public.lojas ......................... [[32mMERGE 20[0m in 0.20s]
[0m06:03:47  18 of 20 START sql incremental model public.processos .......................... [RUN]
[0m06:03:47  14 of 20 OK created sql incremental model public.enderecos ..................... [[32mMERGE 24801[0m in 0.80s]
[0m06:03:47  19 of 20 START sql incremental model public.pagamentos ......................... [RUN]
[0m06:03:47  15 of 20 OK created sql incremental model public.telefones ..................... [[32mMERGE 23809[0m in 0.88s]
[0m06:03:47  18 of 20 OK created sql incremental model public.processos ..................... [[32mMERGE 297[0m in 0.23s]
[0m06:03:49  19 of 20 OK created sql incremental model public.pagamentos .................... [[32mMERGE 53452[0m in 1.99s]
[0m06:03:53  16 of 20 OK created sql incremental model public.dividas ....................... [[32mINSERT 0 227953[0m in 6.37s]
[0m06:03:53  20 of 20 START sql incremental model cobra.tb_audit_mudancas ................... [RUN]
[0m06:03:55  20 of 20 OK created sql incremental model cobra.tb_audit_mudancas .............. [[32mINSERT 0 10[0m in 2.21s]
[0m06:03:55  
[0m06:03:55  Finished running 9 incremental models, 11 view models in 0 hours 0 minutes and 11.35 seconds (11.35s).
[0m06:03:56  
[0m06:03:56  [32mCompleted successfully[0m
[0m06:03:56  
[0m06:03:56  Done. PASS=20 WARN=0 ERROR=0 SKIP=0 NO-OP=0 TOTAL=20
qui 09 jul 2026 03:03:57 -03 - dbt finalizado com código 0
sex 10 jul 2026 03:04:05 -03 - Iniciando dbt run...
[0m06:04:09  Running with dbt=1.12.0-b1
[0m06:04:09  Registered adapter: postgres=1.10.0
[0m06:04:10  Found 20 models, 468 macros
[0m06:04:10  
[0m06:04:10  Concurrency: 4 threads (target='dev')
[0m06:04:10  
[0m06:04:10  1 of 20 START sql view model cobra_staging.chg_devedores ....................... [RUN]
[0m06:04:10  2 of 20 START sql view model cobra_staging.chg_emails .......................... [RUN]
[0m06:04:10  3 of 20 START sql view model cobra_staging.chg_enderecos ....................... [RUN]
[0m06:04:10  4 of 20 START sql view model cobra_staging.chg_lojas ........................... [RUN]
[0m06:04:11  3 of 20 OK created sql view model cobra_staging.chg_enderecos .................. [[32mCREATE VIEW[0m in 0.69s]
[0m06:04:11  1 of 20 OK created sql view model cobra_staging.chg_devedores .................. [[32mCREATE VIEW[0m in 0.70s]
[0m06:04:11  2 of 20 OK created sql view model cobra_staging.chg_emails ..................... [[32mCREATE VIEW[0m in 0.70s]
[0m06:04:11  4 of 20 OK created sql view model cobra_staging.chg_lojas ...................... [[32mCREATE VIEW[0m in 0.70s]
[0m06:04:11  5 of 20 START sql view model cobra_staging.chg_pagamentos ...................... [RUN]
[0m06:04:11  6 of 20 START sql view model cobra_staging.chg_telefones ....................... [RUN]
[0m06:04:11  7 of 20 START sql view model cobra_staging.stg_cadastro ........................ [RUN]
[0m06:04:11  8 of 20 START sql view model cobra_staging.stg_dividas ......................... [RUN]
[0m06:04:12  6 of 20 OK created sql view model cobra_staging.chg_telefones .................. [[32mCREATE VIEW[0m in 0.30s]
[0m06:04:12  9 of 20 START sql view model cobra_staging.stg_filiais ......................... [RUN]
[0m06:04:12  5 of 20 OK created sql view model cobra_staging.chg_pagamentos ................. [[32mCREATE VIEW[0m in 0.33s]
[0m06:04:12  7 of 20 OK created sql view model cobra_staging.stg_cadastro ................... [[32mCREATE VIEW[0m in 0.35s]
[0m06:04:12  8 of 20 OK created sql view model cobra_staging.stg_dividas .................... [[32mCREATE VIEW[0m in 0.35s]
[0m06:04:12  10 of 20 START sql view model cobra_staging.stg_pagamentos ..................... [RUN]
[0m06:04:12  11 of 20 START sql view model cobra_staging.stg_processos ...................... [RUN]
[0m06:04:12  12 of 20 START sql incremental model public.devedores .......................... [RUN]
[0m06:04:12  9 of 20 OK created sql view model cobra_staging.stg_filiais .................... [[32mCREATE VIEW[0m in 0.32s]
[0m06:04:12  13 of 20 START sql incremental model public.emails ............................. [RUN]
[0m06:04:12  10 of 20 OK created sql view model cobra_staging.stg_pagamentos ................ [[32mCREATE VIEW[0m in 0.38s]
[0m06:04:12  14 of 20 START sql incremental model public.enderecos .......................... [RUN]
[0m06:04:12  11 of 20 OK created sql view model cobra_staging.stg_processos ................. [[32mCREATE VIEW[0m in 0.45s]
[0m06:04:12  15 of 20 START sql incremental model public.telefones .......................... [RUN]
[0m06:04:13  13 of 20 OK created sql incremental model public.emails ........................ [[32mMERGE 11392[0m in 0.67s]
[0m06:04:13  16 of 20 START sql incremental model public.dividas ............................ [RUN]
[0m06:04:13  12 of 20 OK created sql incremental model public.devedores ..................... [[32mMERGE 25213[0m in 1.00s]
[0m06:04:13  17 of 20 START sql incremental model public.lojas .............................. [RUN]
[0m06:04:13  14 of 20 OK created sql incremental model public.enderecos ..................... [[32mMERGE 25213[0m in 0.71s]
[0m06:04:13  18 of 20 START sql incremental model public.pagamentos ......................... [RUN]
[0m06:04:13  17 of 20 OK created sql incremental model public.lojas ......................... [[32mMERGE 20[0m in 0.22s]
[0m06:04:13  19 of 20 START sql incremental model public.processos .......................... [RUN]
[0m06:04:13  15 of 20 OK created sql incremental model public.telefones ..................... [[32mMERGE 24218[0m in 0.83s]
[0m06:04:13  19 of 20 OK created sql incremental model public.processos ..................... [[32mMERGE 297[0m in 0.21s]
[0m06:04:14  18 of 20 OK created sql incremental model public.pagamentos .................... [[32mMERGE 53452[0m in 1.81s]
[0m06:04:19  16 of 20 OK created sql incremental model public.dividas ....................... [[32mINSERT 0 231447[0m in 6.59s]
[0m06:04:19  20 of 20 START sql incremental model cobra.tb_audit_mudancas ................... [RUN]
[0m06:04:22  20 of 20 OK created sql incremental model cobra.tb_audit_mudancas .............. [[32mINSERT 0 10[0m in 2.55s]
[0m06:04:22  
[0m06:04:22  Finished running 9 incremental models, 11 view models in 0 hours 0 minutes and 11.88 seconds (11.88s).
[0m06:04:22  
[0m06:04:22  [32mCompleted successfully[0m
[0m06:04:22  
[0m06:04:22  Done. PASS=20 WARN=0 ERROR=0 SKIP=0 NO-OP=0 TOTAL=20
sex 10 jul 2026 03:04:23 -03 - dbt finalizado com código 0
sáb 11 jul 2026 03:03:52 -03 - Iniciando dbt run...
[0m06:03:56  Running with dbt=1.12.0-b1
[0m06:03:56  Registered adapter: postgres=1.10.0
[0m06:03:57  Found 20 models, 468 macros
[0m06:03:57  
[0m06:03:57  Concurrency: 4 threads (target='dev')
[0m06:03:57  
[0m06:03:58  1 of 20 START sql view model cobra_staging.chg_devedores ....................... [RUN]
[0m06:03:58  2 of 20 START sql view model cobra_staging.chg_emails .......................... [RUN]
[0m06:03:58  3 of 20 START sql view model cobra_staging.chg_enderecos ....................... [RUN]
[0m06:03:58  4 of 20 START sql view model cobra_staging.chg_lojas ........................... [RUN]
[0m06:03:58  3 of 20 OK created sql view model cobra_staging.chg_enderecos .................. [[32mCREATE VIEW[0m in 0.66s]
[0m06:03:58  2 of 20 OK created sql view model cobra_staging.chg_emails ..................... [[32mCREATE VIEW[0m in 0.66s]
[0m06:03:58  4 of 20 OK created sql view model cobra_staging.chg_lojas ...................... [[32mCREATE VIEW[0m in 0.66s]
[0m06:03:58  1 of 20 OK created sql view model cobra_staging.chg_devedores .................. [[32mCREATE VIEW[0m in 0.68s]
[0m06:03:58  5 of 20 START sql view model cobra_staging.chg_pagamentos ...................... [RUN]
[0m06:03:58  6 of 20 START sql view model cobra_staging.chg_telefones ....................... [RUN]
[0m06:03:58  7 of 20 START sql view model cobra_staging.stg_cadastro ........................ [RUN]
[0m06:03:58  8 of 20 START sql view model cobra_staging.stg_dividas ......................... [RUN]
[0m06:03:59  5 of 20 OK created sql view model cobra_staging.chg_pagamentos ................. [[32mCREATE VIEW[0m in 0.32s]
[0m06:03:59  6 of 20 OK created sql view model cobra_staging.chg_telefones .................. [[32mCREATE VIEW[0m in 0.33s]
[0m06:03:59  7 of 20 OK created sql view model cobra_staging.stg_cadastro ................... [[32mCREATE VIEW[0m in 0.34s]
[0m06:03:59  9 of 20 START sql view model cobra_staging.stg_filiais ......................... [RUN]
[0m06:03:59  8 of 20 OK created sql view model cobra_staging.stg_dividas .................... [[32mCREATE VIEW[0m in 0.34s]
[0m06:03:59  10 of 20 START sql view model cobra_staging.stg_pagamentos ..................... [RUN]
[0m06:03:59  11 of 20 START sql view model cobra_staging.stg_processos ...................... [RUN]
[0m06:03:59  12 of 20 START sql incremental model public.devedores .......................... [RUN]
[0m06:03:59  9 of 20 OK created sql view model cobra_staging.stg_filiais .................... [[32mCREATE VIEW[0m in 0.31s]
[0m06:03:59  13 of 20 START sql incremental model public.emails ............................. [RUN]
[0m06:03:59  11 of 20 OK created sql view model cobra_staging.stg_processos ................. [[32mCREATE VIEW[0m in 0.40s]
[0m06:03:59  14 of 20 START sql incremental model public.enderecos .......................... [RUN]
[0m06:03:59  10 of 20 OK created sql view model cobra_staging.stg_pagamentos ................ [[32mCREATE VIEW[0m in 0.43s]
[0m06:03:59  15 of 20 START sql incremental model public.telefones .......................... [RUN]
[0m06:04:00  13 of 20 OK created sql incremental model public.emails ........................ [[32mMERGE 11287[0m in 0.57s]
[0m06:04:00  16 of 20 START sql incremental model public.dividas ............................ [RUN]
[0m06:04:00  12 of 20 OK created sql incremental model public.devedores ..................... [[32mMERGE 25107[0m in 1.06s]
[0m06:04:00  17 of 20 START sql incremental model public.lojas .............................. [RUN]
[0m06:04:00  14 of 20 OK created sql incremental model public.enderecos ..................... [[32mMERGE 25107[0m in 0.85s]
[0m06:04:00  18 of 20 START sql incremental model public.processos .......................... [RUN]
[0m06:04:00  17 of 20 OK created sql incremental model public.lojas ......................... [[32mMERGE 20[0m in 0.22s]
[0m06:04:00  19 of 20 START sql incremental model public.pagamentos ......................... [RUN]
[0m06:04:00  15 of 20 OK created sql incremental model public.telefones ..................... [[32mMERGE 24110[0m in 0.94s]
[0m06:04:00  18 of 20 OK created sql incremental model public.processos ..................... [[32mMERGE 298[0m in 0.20s]
[0m06:04:02  19 of 20 OK created sql incremental model public.pagamentos .................... [[32mMERGE 53690[0m in 1.99s]
[0m06:04:07  16 of 20 OK created sql incremental model public.dividas ....................... [[32mINSERT 0 230519[0m in 7.04s]
[0m06:04:07  20 of 20 START sql incremental model cobra.tb_audit_mudancas ................... [RUN]
[0m06:04:09  20 of 20 OK created sql incremental model cobra.tb_audit_mudancas .............. [[32mINSERT 0 10[0m in 2.31s]
[0m06:04:09  
[0m06:04:09  Finished running 9 incremental models, 11 view models in 0 hours 0 minutes and 12.09 seconds (12.09s).
[0m06:04:09  
[0m06:04:09  [32mCompleted successfully[0m
[0m06:04:09  
[0m06:04:09  Done. PASS=20 WARN=0 ERROR=0 SKIP=0 NO-OP=0 TOTAL=20
sáb 11 jul 2026 03:04:11 -03 - dbt finalizado com código 0
dom 12 jul 2026 03:04:09 -03 - Iniciando dbt run...
[0m06:04:13  Running with dbt=1.12.0-b1
[0m06:04:14  Registered adapter: postgres=1.10.0
[0m06:04:15  Found 20 models, 468 macros
[0m06:04:15  
[0m06:04:15  Concurrency: 4 threads (target='dev')
[0m06:04:15  
[0m06:04:15  1 of 20 START sql view model cobra_staging.chg_devedores ....................... [RUN]
[0m06:04:15  2 of 20 START sql view model cobra_staging.chg_emails .......................... [RUN]
[0m06:04:15  3 of 20 START sql view model cobra_staging.chg_enderecos ....................... [RUN]
[0m06:04:15  4 of 20 START sql view model cobra_staging.chg_lojas ........................... [RUN]
[0m06:04:16  4 of 20 OK created sql view model cobra_staging.chg_lojas ...................... [[32mCREATE VIEW[0m in 0.64s]
[0m06:04:16  1 of 20 OK created sql view model cobra_staging.chg_devedores .................. [[32mCREATE VIEW[0m in 0.66s]
[0m06:04:16  5 of 20 START sql view model cobra_staging.chg_pagamentos ...................... [RUN]
[0m06:04:16  2 of 20 OK created sql view model cobra_staging.chg_emails ..................... [[32mCREATE VIEW[0m in 0.67s]
[0m06:04:16  3 of 20 OK created sql view model cobra_staging.chg_enderecos .................. [[32mCREATE VIEW[0m in 0.67s]
[0m06:04:16  6 of 20 START sql view model cobra_staging.chg_telefones ....................... [RUN]
[0m06:04:16  7 of 20 START sql view model cobra_staging.stg_cadastro ........................ [RUN]
[0m06:04:16  8 of 20 START sql view model cobra_staging.stg_dividas ......................... [RUN]
[0m06:04:16  5 of 20 OK created sql view model cobra_staging.chg_pagamentos ................. [[32mCREATE VIEW[0m in 0.32s]
[0m06:04:17  9 of 20 START sql view model cobra_staging.stg_filiais ......................... [RUN]
[0m06:04:17  8 of 20 OK created sql view model cobra_staging.stg_dividas .................... [[32mCREATE VIEW[0m in 0.31s]
[0m06:04:17  7 of 20 OK created sql view model cobra_staging.stg_cadastro ................... [[32mCREATE VIEW[0m in 0.32s]
[0m06:04:17  6 of 20 OK created sql view model cobra_staging.chg_telefones .................. [[32mCREATE VIEW[0m in 0.33s]
[0m06:04:17  10 of 20 START sql view model cobra_staging.stg_pagamentos ..................... [RUN]
[0m06:04:17  11 of 20 START sql view model cobra_staging.stg_processos ...................... [RUN]
[0m06:04:17  12 of 20 START sql incremental model public.dividas ............................ [RUN]
[0m06:04:17  9 of 20 OK created sql view model cobra_staging.stg_filiais .................... [[32mCREATE VIEW[0m in 0.36s]
[0m06:04:17  10 of 20 OK created sql view model cobra_staging.stg_pagamentos ................ [[32mCREATE VIEW[0m in 0.33s]
[0m06:04:17  13 of 20 START sql incremental model public.devedores .......................... [RUN]
[0m06:04:17  11 of 20 OK created sql view model cobra_staging.stg_processos ................. [[32mCREATE VIEW[0m in 0.34s]
[0m06:04:17  14 of 20 START sql incremental model public.emails ............................. [RUN]
[0m06:04:17  15 of 20 START sql incremental model public.enderecos .......................... [RUN]
[0m06:04:18  14 of 20 OK created sql incremental model public.emails ........................ [[32mMERGE 11257[0m in 1.00s]
[0m06:04:18  16 of 20 START sql incremental model public.telefones .......................... [RUN]
[0m06:04:18  13 of 20 OK created sql incremental model public.devedores ..................... [[32mMERGE 25075[0m in 1.27s]
[0m06:04:18  17 of 20 START sql incremental model public.lojas .............................. [RUN]
[0m06:04:18  15 of 20 OK created sql incremental model public.enderecos ..................... [[32mMERGE 25075[0m in 1.26s]
[0m06:04:18  18 of 20 START sql incremental model public.pagamentos ......................... [RUN]
[0m06:04:18  17 of 20 OK created sql incremental model public.lojas ......................... [[32mMERGE 20[0m in 0.22s]
[0m06:04:18  19 of 20 START sql incremental model public.processos .......................... [RUN]
[0m06:04:19  19 of 20 OK created sql incremental model public.processos ..................... [[32mMERGE 298[0m in 0.19s]
[0m06:04:19  16 of 20 OK created sql incremental model public.telefones ..................... [[32mMERGE 24078[0m in 0.81s]
[0m06:04:20  18 of 20 OK created sql incremental model public.pagamentos .................... [[32mMERGE 53959[0m in 1.76s]
[0m06:04:27  12 of 20 OK created sql incremental model public.dividas ....................... [[32mINSERT 0 230324[0m in 10.79s]
[0m06:04:27  20 of 20 START sql incremental model cobra.tb_audit_mudancas ................... [RUN]
[0m06:04:33  20 of 20 OK created sql incremental model cobra.tb_audit_mudancas .............. [[32mINSERT 0 10[0m in 5.22s]
[0m06:04:33  
[0m06:04:33  Finished running 9 incremental models, 11 view models in 0 hours 0 minutes and 17.79 seconds (17.79s).
[0m06:04:33  
[0m06:04:33  [32mCompleted successfully[0m
[0m06:04:33  
[0m06:04:33  Done. PASS=20 WARN=0 ERROR=0 SKIP=0 NO-OP=0 TOTAL=20
dom 12 jul 2026 03:04:34 -03 - dbt finalizado com código 0
seg 13 jul 2026 03:04:12 -03 - Iniciando dbt run...
[0m06:04:17  Running with dbt=1.12.0-b1
[0m06:04:18  Registered adapter: postgres=1.10.0
[0m06:04:18  Found 20 models, 468 macros
[0m06:04:18  
[0m06:04:18  Concurrency: 4 threads (target='dev')
[0m06:04:18  
[0m06:04:19  1 of 20 START sql view model cobra_staging.chg_devedores ....................... [RUN]
[0m06:04:19  2 of 20 START sql view model cobra_staging.chg_emails .......................... [RUN]
[0m06:04:19  3 of 20 START sql view model cobra_staging.chg_enderecos ....................... [RUN]
[0m06:04:19  4 of 20 START sql view model cobra_staging.chg_lojas ........................... [RUN]
[0m06:04:20  4 of 20 OK created sql view model cobra_staging.chg_lojas ...................... [[32mCREATE VIEW[0m in 0.73s]
[0m06:04:20  3 of 20 OK created sql view model cobra_staging.chg_enderecos .................. [[32mCREATE VIEW[0m in 0.73s]
[0m06:04:20  2 of 20 OK created sql view model cobra_staging.chg_emails ..................... [[32mCREATE VIEW[0m in 0.73s]
[0m06:04:20  1 of 20 OK created sql view model cobra_staging.chg_devedores .................. [[32mCREATE VIEW[0m in 0.73s]
[0m06:04:20  5 of 20 START sql view model cobra_staging.chg_pagamentos ...................... [RUN]
[0m06:04:20  6 of 20 START sql view model cobra_staging.chg_telefones ....................... [RUN]
[0m06:04:20  7 of 20 START sql view model cobra_staging.stg_cadastro ........................ [RUN]
[0m06:04:20  8 of 20 START sql view model cobra_staging.stg_dividas ......................... [RUN]
[0m06:04:20  5 of 20 OK created sql view model cobra_staging.chg_pagamentos ................. [[32mCREATE VIEW[0m in 0.31s]
[0m06:04:20  9 of 20 START sql view model cobra_staging.stg_filiais ......................... [RUN]
[0m06:04:20  7 of 20 OK created sql view model cobra_staging.stg_cadastro ................... [[32mCREATE VIEW[0m in 0.32s]
[0m06:04:20  8 of 20 OK created sql view model cobra_staging.stg_dividas .................... [[32mCREATE VIEW[0m in 0.34s]
[0m06:04:20  6 of 20 OK created sql view model cobra_staging.chg_telefones .................. [[32mCREATE VIEW[0m in 0.34s]
[0m06:04:20  10 of 20 START sql view model cobra_staging.stg_pagamentos ..................... [RUN]
[0m06:04:20  11 of 20 START sql view model cobra_staging.stg_processos ...................... [RUN]
[0m06:04:20  12 of 20 START sql incremental model public.devedores .......................... [RUN]
[0m06:04:21  9 of 20 OK created sql view model cobra_staging.stg_filiais .................... [[32mCREATE VIEW[0m in 0.38s]
[0m06:04:21  13 of 20 START sql incremental model public.emails ............................. [RUN]
[0m06:04:21  11 of 20 OK created sql view model cobra_staging.stg_processos ................. [[32mCREATE VIEW[0m in 0.36s]
[0m06:04:21  10 of 20 OK created sql view model cobra_staging.stg_pagamentos ................ [[32mCREATE VIEW[0m in 0.38s]
[0m06:04:21  14 of 20 START sql incremental model public.enderecos .......................... [RUN]
[0m06:04:21  15 of 20 START sql incremental model public.telefones .......................... [RUN]
[0m06:04:21  13 of 20 OK created sql incremental model public.emails ........................ [[32mMERGE 11322[0m in 0.63s]
[0m06:04:21  16 of 20 START sql incremental model public.dividas ............................ [RUN]
[0m06:04:21  12 of 20 OK created sql incremental model public.devedores ..................... [[32mMERGE 25141[0m in 1.09s]
[0m06:04:21  17 of 20 START sql incremental model public.lojas .............................. [RUN]
[0m06:04:22  14 of 20 OK created sql incremental model public.enderecos ..................... [[32mMERGE 25141[0m in 0.84s]
[0m06:04:22  18 of 20 START sql incremental model public.processos .......................... [RUN]
[0m06:04:22  17 of 20 OK created sql incremental model public.lojas ......................... [[32mMERGE 20[0m in 0.23s]
[0m06:04:22  19 of 20 START sql incremental model public.pagamentos ......................... [RUN]
[0m06:04:22  15 of 20 OK created sql incremental model public.telefones ..................... [[32mMERGE 24144[0m in 1.01s]
[0m06:04:22  18 of 20 OK created sql incremental model public.processos ..................... [[32mMERGE 298[0m in 0.24s]
[0m06:04:24  19 of 20 OK created sql incremental model public.pagamentos .................... [[32mMERGE 53557[0m in 1.95s]
[0m06:04:28  16 of 20 OK created sql incremental model public.dividas ....................... [[32mINSERT 0 230885[0m in 6.28s]
[0m06:04:28  20 of 20 START sql incremental model cobra.tb_audit_mudancas ................... [RUN]
[0m06:04:30  20 of 20 OK created sql incremental model cobra.tb_audit_mudancas .............. [[32mINSERT 0 10[0m in 2.44s]
[0m06:04:30  
[0m06:04:30  Finished running 9 incremental models, 11 view models in 0 hours 0 minutes and 11.66 seconds (11.66s).
[0m06:04:30  
[0m06:04:30  [32mCompleted successfully[0m
[0m06:04:30  
[0m06:04:30  Done. PASS=20 WARN=0 ERROR=0 SKIP=0 NO-OP=0 TOTAL=20
seg 13 jul 2026 03:04:32 -03 - dbt finalizado com código 0
ter 14 jul 2026 03:07:05 -03 - Iniciando dbt run...
[0m06:07:09  Running with dbt=1.12.0-b1
[0m06:07:10  Registered adapter: postgres=1.10.0
[0m06:07:11  Found 20 models, 468 macros
[0m06:07:11  
[0m06:07:11  Concurrency: 4 threads (target='dev')
[0m06:07:11  
[0m06:07:12  1 of 20 START sql view model cobra_staging.chg_devedores ....................... [RUN]
[0m06:07:12  2 of 20 START sql view model cobra_staging.chg_emails .......................... [RUN]
[0m06:07:12  3 of 20 START sql view model cobra_staging.chg_enderecos ....................... [RUN]
[0m06:07:12  4 of 20 START sql view model cobra_staging.chg_lojas ........................... [RUN]
[0m06:07:12  1 of 20 OK created sql view model cobra_staging.chg_devedores .................. [[32mCREATE VIEW[0m in 0.67s]
[0m06:07:12  3 of 20 OK created sql view model cobra_staging.chg_enderecos .................. [[32mCREATE VIEW[0m in 0.68s]
[0m06:07:12  2 of 20 OK created sql view model cobra_staging.chg_emails ..................... [[32mCREATE VIEW[0m in 0.67s]
[0m06:07:12  4 of 20 OK created sql view model cobra_staging.chg_lojas ...................... [[32mCREATE VIEW[0m in 0.68s]
[0m06:07:12  5 of 20 START sql view model cobra_staging.chg_pagamentos ...................... [RUN]
[0m06:07:12  6 of 20 START sql view model cobra_staging.chg_telefones ....................... [RUN]
[0m06:07:12  7 of 20 START sql view model cobra_staging.stg_cadastro ........................ [RUN]
[0m06:07:12  8 of 20 START sql view model cobra_staging.stg_dividas ......................... [RUN]
[0m06:07:13  5 of 20 OK created sql view model cobra_staging.chg_pagamentos ................. [[32mCREATE VIEW[0m in 0.31s]
[0m06:07:13  8 of 20 OK created sql view model cobra_staging.stg_dividas .................... [[32mCREATE VIEW[0m in 0.32s]
[0m06:07:13  9 of 20 START sql view model cobra_staging.stg_filiais ......................... [RUN]
[0m06:07:13  10 of 20 START sql view model cobra_staging.stg_pagamentos ..................... [RUN]
[0m06:07:13  7 of 20 OK created sql view model cobra_staging.stg_cadastro ................... [[32mCREATE VIEW[0m in 0.35s]
[0m06:07:13  6 of 20 OK created sql view model cobra_staging.chg_telefones .................. [[32mCREATE VIEW[0m in 0.35s]
[0m06:07:13  11 of 20 START sql view model cobra_staging.stg_processos ...................... [RUN]
[0m06:07:13  12 of 20 START sql incremental model public.dividas ............................ [RUN]
[0m06:07:13  9 of 20 OK created sql view model cobra_staging.stg_filiais .................... [[32mCREATE VIEW[0m in 0.33s]
[0m06:07:13  13 of 20 START sql incremental model public.devedores .......................... [RUN]
[0m06:07:13  11 of 20 OK created sql view model cobra_staging.stg_processos ................. [[32mCREATE VIEW[0m in 0.33s]
[0m06:07:13  10 of 20 OK created sql view model cobra_staging.stg_pagamentos ................ [[32mCREATE VIEW[0m in 0.38s]
[0m06:07:13  14 of 20 START sql incremental model public.emails ............................. [RUN]
[0m06:07:13  15 of 20 START sql incremental model public.enderecos .......................... [RUN]
[0m06:07:14  14 of 20 OK created sql incremental model public.emails ........................ [[32mMERGE 11196[0m in 0.76s]
[0m06:07:14  16 of 20 START sql incremental model public.telefones .......................... [RUN]
[0m06:07:14  13 of 20 OK created sql incremental model public.devedores ..................... [[32mMERGE 25009[0m in 1.09s]
[0m06:07:14  17 of 20 START sql incremental model public.lojas .............................. [RUN]
[0m06:07:14  15 of 20 OK created sql incremental model public.enderecos ..................... [[32mMERGE 25009[0m in 1.03s]
[0m06:07:14  18 of 20 START sql incremental model public.pagamentos ......................... [RUN]
[0m06:07:14  17 of 20 OK created sql incremental model public.lojas ......................... [[32mMERGE 20[0m in 0.22s]
[0m06:07:14  19 of 20 START sql incremental model public.processos .......................... [RUN]
[0m06:07:15  19 of 20 OK created sql incremental model public.processos ..................... [[32mMERGE 299[0m in 0.21s]
[0m06:07:15  16 of 20 OK created sql incremental model public.telefones ..................... [[32mMERGE 24013[0m in 0.77s]
[0m06:07:16  18 of 20 OK created sql incremental model public.pagamentos .................... [[32mMERGE 53794[0m in 1.64s]
[0m06:07:18  12 of 20 OK created sql incremental model public.dividas ....................... [[32mINSERT 0 229166[0m in 5.70s]
[0m06:07:18  20 of 20 START sql incremental model cobra.tb_audit_mudancas ................... [RUN]
[0m06:07:21  20 of 20 OK created sql incremental model cobra.tb_audit_mudancas .............. [[32mINSERT 0 10[0m in 2.04s]
[0m06:07:21  
[0m06:07:21  Finished running 9 incremental models, 11 view models in 0 hours 0 minutes and 9.66 seconds (9.66s).
[0m06:07:21  
[0m06:07:21  [32mCompleted successfully[0m
[0m06:07:21  
[0m06:07:21  Done. PASS=20 WARN=0 ERROR=0 SKIP=0 NO-OP=0 TOTAL=20
ter 14 jul 2026 03:07:22 -03 - dbt finalizado com código 0
ter 14 jul 2026 14:32:13 -03 - Iniciando dbt run...
[0m17:32:17  Running with dbt=1.12.0-b1
[0m17:32:18  Registered adapter: postgres=1.10.0
[0m17:32:18  Found 20 models, 468 macros
[0m17:32:18  
[0m17:32:18  Concurrency: 4 threads (target='dev')
[0m17:32:18  
[0m17:32:19  1 of 20 START sql view model cobra_staging.chg_devedores ....................... [RUN]
[0m17:32:19  2 of 20 START sql view model cobra_staging.chg_emails .......................... [RUN]
[0m17:32:19  3 of 20 START sql view model cobra_staging.chg_enderecos ....................... [RUN]
[0m17:32:19  4 of 20 START sql view model cobra_staging.chg_lojas ........................... [RUN]
[0m17:32:20  1 of 20 OK created sql view model cobra_staging.chg_devedores .................. [[32mCREATE VIEW[0m in 0.67s]
[0m17:32:20  3 of 20 OK created sql view model cobra_staging.chg_enderecos .................. [[32mCREATE VIEW[0m in 0.67s]
[0m17:32:20  2 of 20 OK created sql view model cobra_staging.chg_emails ..................... [[32mCREATE VIEW[0m in 0.68s]
[0m17:32:20  4 of 20 OK created sql view model cobra_staging.chg_lojas ...................... [[32mCREATE VIEW[0m in 0.65s]
[0m17:32:20  5 of 20 START sql view model cobra_staging.chg_pagamentos ...................... [RUN]
[0m17:32:20  6 of 20 START sql view model cobra_staging.chg_telefones ....................... [RUN]
[0m17:32:20  7 of 20 START sql view model cobra_staging.stg_cadastro ........................ [RUN]
[0m17:32:20  8 of 20 START sql view model cobra_staging.stg_dividas ......................... [RUN]
[0m17:32:20  5 of 20 OK created sql view model cobra_staging.chg_pagamentos ................. [[32mCREATE VIEW[0m in 0.31s]
[0m17:32:20  9 of 20 START sql view model cobra_staging.stg_filiais ......................... [RUN]
[0m17:32:20  8 of 20 OK created sql view model cobra_staging.stg_dividas .................... [[32mCREATE VIEW[0m in 0.31s]
[0m17:32:20  7 of 20 OK created sql view model cobra_staging.stg_cadastro ................... [[32mCREATE VIEW[0m in 0.32s]
[0m17:32:20  6 of 20 OK created sql view model cobra_staging.chg_telefones .................. [[32mCREATE VIEW[0m in 0.33s]
[0m17:32:20  10 of 20 START sql view model cobra_staging.stg_pagamentos ..................... [RUN]
[0m17:32:20  11 of 20 START sql view model cobra_staging.stg_processos ...................... [RUN]
[0m17:32:20  12 of 20 START sql incremental model public.dividas ............................ [RUN]
[0m17:32:20  9 of 20 OK created sql view model cobra_staging.stg_filiais .................... [[32mCREATE VIEW[0m in 0.34s]
[0m17:32:20  11 of 20 OK created sql view model cobra_staging.stg_processos ................. [[32mCREATE VIEW[0m in 0.30s]
[0m17:32:20  13 of 20 START sql incremental model public.devedores .......................... [RUN]
[0m17:32:20  14 of 20 START sql incremental model public.emails ............................. [RUN]
[0m17:32:21  10 of 20 OK created sql view model cobra_staging.stg_pagamentos ................ [[32mCREATE VIEW[0m in 0.47s]
[0m17:32:21  15 of 20 START sql incremental model public.enderecos .......................... [RUN]
[0m17:32:21  14 of 20 OK created sql incremental model public.emails ........................ [[32mMERGE 11135[0m in 0.98s]
[0m17:32:21  16 of 20 START sql incremental model public.telefones .......................... [RUN]
[0m17:32:22  13 of 20 OK created sql incremental model public.devedores ..................... [[32mMERGE 24948[0m in 1.14s]
[0m17:32:22  17 of 20 START sql incremental model public.lojas .............................. [RUN]
[0m17:32:22  15 of 20 OK created sql incremental model public.enderecos ..................... [[32mMERGE 24948[0m in 1.06s]
[0m17:32:22  18 of 20 START sql incremental model public.processos .......................... [RUN]
[0m17:32:22  17 of 20 OK created sql incremental model public.lojas ......................... [[32mMERGE 20[0m in 0.25s]
[0m17:32:22  19 of 20 START sql incremental model public.pagamentos ......................... [RUN]
[0m17:32:22  18 of 20 OK created sql incremental model public.processos ..................... [[32mMERGE 299[0m in 0.26s]
[0m17:32:22  16 of 20 OK created sql incremental model public.telefones ..................... [[32mMERGE 23953[0m in 0.72s]
[0m17:32:23  19 of 20 OK created sql incremental model public.pagamentos .................... [[32mMERGE 53985[0m in 1.67s]
[0m17:32:28  12 of 20 OK created sql incremental model public.dividas ....................... [[32mINSERT 0 228658[0m in 7.93s]
[0m17:32:28  20 of 20 START sql incremental model cobra.tb_audit_mudancas ................... [RUN]
[0m17:32:30  20 of 20 OK created sql incremental model cobra.tb_audit_mudancas .............. [[32mINSERT 0 10[0m in 2.38s]
[0m17:32:30  
[0m17:32:30  Finished running 9 incremental models, 11 view models in 0 hours 0 minutes and 12.12 seconds (12.12s).
[0m17:32:31  
[0m17:32:31  [32mCompleted successfully[0m
[0m17:32:31  
[0m17:32:31  Done. PASS=20 WARN=0 ERROR=0 SKIP=0 NO-OP=0 TOTAL=20
ter 14 jul 2026 14:32:32 -03 - dbt finalizado com código 0
qua 15 jul 2026 03:07:00 -03 - Iniciando dbt run...
[0m06:07:04  Running with dbt=1.12.0-b1
[0m06:07:05  Registered adapter: postgres=1.10.0
[0m06:07:05  Found 20 models, 468 macros
[0m06:07:05  
[0m06:07:05  Concurrency: 4 threads (target='dev')
[0m06:07:05  
[0m06:07:06  1 of 20 START sql view model cobra_staging.chg_devedores ....................... [RUN]
[0m06:07:06  2 of 20 START sql view model cobra_staging.chg_emails .......................... [RUN]
[0m06:07:06  3 of 20 START sql view model cobra_staging.chg_enderecos ....................... [RUN]
[0m06:07:06  4 of 20 START sql view model cobra_staging.chg_lojas ........................... [RUN]
[0m06:07:07  3 of 20 OK created sql view model cobra_staging.chg_enderecos .................. [[32mCREATE VIEW[0m in 0.77s]
[0m06:07:07  2 of 20 OK created sql view model cobra_staging.chg_emails ..................... [[32mCREATE VIEW[0m in 0.78s]
[0m06:07:07  1 of 20 OK created sql view model cobra_staging.chg_devedores .................. [[32mCREATE VIEW[0m in 0.78s]
[0m06:07:07  4 of 20 OK created sql view model cobra_staging.chg_lojas ...................... [[32mCREATE VIEW[0m in 0.78s]
[0m06:07:07  5 of 20 START sql view model cobra_staging.chg_pagamentos ...................... [RUN]
[0m06:07:07  6 of 20 START sql view model cobra_staging.chg_telefones ....................... [RUN]
[0m06:07:07  7 of 20 START sql view model cobra_staging.stg_cadastro ........................ [RUN]
[0m06:07:07  8 of 20 START sql view model cobra_staging.stg_dividas ......................... [RUN]
[0m06:07:07  5 of 20 OK created sql view model cobra_staging.chg_pagamentos ................. [[32mCREATE VIEW[0m in 0.32s]
[0m06:07:07  9 of 20 START sql view model cobra_staging.stg_filiais ......................... [RUN]
[0m06:07:07  8 of 20 OK created sql view model cobra_staging.stg_dividas .................... [[32mCREATE VIEW[0m in 0.34s]
[0m06:07:07  7 of 20 OK created sql view model cobra_staging.stg_cadastro ................... [[32mCREATE VIEW[0m in 0.34s]
[0m06:07:07  6 of 20 OK created sql view model cobra_staging.chg_telefones .................. [[32mCREATE VIEW[0m in 0.35s]
[0m06:07:07  10 of 20 START sql view model cobra_staging.stg_pagamentos ..................... [RUN]
[0m06:07:07  11 of 20 START sql view model cobra_staging.stg_processos ...................... [RUN]
[0m06:07:07  12 of 20 START sql incremental model public.dividas ............................ [RUN]
[0m06:07:07  9 of 20 OK created sql view model cobra_staging.stg_filiais .................... [[32mCREATE VIEW[0m in 0.27s]
[0m06:07:07  13 of 20 START sql incremental model public.devedores .......................... [RUN]
[0m06:07:08  11 of 20 OK created sql view model cobra_staging.stg_processos ................. [[32mCREATE VIEW[0m in 0.43s]
[0m06:07:08  10 of 20 OK created sql view model cobra_staging.stg_pagamentos ................ [[32mCREATE VIEW[0m in 0.43s]
[0m06:07:08  14 of 20 START sql incremental model public.emails ............................. [RUN]
[0m06:07:08  15 of 20 START sql incremental model public.enderecos .......................... [RUN]
[0m06:07:08  14 of 20 OK created sql incremental model public.emails ........................ [[32mMERGE 11443[0m in 0.69s]
[0m06:07:08  16 of 20 START sql incremental model public.telefones .......................... [RUN]
[0m06:07:09  13 of 20 OK created sql incremental model public.devedores ..................... [[32mMERGE 25261[0m in 1.01s]
[0m06:07:09  17 of 20 START sql incremental model public.lojas .............................. [RUN]
[0m06:07:09  15 of 20 OK created sql incremental model public.enderecos ..................... [[32mMERGE 25261[0m in 0.91s]
[0m06:07:09  18 of 20 START sql incremental model public.processos .......................... [RUN]
[0m06:07:09  17 of 20 OK created sql incremental model public.lojas ......................... [[32mMERGE 20[0m in 0.26s]
[0m06:07:09  19 of 20 START sql incremental model public.pagamentos ......................... [RUN]
[0m06:07:09  18 of 20 OK created sql incremental model public.processos ..................... [[32mMERGE 299[0m in 0.26s]
[0m06:07:09  16 of 20 OK created sql incremental model public.telefones ..................... [[32mMERGE 24264[0m in 0.90s]
[0m06:07:10  19 of 20 OK created sql incremental model public.pagamentos .................... [[32mMERGE 53846[0m in 1.52s]
[0m06:07:13  12 of 20 OK created sql incremental model public.dividas ....................... [[32mINSERT 0 231053[0m in 5.63s]
[0m06:07:13  20 of 20 START sql incremental model cobra.tb_audit_mudancas ................... [RUN]
[0m06:07:15  20 of 20 OK created sql incremental model cobra.tb_audit_mudancas .............. [[32mINSERT 0 10[0m in 1.98s]
[0m06:07:15  
[0m06:07:15  Finished running 9 incremental models, 11 view models in 0 hours 0 minutes and 9.57 seconds (9.57s).
[0m06:07:15  
[0m06:07:15  [32mCompleted successfully[0m
[0m06:07:15  
[0m06:07:15  Done. PASS=20 WARN=0 ERROR=0 SKIP=0 NO-OP=0 TOTAL=20
qua 15 jul 2026 03:07:16 -03 - dbt finalizado com código 0
qui 16 jul 2026 03:07:14 -03 - Iniciando dbt run...
[0m06:07:19  Running with dbt=1.12.0-b1
[0m06:07:19  Registered adapter: postgres=1.10.0
[0m06:07:20  Found 20 models, 468 macros
[0m06:07:20  
[0m06:07:20  Concurrency: 4 threads (target='dev')
[0m06:07:20  
[0m06:07:21  1 of 20 START sql view model cobra_staging.chg_devedores ....................... [RUN]
[0m06:07:21  2 of 20 START sql view model cobra_staging.chg_emails .......................... [RUN]
[0m06:07:21  3 of 20 START sql view model cobra_staging.chg_enderecos ....................... [RUN]
[0m06:07:21  4 of 20 START sql view model cobra_staging.chg_lojas ........................... [RUN]
[0m06:07:22  1 of 20 OK created sql view model cobra_staging.chg_devedores .................. [[32mCREATE VIEW[0m in 0.63s]
[0m06:07:22  4 of 20 OK created sql view model cobra_staging.chg_lojas ...................... [[32mCREATE VIEW[0m in 0.63s]
[0m06:07:22  2 of 20 OK created sql view model cobra_staging.chg_emails ..................... [[32mCREATE VIEW[0m in 0.64s]
[0m06:07:22  3 of 20 OK created sql view model cobra_staging.chg_enderecos .................. [[32mCREATE VIEW[0m in 0.64s]
[0m06:07:22  5 of 20 START sql view model cobra_staging.chg_pagamentos ...................... [RUN]
[0m06:07:22  6 of 20 START sql view model cobra_staging.chg_telefones ....................... [RUN]
[0m06:07:22  7 of 20 START sql view model cobra_staging.stg_cadastro ........................ [RUN]
[0m06:07:22  8 of 20 START sql view model cobra_staging.stg_dividas ......................... [RUN]
[0m06:07:22  5 of 20 OK created sql view model cobra_staging.chg_pagamentos ................. [[32mCREATE VIEW[0m in 0.32s]
[0m06:07:22  9 of 20 START sql view model cobra_staging.stg_filiais ......................... [RUN]
[0m06:07:22  6 of 20 OK created sql view model cobra_staging.chg_telefones .................. [[32mCREATE VIEW[0m in 0.34s]
[0m06:07:22  8 of 20 OK created sql view model cobra_staging.stg_dividas .................... [[32mCREATE VIEW[0m in 0.34s]
[0m06:07:22  7 of 20 OK created sql view model cobra_staging.stg_cadastro ................... [[32mCREATE VIEW[0m in 0.34s]
[0m06:07:22  10 of 20 START sql view model cobra_staging.stg_pagamentos ..................... [RUN]
[0m06:07:22  11 of 20 START sql view model cobra_staging.stg_processos ...................... [RUN]
[0m06:07:22  12 of 20 START sql incremental model public.dividas ............................ [RUN]
[0m06:07:22  9 of 20 OK created sql view model cobra_staging.stg_filiais .................... [[32mCREATE VIEW[0m in 0.28s]
[0m06:07:22  13 of 20 START sql incremental model public.devedores .......................... [RUN]
[0m06:07:23  10 of 20 OK created sql view model cobra_staging.stg_pagamentos ................ [[32mCREATE VIEW[0m in 0.41s]
[0m06:07:23  14 of 20 START sql incremental model public.emails ............................. [RUN]
[0m06:07:23  11 of 20 OK created sql view model cobra_staging.stg_processos ................. [[32mCREATE VIEW[0m in 0.44s]
[0m06:07:23  15 of 20 START sql incremental model public.enderecos .......................... [RUN]
[0m06:07:23  14 of 20 OK created sql incremental model public.emails ........................ [[32mMERGE 11408[0m in 0.72s]
[0m06:07:23  16 of 20 START sql incremental model public.telefones .......................... [RUN]
[0m06:07:23  13 of 20 OK created sql incremental model public.devedores ..................... [[32mMERGE 25229[0m in 1.01s]
[0m06:07:23  17 of 20 START sql incremental model public.lojas .............................. [RUN]
[0m06:07:24  15 of 20 OK created sql incremental model public.enderecos ..................... [[32mMERGE 25229[0m in 0.93s]
[0m06:07:24  18 of 20 START sql incremental model public.pagamentos ......................... [RUN]
[0m06:07:24  17 of 20 OK created sql incremental model public.lojas ......................... [[32mMERGE 20[0m in 0.22s]
[0m06:07:24  19 of 20 START sql incremental model public.processos .......................... [RUN]
[0m06:07:24  19 of 20 OK created sql incremental model public.processos ..................... [[32mMERGE 301[0m in 0.21s]
[0m06:07:24  16 of 20 OK created sql incremental model public.telefones ..................... [[32mMERGE 24234[0m in 0.91s]
[0m06:07:25  18 of 20 OK created sql incremental model public.pagamentos .................... [[32mMERGE 53729[0m in 1.58s]
[0m06:07:28  12 of 20 OK created sql incremental model public.dividas ....................... [[32mINSERT 0 230829[0m in 6.14s]
[0m06:07:28  20 of 20 START sql incremental model cobra.tb_audit_mudancas ................... [RUN]
[0m06:07:30  20 of 20 OK created sql incremental model cobra.tb_audit_mudancas .............. [[32mINSERT 0 10[0m in 2.17s]
[0m06:07:31  
[0m06:07:31  Finished running 9 incremental models, 11 view models in 0 hours 0 minutes and 10.16 seconds (10.16s).
[0m06:07:31  
[0m06:07:31  [32mCompleted successfully[0m
[0m06:07:31  
[0m06:07:31  Done. PASS=20 WARN=0 ERROR=0 SKIP=0 NO-OP=0 TOTAL=20
qui 16 jul 2026 03:07:32 -03 - dbt finalizado com código 0
sex 17 jul 2026 03:07:10 -03 - Iniciando dbt run...
[0m06:07:15  Running with dbt=1.12.0-b1
[0m06:07:15  Registered adapter: postgres=1.10.0
[0m06:07:16  Found 20 models, 468 macros
[0m06:07:16  
[0m06:07:16  Concurrency: 4 threads (target='dev')
[0m06:07:16  
[0m06:07:17  1 of 20 START sql view model cobra_staging.chg_devedores ....................... [RUN]
[0m06:07:17  2 of 20 START sql view model cobra_staging.chg_emails .......................... [RUN]
[0m06:07:17  3 of 20 START sql view model cobra_staging.chg_enderecos ....................... [RUN]
[0m06:07:17  4 of 20 START sql view model cobra_staging.chg_lojas ........................... [RUN]
[0m06:07:18  4 of 20 OK created sql view model cobra_staging.chg_lojas ...................... [[32mCREATE VIEW[0m in 0.73s]
[0m06:07:18  1 of 20 OK created sql view model cobra_staging.chg_devedores .................. [[32mCREATE VIEW[0m in 0.75s]
[0m06:07:18  3 of 20 OK created sql view model cobra_staging.chg_enderecos .................. [[32mCREATE VIEW[0m in 0.75s]
[0m06:07:18  5 of 20 START sql view model cobra_staging.chg_pagamentos ...................... [RUN]
[0m06:07:18  2 of 20 OK created sql view model cobra_staging.chg_emails ..................... [[32mCREATE VIEW[0m in 0.76s]
[0m06:07:18  6 of 20 START sql view model cobra_staging.chg_telefones ....................... [RUN]
[0m06:07:18  7 of 20 START sql view model cobra_staging.stg_cadastro ........................ [RUN]
[0m06:07:18  8 of 20 START sql view model cobra_staging.stg_dividas ......................... [RUN]
[0m06:07:18  5 of 20 OK created sql view model cobra_staging.chg_pagamentos ................. [[32mCREATE VIEW[0m in 0.33s]
[0m06:07:18  6 of 20 OK created sql view model cobra_staging.chg_telefones .................. [[32mCREATE VIEW[0m in 0.33s]
[0m06:07:18  9 of 20 START sql view model cobra_staging.stg_filiais ......................... [RUN]
[0m06:07:18  8 of 20 OK created sql view model cobra_staging.stg_dividas .................... [[32mCREATE VIEW[0m in 0.33s]
[0m06:07:18  10 of 20 START sql view model cobra_staging.stg_pagamentos ..................... [RUN]
[0m06:07:18  7 of 20 OK created sql view model cobra_staging.stg_cadastro ................... [[32mCREATE VIEW[0m in 0.34s]
[0m06:07:18  11 of 20 START sql view model cobra_staging.stg_processos ...................... [RUN]
[0m06:07:18  12 of 20 START sql incremental model public.dividas ............................ [RUN]
[0m06:07:19  9 of 20 OK created sql view model cobra_staging.stg_filiais .................... [[32mCREATE VIEW[0m in 0.37s]
[0m06:07:19  13 of 20 START sql incremental model public.devedores .......................... [RUN]
[0m06:07:19  10 of 20 OK created sql view model cobra_staging.stg_pagamentos ................ [[32mCREATE VIEW[0m in 0.42s]
[0m06:07:19  11 of 20 OK created sql view model cobra_staging.stg_processos ................. [[32mCREATE VIEW[0m in 0.41s]
[0m06:07:19  14 of 20 START sql incremental model public.emails ............................. [RUN]
[0m06:07:19  15 of 20 START sql incremental model public.enderecos .......................... [RUN]
[0m06:07:20  14 of 20 OK created sql incremental model public.emails ........................ [[32mMERGE 11374[0m in 0.78s]
[0m06:07:20  16 of 20 START sql incremental model public.telefones .......................... [RUN]
[0m06:07:20  13 of 20 OK created sql incremental model public.devedores ..................... [[32mMERGE 25194[0m in 1.16s]
[0m06:07:20  17 of 20 START sql incremental model public.lojas .............................. [RUN]
[0m06:07:20  15 of 20 OK created sql incremental model public.enderecos ..................... [[32mMERGE 25194[0m in 1.10s]
[0m06:07:20  18 of 20 START sql incremental model public.pagamentos ......................... [RUN]
[0m06:07:20  17 of 20 OK created sql incremental model public.lojas ......................... [[32mMERGE 20[0m in 0.21s]
[0m06:07:20  19 of 20 START sql incremental model public.processos .......................... [RUN]
[0m06:07:20  19 of 20 OK created sql incremental model public.processos ..................... [[32mMERGE 301[0m in 0.20s]
[0m06:07:20  16 of 20 OK created sql incremental model public.telefones ..................... [[32mMERGE 24200[0m in 0.89s]
[0m06:07:22  18 of 20 OK created sql incremental model public.pagamentos .................... [[32mMERGE 53597[0m in 1.78s]
[0m06:07:24  12 of 20 OK created sql incremental model public.dividas ....................... [[32mINSERT 0 230582[0m in 5.30s]
[0m06:07:24  20 of 20 START sql incremental model cobra.tb_audit_mudancas ................... [RUN]
[0m06:07:25  20 of 20 OK created sql incremental model cobra.tb_audit_mudancas .............. [[32mINSERT 0 10[0m in 1.80s]
[0m06:07:25  
[0m06:07:25  Finished running 9 incremental models, 11 view models in 0 hours 0 minutes and 9.11 seconds (9.11s).
[0m06:07:26  
[0m06:07:26  [32mCompleted successfully[0m
[0m06:07:26  
[0m06:07:26  Done. PASS=20 WARN=0 ERROR=0 SKIP=0 NO-OP=0 TOTAL=20
sex 17 jul 2026 03:07:27 -03 - dbt finalizado com código 0
sáb 18 jul 2026 03:07:05 -03 - Iniciando dbt run...
[0m06:07:09  Running with dbt=1.12.0-b1
[0m06:07:09  Registered adapter: postgres=1.10.0
[0m06:07:10  Found 20 models, 468 macros
[0m06:07:10  
[0m06:07:10  Concurrency: 4 threads (target='dev')
[0m06:07:10  
[0m06:07:11  1 of 20 START sql view model cobra_staging.chg_devedores ....................... [RUN]
[0m06:07:11  2 of 20 START sql view model cobra_staging.chg_emails .......................... [RUN]
[0m06:07:11  3 of 20 START sql view model cobra_staging.chg_enderecos ....................... [RUN]
[0m06:07:11  4 of 20 START sql view model cobra_staging.chg_lojas ........................... [RUN]
[0m06:07:11  4 of 20 OK created sql view model cobra_staging.chg_lojas ...................... [[32mCREATE VIEW[0m in 0.74s]
[0m06:07:11  2 of 20 OK created sql view model cobra_staging.chg_emails ..................... [[32mCREATE VIEW[0m in 0.76s]
[0m06:07:11  1 of 20 OK created sql view model cobra_staging.chg_devedores .................. [[32mCREATE VIEW[0m in 0.77s]
[0m06:07:11  3 of 20 OK created sql view model cobra_staging.chg_enderecos .................. [[32mCREATE VIEW[0m in 0.77s]
[0m06:07:11  5 of 20 START sql view model cobra_staging.chg_pagamentos ...................... [RUN]
[0m06:07:11  6 of 20 START sql view model cobra_staging.chg_telefones ....................... [RUN]
[0m06:07:11  7 of 20 START sql view model cobra_staging.stg_cadastro ........................ [RUN]
[0m06:07:11  8 of 20 START sql view model cobra_staging.stg_dividas ......................... [RUN]
[0m06:07:12  6 of 20 OK created sql view model cobra_staging.chg_telefones .................. [[32mCREATE VIEW[0m in 0.31s]
[0m06:07:12  9 of 20 START sql view model cobra_staging.stg_filiais ......................... [RUN]
[0m06:07:12  8 of 20 OK created sql view model cobra_staging.stg_dividas .................... [[32mCREATE VIEW[0m in 0.33s]
[0m06:07:12  5 of 20 OK created sql view model cobra_staging.chg_pagamentos ................. [[32mCREATE VIEW[0m in 0.35s]
[0m06:07:12  7 of 20 OK created sql view model cobra_staging.stg_cadastro ................... [[32mCREATE VIEW[0m in 0.35s]
[0m06:07:12  10 of 20 START sql view model cobra_staging.stg_pagamentos ..................... [RUN]
[0m06:07:12  11 of 20 START sql view model cobra_staging.stg_processos ...................... [RUN]
[0m06:07:12  12 of 20 START sql incremental model public.dividas ............................ [RUN]
[0m06:07:12  9 of 20 OK created sql view model cobra_staging.stg_filiais .................... [[32mCREATE VIEW[0m in 0.28s]
[0m06:07:12  13 of 20 START sql incremental model public.devedores .......................... [RUN]
[0m06:07:12  11 of 20 OK created sql view model cobra_staging.stg_processos ................. [[32mCREATE VIEW[0m in 0.42s]
[0m06:07:12  10 of 20 OK created sql view model cobra_staging.stg_pagamentos ................ [[32mCREATE VIEW[0m in 0.43s]
[0m06:07:12  14 of 20 START sql incremental model public.emails ............................. [RUN]
[0m06:07:12  15 of 20 START sql incremental model public.enderecos .......................... [RUN]
[0m06:07:13  14 of 20 OK created sql incremental model public.emails ........................ [[32mMERGE 11362[0m in 0.68s]
[0m06:07:13  16 of 20 START sql incremental model public.telefones .......................... [RUN]
[0m06:07:13  13 of 20 OK created sql incremental model public.devedores ..................... [[32mMERGE 25180[0m in 0.99s]
[0m06:07:13  17 of 20 START sql incremental model public.lojas .............................. [RUN]
[0m06:07:13  15 of 20 OK created sql incremental model public.enderecos ..................... [[32mMERGE 25180[0m in 0.88s]
[0m06:07:13  18 of 20 START sql incremental model public.processos .......................... [RUN]
[0m06:07:13  17 of 20 OK created sql incremental model public.lojas ......................... [[32mMERGE 20[0m in 0.25s]
[0m06:07:13  19 of 20 START sql incremental model public.pagamentos ......................... [RUN]
[0m06:07:13  18 of 20 OK created sql incremental model public.processos ..................... [[32mMERGE 301[0m in 0.30s]
[0m06:07:14  16 of 20 OK created sql incremental model public.telefones ..................... [[32mMERGE 24186[0m in 0.94s]
[0m06:07:15  19 of 20 OK created sql incremental model public.pagamentos .................... [[32mMERGE 53608[0m in 1.52s]
[0m06:07:17  12 of 20 OK created sql incremental model public.dividas ....................... [[32mINSERT 0 230545[0m in 5.20s]
[0m06:07:17  20 of 20 START sql incremental model cobra.tb_audit_mudancas ................... [RUN]
[0m06:07:19  20 of 20 OK created sql incremental model cobra.tb_audit_mudancas .............. [[32mINSERT 0 10[0m in 1.85s]
[0m06:07:19  
[0m06:07:19  Finished running 9 incremental models, 11 view models in 0 hours 0 minutes and 9.00 seconds (9.00s).
[0m06:07:19  
[0m06:07:19  [32mCompleted successfully[0m
[0m06:07:19  
[0m06:07:19  Done. PASS=20 WARN=0 ERROR=0 SKIP=0 NO-OP=0 TOTAL=20
sáb 18 jul 2026 03:07:21 -03 - dbt finalizado com código 0
dom 19 jul 2026 03:06:59 -03 - Iniciando dbt run...
[0m06:07:02  Running with dbt=1.12.0-b1
[0m06:07:03  Registered adapter: postgres=1.10.0
[0m06:07:03  Found 20 models, 468 macros
[0m06:07:03  
[0m06:07:03  Concurrency: 4 threads (target='dev')
[0m06:07:03  
[0m06:07:04  1 of 20 START sql view model cobra_staging.chg_devedores ....................... [RUN]
[0m06:07:04  2 of 20 START sql view model cobra_staging.chg_emails .......................... [RUN]
[0m06:07:04  3 of 20 START sql view model cobra_staging.chg_enderecos ....................... [RUN]
[0m06:07:04  4 of 20 START sql view model cobra_staging.chg_lojas ........................... [RUN]
[0m06:07:05  2 of 20 OK created sql view model cobra_staging.chg_emails ..................... [[32mCREATE VIEW[0m in 0.65s]
[0m06:07:05  3 of 20 OK created sql view model cobra_staging.chg_enderecos .................. [[32mCREATE VIEW[0m in 0.65s]
[0m06:07:05  1 of 20 OK created sql view model cobra_staging.chg_devedores .................. [[32mCREATE VIEW[0m in 0.66s]
[0m06:07:05  4 of 20 OK created sql view model cobra_staging.chg_lojas ...................... [[32mCREATE VIEW[0m in 0.66s]
[0m06:07:05  5 of 20 START sql view model cobra_staging.chg_pagamentos ...................... [RUN]
[0m06:07:05  6 of 20 START sql view model cobra_staging.chg_telefones ....................... [RUN]
[0m06:07:05  7 of 20 START sql view model cobra_staging.stg_cadastro ........................ [RUN]
[0m06:07:05  8 of 20 START sql view model cobra_staging.stg_dividas ......................... [RUN]
[0m06:07:05  5 of 20 OK created sql view model cobra_staging.chg_pagamentos ................. [[32mCREATE VIEW[0m in 0.29s]
[0m06:07:05  9 of 20 START sql view model cobra_staging.stg_filiais ......................... [RUN]
[0m06:07:05  8 of 20 OK created sql view model cobra_staging.stg_dividas .................... [[32mCREATE VIEW[0m in 0.31s]
[0m06:07:05  7 of 20 OK created sql view model cobra_staging.stg_cadastro ................... [[32mCREATE VIEW[0m in 0.33s]
[0m06:07:05  10 of 20 START sql view model cobra_staging.stg_pagamentos ..................... [RUN]
[0m06:07:05  11 of 20 START sql view model cobra_staging.stg_processos ...................... [RUN]
[0m06:07:05  6 of 20 OK created sql view model cobra_staging.chg_telefones .................. [[32mCREATE VIEW[0m in 0.38s]
[0m06:07:05  12 of 20 START sql incremental model public.dividas ............................ [RUN]
[0m06:07:05  9 of 20 OK created sql view model cobra_staging.stg_filiais .................... [[32mCREATE VIEW[0m in 0.36s]
[0m06:07:05  13 of 20 START sql incremental model public.devedores .......................... [RUN]
[0m06:07:05  11 of 20 OK created sql view model cobra_staging.stg_processos ................. [[32mCREATE VIEW[0m in 0.33s]
[0m06:07:05  10 of 20 OK created sql view model cobra_staging.stg_pagamentos ................ [[32mCREATE VIEW[0m in 0.33s]
[0m06:07:05  14 of 20 START sql incremental model public.emails ............................. [RUN]
[0m06:07:06  15 of 20 START sql incremental model public.enderecos .......................... [RUN]
[0m06:07:06  14 of 20 OK created sql incremental model public.emails ........................ [[32mMERGE 11346[0m in 0.69s]
[0m06:07:06  16 of 20 START sql incremental model public.telefones .......................... [RUN]
[0m06:07:06  13 of 20 OK created sql incremental model public.devedores ..................... [[32mMERGE 25165[0m in 0.95s]
[0m06:07:06  17 of 20 START sql incremental model public.lojas .............................. [RUN]
[0m06:07:06  15 of 20 OK created sql incremental model public.enderecos ..................... [[32mMERGE 25165[0m in 0.94s]
[0m06:07:06  18 of 20 START sql incremental model public.pagamentos ......................... [RUN]
[0m06:07:07  17 of 20 OK created sql incremental model public.lojas ......................... [[32mMERGE 20[0m in 0.21s]
[0m06:07:07  19 of 20 START sql incremental model public.processos .......................... [RUN]
[0m06:07:07  19 of 20 OK created sql incremental model public.processos ..................... [[32mMERGE 301[0m in 0.20s]
[0m06:07:07  16 of 20 OK created sql incremental model public.telefones ..................... [[32mMERGE 24171[0m in 0.76s]
[0m06:07:08  18 of 20 OK created sql incremental model public.pagamentos .................... [[32mMERGE 53900[0m in 1.63s]
[0m06:07:13  12 of 20 OK created sql incremental model public.dividas ....................... [[32mINSERT 0 230414[0m in 7.63s]
[0m06:07:13  20 of 20 START sql incremental model cobra.tb_audit_mudancas ................... [RUN]
[0m06:07:15  20 of 20 OK created sql incremental model cobra.tb_audit_mudancas .............. [[32mINSERT 0 10[0m in 2.61s]
[0m06:07:15  
[0m06:07:15  Finished running 9 incremental models, 11 view models in 0 hours 0 minutes and 12.12 seconds (12.12s).
[0m06:07:16  
[0m06:07:16  [32mCompleted successfully[0m
[0m06:07:16  
[0m06:07:16  Done. PASS=20 WARN=0 ERROR=0 SKIP=0 NO-OP=0 TOTAL=20
dom 19 jul 2026 03:07:17 -03 - dbt finalizado com código 0
seg 20 jul 2026 03:07:25 -03 - Iniciando dbt run...
[0m06:07:29  Running with dbt=1.12.0-b1
[0m06:07:29  Registered adapter: postgres=1.10.0
[0m06:07:30  Found 20 models, 468 macros
[0m06:07:30  
[0m06:07:30  Concurrency: 4 threads (target='dev')
[0m06:07:30  
[0m06:07:31  1 of 20 START sql view model cobra_staging.chg_devedores ....................... [RUN]
[0m06:07:31  2 of 20 START sql view model cobra_staging.chg_emails .......................... [RUN]
[0m06:07:31  3 of 20 START sql view model cobra_staging.chg_enderecos ....................... [RUN]
[0m06:07:31  4 of 20 START sql view model cobra_staging.chg_lojas ........................... [RUN]
[0m06:07:32  4 of 20 OK created sql view model cobra_staging.chg_lojas ...................... [[32mCREATE VIEW[0m in 0.72s]
[0m06:07:32  3 of 20 OK created sql view model cobra_staging.chg_enderecos .................. [[32mCREATE VIEW[0m in 0.72s]
[0m06:07:32  2 of 20 OK created sql view model cobra_staging.chg_emails ..................... [[32mCREATE VIEW[0m in 0.72s]
[0m06:07:32  1 of 20 OK created sql view model cobra_staging.chg_devedores .................. [[32mCREATE VIEW[0m in 0.72s]
[0m06:07:32  5 of 20 START sql view model cobra_staging.chg_pagamentos ...................... [RUN]
[0m06:07:32  6 of 20 START sql view model cobra_staging.chg_telefones ....................... [RUN]
[0m06:07:32  7 of 20 START sql view model cobra_staging.stg_cadastro ........................ [RUN]
[0m06:07:32  8 of 20 START sql view model cobra_staging.stg_dividas ......................... [RUN]
[0m06:07:32  5 of 20 OK created sql view model cobra_staging.chg_pagamentos ................. [[32mCREATE VIEW[0m in 0.31s]
[0m06:07:32  9 of 20 START sql view model cobra_staging.stg_filiais ......................... [RUN]
[0m06:07:32  7 of 20 OK created sql view model cobra_staging.stg_cadastro ................... [[32mCREATE VIEW[0m in 0.33s]
[0m06:07:32  6 of 20 OK created sql view model cobra_staging.chg_telefones .................. [[32mCREATE VIEW[0m in 0.35s]
[0m06:07:32  8 of 20 OK created sql view model cobra_staging.stg_dividas .................... [[32mCREATE VIEW[0m in 0.35s]
[0m06:07:32  10 of 20 START sql view model cobra_staging.stg_pagamentos ..................... [RUN]
[0m06:07:32  11 of 20 START sql view model cobra_staging.stg_processos ...................... [RUN]
[0m06:07:32  12 of 20 START sql incremental model public.devedores .......................... [RUN]
[0m06:07:32  9 of 20 OK created sql view model cobra_staging.stg_filiais .................... [[32mCREATE VIEW[0m in 0.38s]
[0m06:07:32  10 of 20 OK created sql view model cobra_staging.stg_pagamentos ................ [[32mCREATE VIEW[0m in 0.33s]
[0m06:07:32  13 of 20 START sql incremental model public.emails ............................. [RUN]
[0m06:07:32  14 of 20 START sql incremental model public.enderecos .......................... [RUN]
[0m06:07:32  11 of 20 OK created sql view model cobra_staging.stg_processos ................. [[32mCREATE VIEW[0m in 0.43s]
[0m06:07:32  15 of 20 START sql incremental model public.telefones .......................... [RUN]
[0m06:07:33  13 of 20 OK created sql incremental model public.emails ........................ [[32mMERGE 11813[0m in 0.70s]
[0m06:07:33  16 of 20 START sql incremental model public.dividas ............................ [RUN]
[0m06:07:33  12 of 20 OK created sql incremental model public.devedores ..................... [[32mMERGE 25642[0m in 1.07s]
[0m06:07:33  17 of 20 START sql incremental model public.lojas .............................. [RUN]
[0m06:07:33  14 of 20 OK created sql incremental model public.enderecos ..................... [[32mMERGE 25642[0m in 0.90s]
[0m06:07:33  18 of 20 START sql incremental model public.pagamentos ......................... [RUN]
[0m06:07:33  17 of 20 OK created sql incremental model public.lojas ......................... [[32mMERGE 20[0m in 0.23s]
[0m06:07:33  19 of 20 START sql incremental model public.processos .......................... [RUN]
[0m06:07:33  15 of 20 OK created sql incremental model public.telefones ..................... [[32mMERGE 24648[0m in 0.99s]
[0m06:07:34  19 of 20 OK created sql incremental model public.processos ..................... [[32mMERGE 301[0m in 0.21s]
[0m06:07:35  18 of 20 OK created sql incremental model public.pagamentos .................... [[32mMERGE 53338[0m in 1.93s]
[0m06:07:38  16 of 20 OK created sql incremental model public.dividas ....................... [[32mINSERT 0 234441[0m in 4.91s]
[0m06:07:38  20 of 20 START sql incremental model cobra.tb_audit_mudancas ................... [RUN]
[0m06:07:40  20 of 20 OK created sql incremental model cobra.tb_audit_mudancas .............. [[32mINSERT 0 10[0m in 1.80s]
[0m06:07:40  
[0m06:07:40  Finished running 9 incremental models, 11 view models in 0 hours 0 minutes and 9.68 seconds (9.68s).
[0m06:07:40  
[0m06:07:40  [32mCompleted successfully[0m
[0m06:07:40  
[0m06:07:40  Done. PASS=20 WARN=0 ERROR=0 SKIP=0 NO-OP=0 TOTAL=20
seg 20 jul 2026 03:07:41 -03 - dbt finalizado com código 0
ter 21 jul 2026 03:07:19 -03 - Iniciando dbt run...
[0m06:07:23  Running with dbt=1.12.0-b1
[0m06:07:24  Registered adapter: postgres=1.10.0
[0m06:07:24  Found 20 models, 468 macros
[0m06:07:24  
[0m06:07:24  Concurrency: 4 threads (target='dev')
[0m06:07:24  
[0m06:07:25  1 of 20 START sql view model cobra_staging.chg_devedores ....................... [RUN]
[0m06:07:25  2 of 20 START sql view model cobra_staging.chg_emails .......................... [RUN]
[0m06:07:25  3 of 20 START sql view model cobra_staging.chg_enderecos ....................... [RUN]
[0m06:07:25  4 of 20 START sql view model cobra_staging.chg_lojas ........................... [RUN]
[0m06:07:26  3 of 20 OK created sql view model cobra_staging.chg_enderecos .................. [[32mCREATE VIEW[0m in 0.77s]
[0m06:07:26  4 of 20 OK created sql view model cobra_staging.chg_lojas ...................... [[32mCREATE VIEW[0m in 0.78s]
[0m06:07:26  2 of 20 OK created sql view model cobra_staging.chg_emails ..................... [[32mCREATE VIEW[0m in 0.79s]
[0m06:07:26  1 of 20 OK created sql view model cobra_staging.chg_devedores .................. [[32mCREATE VIEW[0m in 0.79s]
[0m06:07:26  5 of 20 START sql view model cobra_staging.chg_pagamentos ...................... [RUN]
[0m06:07:26  6 of 20 START sql view model cobra_staging.chg_telefones ....................... [RUN]
[0m06:07:26  7 of 20 START sql view model cobra_staging.stg_cadastro ........................ [RUN]
[0m06:07:26  8 of 20 START sql view model cobra_staging.stg_dividas ......................... [RUN]
[0m06:07:26  6 of 20 OK created sql view model cobra_staging.chg_telefones .................. [[32mCREATE VIEW[0m in 0.32s]
[0m06:07:26  5 of 20 OK created sql view model cobra_staging.chg_pagamentos ................. [[32mCREATE VIEW[0m in 0.32s]
[0m06:07:26  9 of 20 START sql view model cobra_staging.stg_filiais ......................... [RUN]
[0m06:07:26  7 of 20 OK created sql view model cobra_staging.stg_cadastro ................... [[32mCREATE VIEW[0m in 0.33s]
[0m06:07:26  10 of 20 START sql view model cobra_staging.stg_pagamentos ..................... [RUN]
[0m06:07:26  8 of 20 OK created sql view model cobra_staging.stg_dividas .................... [[32mCREATE VIEW[0m in 0.33s]
[0m06:07:26  11 of 20 START sql view model cobra_staging.stg_processos ...................... [RUN]
[0m06:07:26  12 of 20 START sql incremental model public.devedores .......................... [RUN]
[0m06:07:27  9 of 20 OK created sql view model cobra_staging.stg_filiais .................... [[32mCREATE VIEW[0m in 0.39s]
[0m06:07:27  10 of 20 OK created sql view model cobra_staging.stg_pagamentos ................ [[32mCREATE VIEW[0m in 0.38s]
[0m06:07:27  13 of 20 START sql incremental model public.emails ............................. [RUN]
[0m06:07:27  14 of 20 START sql incremental model public.enderecos .......................... [RUN]
[0m06:07:27  11 of 20 OK created sql view model cobra_staging.stg_processos ................. [[32mCREATE VIEW[0m in 0.38s]
[0m06:07:27  15 of 20 START sql incremental model public.telefones .......................... [RUN]
[0m06:07:27  13 of 20 OK created sql incremental model public.emails ........................ [[32mMERGE 11654[0m in 0.66s]
[0m06:07:27  16 of 20 START sql incremental model public.dividas ............................ [RUN]
[0m06:07:27  12 of 20 OK created sql incremental model public.devedores ..................... [[32mMERGE 25477[0m in 1.07s]
[0m06:07:27  17 of 20 START sql incremental model public.lojas .............................. [RUN]
[0m06:07:27  14 of 20 OK created sql incremental model public.enderecos ..................... [[32mMERGE 25477[0m in 0.88s]
[0m06:07:27  18 of 20 START sql incremental model public.pagamentos ......................... [RUN]
[0m06:07:28  17 of 20 OK created sql incremental model public.lojas ......................... [[32mMERGE 20[0m in 0.23s]
[0m06:07:28  19 of 20 START sql incremental model public.processos .......................... [RUN]
[0m06:07:28  15 of 20 OK created sql incremental model public.telefones ..................... [[32mMERGE 24483[0m in 0.91s]
[0m06:07:28  19 of 20 OK created sql incremental model public.processos ..................... [[32mMERGE 306[0m in 0.20s]
[0m06:07:29  18 of 20 OK created sql incremental model public.pagamentos .................... [[32mMERGE 53822[0m in 1.78s]
[0m06:07:32  16 of 20 OK created sql incremental model public.dividas ....................... [[32mINSERT 0 233015[0m in 4.74s]
[0m06:07:32  20 of 20 START sql incremental model cobra.tb_audit_mudancas ................... [RUN]
[0m06:07:34  20 of 20 OK created sql incremental model cobra.tb_audit_mudancas .............. [[32mINSERT 0 10[0m in 1.99s]
[0m06:07:34  
[0m06:07:34  Finished running 9 incremental models, 11 view models in 0 hours 0 minutes and 9.77 seconds (9.77s).
[0m06:07:34  
[0m06:07:34  [32mCompleted successfully[0m
[0m06:07:34  
[0m06:07:34  Done. PASS=20 WARN=0 ERROR=0 SKIP=0 NO-OP=0 TOTAL=20
ter 21 jul 2026 03:07:36 -03 - dbt finalizado com código 0
qua 22 jul 2026 03:07:13 -03 - Iniciando dbt run...
[0m06:07:18  Running with dbt=1.12.0-b1
[0m06:07:18  Registered adapter: postgres=1.10.0
[0m06:07:19  Found 20 models, 468 macros
[0m06:07:19  
[0m06:07:19  Concurrency: 4 threads (target='dev')
[0m06:07:19  
[0m06:07:20  1 of 20 START sql view model cobra_staging.chg_devedores ....................... [RUN]
[0m06:07:20  2 of 20 START sql view model cobra_staging.chg_emails .......................... [RUN]
[0m06:07:20  3 of 20 START sql view model cobra_staging.chg_enderecos ....................... [RUN]
[0m06:07:20  4 of 20 START sql view model cobra_staging.chg_lojas ........................... [RUN]
[0m06:07:21  4 of 20 OK created sql view model cobra_staging.chg_lojas ...................... [[32mCREATE VIEW[0m in 0.82s]
[0m06:07:21  1 of 20 OK created sql view model cobra_staging.chg_devedores .................. [[32mCREATE VIEW[0m in 0.82s]
[0m06:07:21  3 of 20 OK created sql view model cobra_staging.chg_enderecos .................. [[32mCREATE VIEW[0m in 0.83s]
[0m06:07:21  2 of 20 OK created sql view model cobra_staging.chg_emails ..................... [[32mCREATE VIEW[0m in 0.84s]
[0m06:07:21  5 of 20 START sql view model cobra_staging.chg_pagamentos ...................... [RUN]
[0m06:07:21  6 of 20 START sql view model cobra_staging.chg_telefones ....................... [RUN]
[0m06:07:21  7 of 20 START sql view model cobra_staging.stg_cadastro ........................ [RUN]
[0m06:07:21  8 of 20 START sql view model cobra_staging.stg_dividas ......................... [RUN]
[0m06:07:21  5 of 20 OK created sql view model cobra_staging.chg_pagamentos ................. [[32mCREATE VIEW[0m in 0.32s]
[0m06:07:21  6 of 20 OK created sql view model cobra_staging.chg_telefones .................. [[32mCREATE VIEW[0m in 0.33s]
[0m06:07:21  9 of 20 START sql view model cobra_staging.stg_filiais ......................... [RUN]
[0m06:07:21  7 of 20 OK created sql view model cobra_staging.stg_cadastro ................... [[32mCREATE VIEW[0m in 0.33s]
[0m06:07:21  8 of 20 OK created sql view model cobra_staging.stg_dividas .................... [[32mCREATE VIEW[0m in 0.33s]
[0m06:07:21  10 of 20 START sql view model cobra_staging.stg_pagamentos ..................... [RUN]
[0m06:07:21  11 of 20 START sql view model cobra_staging.stg_processos ...................... [RUN]
[0m06:07:21  12 of 20 START sql incremental model public.devedores .......................... [RUN]
[0m06:07:22  9 of 20 OK created sql view model cobra_staging.stg_filiais .................... [[32mCREATE VIEW[0m in 0.36s]
[0m06:07:22  13 of 20 START sql incremental model public.emails ............................. [RUN]
[0m06:07:22  10 of 20 OK created sql view model cobra_staging.stg_pagamentos ................ [[32mCREATE VIEW[0m in 0.37s]
[0m06:07:22  11 of 20 OK created sql view model cobra_staging.stg_processos ................. [[32mCREATE VIEW[0m in 0.38s]
[0m06:07:22  14 of 20 START sql incremental model public.enderecos .......................... [RUN]
[0m06:07:22  15 of 20 START sql incremental model public.telefones .......................... [RUN]
[0m06:07:22  13 of 20 OK created sql incremental model public.emails ........................ [[32mMERGE 11526[0m in 0.59s]
[0m06:07:22  16 of 20 START sql incremental model public.dividas ............................ [RUN]
[0m06:07:22  12 of 20 OK created sql incremental model public.devedores ..................... [[32mMERGE 25346[0m in 1.06s]
[0m06:07:22  17 of 20 START sql incremental model public.lojas .............................. [RUN]
[0m06:07:22  14 of 20 OK created sql incremental model public.enderecos ..................... [[32mMERGE 25346[0m in 0.86s]
[0m06:07:22  18 of 20 START sql incremental model public.pagamentos ......................... [RUN]
[0m06:07:23  17 of 20 OK created sql incremental model public.lojas ......................... [[32mMERGE 20[0m in 0.22s]
[0m06:07:23  19 of 20 START sql incremental model public.processos .......................... [RUN]
[0m06:07:23  15 of 20 OK created sql incremental model public.telefones ..................... [[32mMERGE 24351[0m in 1.06s]
[0m06:07:23  19 of 20 OK created sql incremental model public.processos ..................... [[32mMERGE 308[0m in 0.20s]
[0m06:07:24  18 of 20 OK created sql incremental model public.pagamentos .................... [[32mMERGE 53944[0m in 1.67s]
[0m06:07:27  16 of 20 OK created sql incremental model public.dividas ....................... [[32mINSERT 0 232017[0m in 5.23s]
[0m06:07:27  20 of 20 START sql incremental model cobra.tb_audit_mudancas ................... [RUN]
[0m06:07:29  20 of 20 OK created sql incremental model cobra.tb_audit_mudancas .............. [[32mINSERT 0 10[0m in 1.93s]
[0m06:07:29  
[0m06:07:29  Finished running 9 incremental models, 11 view models in 0 hours 0 minutes and 10.15 seconds (10.15s).
[0m06:07:30  
[0m06:07:30  [32mCompleted successfully[0m
[0m06:07:30  
[0m06:07:30  Done. PASS=20 WARN=0 ERROR=0 SKIP=0 NO-OP=0 TOTAL=20
qua 22 jul 2026 03:07:31 -03 - dbt finalizado com código 0
qui 23 jul 2026 03:07:09 -03 - Iniciando dbt run...
[0m06:07:13  Running with dbt=1.12.0-b1
[0m06:07:13  Registered adapter: postgres=1.10.0
[0m06:07:14  Found 20 models, 468 macros
[0m06:07:14  
[0m06:07:14  Concurrency: 4 threads (target='dev')
[0m06:07:14  
[0m06:07:15  1 of 20 START sql view model cobra_staging.chg_devedores ....................... [RUN]
[0m06:07:15  2 of 20 START sql view model cobra_staging.chg_emails .......................... [RUN]
[0m06:07:15  3 of 20 START sql view model cobra_staging.chg_enderecos ....................... [RUN]
[0m06:07:15  4 of 20 START sql view model cobra_staging.chg_lojas ........................... [RUN]
[0m06:07:15  3 of 20 OK created sql view model cobra_staging.chg_enderecos .................. [[32mCREATE VIEW[0m in 0.75s]
[0m06:07:15  1 of 20 OK created sql view model cobra_staging.chg_devedores .................. [[32mCREATE VIEW[0m in 0.76s]
[0m06:07:15  5 of 20 START sql view model cobra_staging.chg_pagamentos ...................... [RUN]
[0m06:07:15  4 of 20 OK created sql view model cobra_staging.chg_lojas ...................... [[32mCREATE VIEW[0m in 0.78s]
[0m06:07:15  2 of 20 OK created sql view model cobra_staging.chg_emails ..................... [[32mCREATE VIEW[0m in 0.78s]
[0m06:07:15  6 of 20 START sql view model cobra_staging.chg_telefones ....................... [RUN]
[0m06:07:15  7 of 20 START sql view model cobra_staging.stg_cadastro ........................ [RUN]
[0m06:07:15  8 of 20 START sql view model cobra_staging.stg_dividas ......................... [RUN]
[0m06:07:16  5 of 20 OK created sql view model cobra_staging.chg_pagamentos ................. [[32mCREATE VIEW[0m in 0.32s]
[0m06:07:16  9 of 20 START sql view model cobra_staging.stg_filiais ......................... [RUN]
[0m06:07:16  6 of 20 OK created sql view model cobra_staging.chg_telefones .................. [[32mCREATE VIEW[0m in 0.33s]
[0m06:07:16  8 of 20 OK created sql view model cobra_staging.stg_dividas .................... [[32mCREATE VIEW[0m in 0.32s]
[0m06:07:16  7 of 20 OK created sql view model cobra_staging.stg_cadastro ................... [[32mCREATE VIEW[0m in 0.33s]
[0m06:07:16  10 of 20 START sql view model cobra_staging.stg_pagamentos ..................... [RUN]
[0m06:07:16  11 of 20 START sql view model cobra_staging.stg_processos ...................... [RUN]
[0m06:07:16  12 of 20 START sql incremental model public.devedores .......................... [RUN]
[0m06:07:16  11 of 20 OK created sql view model cobra_staging.stg_processos ................. [[32mCREATE VIEW[0m in 0.35s]
[0m06:07:16  9 of 20 OK created sql view model cobra_staging.stg_filiais .................... [[32mCREATE VIEW[0m in 0.40s]
[0m06:07:16  10 of 20 OK created sql view model cobra_staging.stg_pagamentos ................ [[32mCREATE VIEW[0m in 0.36s]
[0m06:07:16  13 of 20 START sql incremental model public.dividas ............................ [RUN]
[0m06:07:16  14 of 20 START sql incremental model public.emails ............................. [RUN]
[0m06:07:16  15 of 20 START sql incremental model public.enderecos .......................... [RUN]
[0m06:07:17  14 of 20 OK created sql incremental model public.emails ........................ [[32mMERGE 11483[0m in 0.67s]
[0m06:07:17  16 of 20 START sql incremental model public.telefones .......................... [RUN]
[0m06:07:17  12 of 20 OK created sql incremental model public.devedores ..................... [[32mMERGE 25297[0m in 1.11s]
[0m06:07:17  17 of 20 START sql incremental model public.processos .......................... [RUN]
[0m06:07:17  15 of 20 OK created sql incremental model public.enderecos ..................... [[32mMERGE 25297[0m in 0.89s]
[0m06:07:17  18 of 20 START sql incremental model public.lojas .............................. [RUN]
[0m06:07:17  17 of 20 OK created sql incremental model public.processos ..................... [[32mMERGE 310[0m in 0.27s]
[0m06:07:17  19 of 20 START sql incremental model public.pagamentos ......................... [RUN]
[0m06:07:17  18 of 20 OK created sql incremental model public.lojas ......................... [[32mMERGE 20[0m in 0.23s]
[0m06:07:18  16 of 20 OK created sql incremental model public.telefones ..................... [[32mMERGE 24304[0m in 0.95s]
[0m06:07:19  19 of 20 OK created sql incremental model public.pagamentos .................... [[32mMERGE 53991[0m in 1.56s]
[0m06:07:21  13 of 20 OK created sql incremental model public.dividas ....................... [[32mINSERT 0 231649[0m in 5.06s]
[0m06:07:21  20 of 20 START sql incremental model cobra.tb_audit_mudancas ................... [RUN]
[0m06:07:23  20 of 20 OK created sql incremental model cobra.tb_audit_mudancas .............. [[32mINSERT 0 10[0m in 1.99s]
[0m06:07:23  
[0m06:07:23  Finished running 9 incremental models, 11 view models in 0 hours 0 minutes and 9.35 seconds (9.35s).
[0m06:07:23  
[0m06:07:23  [32mCompleted successfully[0m
[0m06:07:23  
[0m06:07:23  Done. PASS=20 WARN=0 ERROR=0 SKIP=0 NO-OP=0 TOTAL=20
qui 23 jul 2026 03:07:25 -03 - dbt finalizado com código 0
sex 24 jul 2026 03:07:03 -03 - Iniciando dbt run...
[0m06:07:07  Running with dbt=1.12.0-b1
[0m06:07:07  Registered adapter: postgres=1.10.0
[0m06:07:08  Found 20 models, 468 macros
[0m06:07:08  
[0m06:07:08  Concurrency: 4 threads (target='dev')
[0m06:07:08  
[0m06:07:08  1 of 20 START sql view model cobra_staging.chg_devedores ....................... [RUN]
[0m06:07:08  2 of 20 START sql view model cobra_staging.chg_emails .......................... [RUN]
[0m06:07:08  3 of 20 START sql view model cobra_staging.chg_enderecos ....................... [RUN]
[0m06:07:08  4 of 20 START sql view model cobra_staging.chg_lojas ........................... [RUN]
[0m06:07:09  2 of 20 OK created sql view model cobra_staging.chg_emails ..................... [[32mCREATE VIEW[0m in 0.85s]
[0m06:07:09  3 of 20 OK created sql view model cobra_staging.chg_enderecos .................. [[32mCREATE VIEW[0m in 0.85s]
[0m06:07:09  1 of 20 OK created sql view model cobra_staging.chg_devedores .................. [[32mCREATE VIEW[0m in 0.86s]
[0m06:07:09  4 of 20 OK created sql view model cobra_staging.chg_lojas ...................... [[32mCREATE VIEW[0m in 0.86s]
[0m06:07:09  5 of 20 START sql view model cobra_staging.chg_pagamentos ...................... [RUN]
[0m06:07:09  6 of 20 START sql view model cobra_staging.chg_telefones ....................... [RUN]
[0m06:07:09  7 of 20 START sql view model cobra_staging.stg_cadastro ........................ [RUN]
[0m06:07:09  8 of 20 START sql view model cobra_staging.stg_dividas ......................... [RUN]
[0m06:07:10  5 of 20 OK created sql view model cobra_staging.chg_pagamentos ................. [[32mCREATE VIEW[0m in 0.32s]
[0m06:07:10  9 of 20 START sql view model cobra_staging.stg_filiais ......................... [RUN]
[0m06:07:10  6 of 20 OK created sql view model cobra_staging.chg_telefones .................. [[32mCREATE VIEW[0m in 0.35s]
[0m06:07:10  8 of 20 OK created sql view model cobra_staging.stg_dividas .................... [[32mCREATE VIEW[0m in 0.35s]
[0m06:07:10  7 of 20 OK created sql view model cobra_staging.stg_cadastro ................... [[32mCREATE VIEW[0m in 0.35s]
[0m06:07:10  10 of 20 START sql view model cobra_staging.stg_pagamentos ..................... [RUN]
[0m06:07:10  11 of 20 START sql view model cobra_staging.stg_processos ...................... [RUN]
[0m06:07:10  12 of 20 START sql incremental model public.dividas ............................ [RUN]
[0m06:07:10  9 of 20 OK created sql view model cobra_staging.stg_filiais .................... [[32mCREATE VIEW[0m in 0.28s]
[0m06:07:10  13 of 20 START sql incremental model public.devedores .......................... [RUN]
[0m06:07:10  11 of 20 OK created sql view model cobra_staging.stg_processos ................. [[32mCREATE VIEW[0m in 0.42s]
[0m06:07:10  14 of 20 START sql incremental model public.emails ............................. [RUN]
[0m06:07:10  10 of 20 OK created sql view model cobra_staging.stg_pagamentos ................ [[32mCREATE VIEW[0m in 0.44s]
[0m06:07:10  15 of 20 START sql incremental model public.enderecos .......................... [RUN]
[0m06:07:11  14 of 20 OK created sql incremental model public.emails ........................ [[32mMERGE 11412[0m in 0.66s]
[0m06:07:11  16 of 20 START sql incremental model public.telefones .......................... [RUN]
[0m06:07:11  13 of 20 OK created sql incremental model public.devedores ..................... [[32mMERGE 25223[0m in 1.01s]
[0m06:07:11  17 of 20 START sql incremental model public.lojas .............................. [RUN]
[0m06:07:11  15 of 20 OK created sql incremental model public.enderecos ..................... [[32mMERGE 25223[0m in 0.97s]
[0m06:07:11  18 of 20 START sql incremental model public.processos .......................... [RUN]
[0m06:07:11  17 of 20 OK created sql incremental model public.lojas ......................... [[32mMERGE 20[0m in 0.26s]
[0m06:07:11  19 of 20 START sql incremental model public.pagamentos ......................... [RUN]
[0m06:07:11  18 of 20 OK created sql incremental model public.processos ..................... [[32mMERGE 310[0m in 0.25s]
[0m06:07:12  16 of 20 OK created sql incremental model public.telefones ..................... [[32mMERGE 24230[0m in 0.93s]
[0m06:07:13  19 of 20 OK created sql incremental model public.pagamentos .................... [[32mMERGE 53908[0m in 1.72s]
[0m06:07:15  12 of 20 OK created sql incremental model public.dividas ....................... [[32mINSERT 0 231179[0m in 5.61s]
[0m06:07:15  20 of 20 START sql incremental model cobra.tb_audit_mudancas ................... [RUN]
[0m06:07:17  20 of 20 OK created sql incremental model cobra.tb_audit_mudancas .............. [[32mINSERT 0 10[0m in 1.96s]
[0m06:07:17  
[0m06:07:17  Finished running 9 incremental models, 11 view models in 0 hours 0 minutes and 9.56 seconds (9.56s).
[0m06:07:18  
[0m06:07:18  [32mCompleted successfully[0m
[0m06:07:18  
[0m06:07:18  Done. PASS=20 WARN=0 ERROR=0 SKIP=0 NO-OP=0 TOTAL=20
sex 24 jul 2026 03:07:19 -03 - dbt finalizado com código 0
sáb 25 jul 2026 03:07:57 -03 - Iniciando dbt run...
[0m06:08:02  Running with dbt=1.12.0-b1
[0m06:08:02  Registered adapter: postgres=1.10.0
[0m06:08:03  Found 20 models, 468 macros
[0m06:08:03  
[0m06:08:03  Concurrency: 4 threads (target='dev')
[0m06:08:03  
[0m06:08:04  1 of 20 START sql view model cobra_staging.chg_devedores ....................... [RUN]
[0m06:08:04  2 of 20 START sql view model cobra_staging.chg_emails .......................... [RUN]
[0m06:08:04  3 of 20 START sql view model cobra_staging.chg_enderecos ....................... [RUN]
[0m06:08:04  4 of 20 START sql view model cobra_staging.chg_lojas ........................... [RUN]
[0m06:08:04  1 of 20 OK created sql view model cobra_staging.chg_devedores .................. [[32mCREATE VIEW[0m in 0.72s]
[0m06:08:04  2 of 20 OK created sql view model cobra_staging.chg_emails ..................... [[32mCREATE VIEW[0m in 0.73s]
[0m06:08:04  4 of 20 OK created sql view model cobra_staging.chg_lojas ...................... [[32mCREATE VIEW[0m in 0.73s]
[0m06:08:04  3 of 20 OK created sql view model cobra_staging.chg_enderecos .................. [[32mCREATE VIEW[0m in 0.74s]
[0m06:08:04  5 of 20 START sql view model cobra_staging.chg_pagamentos ...................... [RUN]
[0m06:08:04  6 of 20 START sql view model cobra_staging.chg_telefones ....................... [RUN]
[0m06:08:04  7 of 20 START sql view model cobra_staging.stg_cadastro ........................ [RUN]
[0m06:08:04  8 of 20 START sql view model cobra_staging.stg_dividas ......................... [RUN]
[0m06:08:05  8 of 20 OK created sql view model cobra_staging.stg_dividas .................... [[32mCREATE VIEW[0m in 0.30s]
[0m06:08:05  5 of 20 OK created sql view model cobra_staging.chg_pagamentos ................. [[32mCREATE VIEW[0m in 0.32s]
[0m06:08:05  9 of 20 START sql view model cobra_staging.stg_filiais ......................... [RUN]
[0m06:08:05  10 of 20 START sql view model cobra_staging.stg_pagamentos ..................... [RUN]
[0m06:08:05  7 of 20 OK created sql view model cobra_staging.stg_cadastro ................... [[32mCREATE VIEW[0m in 0.34s]
[0m06:08:05  6 of 20 OK created sql view model cobra_staging.chg_telefones .................. [[32mCREATE VIEW[0m in 0.34s]
[0m06:08:05  11 of 20 START sql view model cobra_staging.stg_processos ...................... [RUN]
[0m06:08:05  12 of 20 START sql incremental model public.dividas ............................ [RUN]
[0m06:08:05  9 of 20 OK created sql view model cobra_staging.stg_filiais .................... [[32mCREATE VIEW[0m in 0.34s]
[0m06:08:05  10 of 20 OK created sql view model cobra_staging.stg_pagamentos ................ [[32mCREATE VIEW[0m in 0.32s]
[0m06:08:05  13 of 20 START sql incremental model public.devedores .......................... [RUN]
[0m06:08:05  14 of 20 START sql incremental model public.emails ............................. [RUN]
[0m06:08:05  11 of 20 OK created sql view model cobra_staging.stg_processos ................. [[32mCREATE VIEW[0m in 0.45s]
[0m06:08:05  15 of 20 START sql incremental model public.enderecos .......................... [RUN]
[0m06:08:06  14 of 20 OK created sql incremental model public.emails ........................ [[32mMERGE 11923[0m in 1.05s]
[0m06:08:06  16 of 20 START sql incremental model public.telefones .......................... [RUN]
[0m06:08:07  13 of 20 OK created sql incremental model public.devedores ..................... [[32mMERGE 25751[0m in 1.35s]
[0m06:08:07  17 of 20 START sql incremental model public.lojas .............................. [RUN]
[0m06:08:07  15 of 20 OK created sql incremental model public.enderecos ..................... [[32mMERGE 25751[0m in 1.25s]
[0m06:08:07  18 of 20 START sql incremental model public.pagamentos ......................... [RUN]
[0m06:08:07  17 of 20 OK created sql incremental model public.lojas ......................... [[32mMERGE 20[0m in 0.22s]
[0m06:08:07  19 of 20 START sql incremental model public.processos .......................... [RUN]
[0m06:08:07  19 of 20 OK created sql incremental model public.processos ..................... [[32mMERGE 310[0m in 0.20s]
[0m06:08:07  16 of 20 OK created sql incremental model public.telefones ..................... [[32mMERGE 24759[0m in 0.85s]
[0m06:08:08  18 of 20 OK created sql incremental model public.pagamentos .................... [[32mMERGE 54138[0m in 1.63s]
[0m06:08:10  12 of 20 OK created sql incremental model public.dividas ....................... [[32mINSERT 0 235762[0m in 5.51s]
[0m06:08:10  20 of 20 START sql incremental model cobra.tb_audit_mudancas ................... [RUN]
[0m06:08:12  20 of 20 OK created sql incremental model cobra.tb_audit_mudancas .............. [[32mINSERT 0 10[0m in 1.94s]
[0m06:08:12  
[0m06:08:12  Finished running 9 incremental models, 11 view models in 0 hours 0 minutes and 9.44 seconds (9.44s).
[0m06:08:13  
[0m06:08:13  [32mCompleted successfully[0m
[0m06:08:13  
[0m06:08:13  Done. PASS=20 WARN=0 ERROR=0 SKIP=0 NO-OP=0 TOTAL=20
sáb 25 jul 2026 03:08:14 -03 - dbt finalizado com código 0
dom 26 jul 2026 03:07:16 -03 - Iniciando dbt run...
[0m06:07:19  Running with dbt=1.12.0-b1
[0m06:07:20  Registered adapter: postgres=1.10.0
[0m06:07:21  Found 20 models, 468 macros
[0m06:07:21  
[0m06:07:21  Concurrency: 4 threads (target='dev')
[0m06:07:21  
[0m06:07:21  1 of 20 START sql view model cobra_staging.chg_devedores ....................... [RUN]
[0m06:07:21  2 of 20 START sql view model cobra_staging.chg_emails .......................... [RUN]
[0m06:07:21  3 of 20 START sql view model cobra_staging.chg_enderecos ....................... [RUN]
[0m06:07:21  4 of 20 START sql view model cobra_staging.chg_lojas ........................... [RUN]
[0m06:07:22  4 of 20 OK created sql view model cobra_staging.chg_lojas ...................... [[32mCREATE VIEW[0m in 0.59s]
[0m06:07:22  1 of 20 OK created sql view model cobra_staging.chg_devedores .................. [[32mCREATE VIEW[0m in 0.62s]
[0m06:07:22  2 of 20 OK created sql view model cobra_staging.chg_emails ..................... [[32mCREATE VIEW[0m in 0.61s]
[0m06:07:22  3 of 20 OK created sql view model cobra_staging.chg_enderecos .................. [[32mCREATE VIEW[0m in 0.62s]
[0m06:07:22  5 of 20 START sql view model cobra_staging.chg_pagamentos ...................... [RUN]
[0m06:07:22  6 of 20 START sql view model cobra_staging.chg_telefones ....................... [RUN]
[0m06:07:22  7 of 20 START sql view model cobra_staging.stg_cadastro ........................ [RUN]
[0m06:07:22  8 of 20 START sql view model cobra_staging.stg_dividas ......................... [RUN]
[0m06:07:22  5 of 20 OK created sql view model cobra_staging.chg_pagamentos ................. [[32mCREATE VIEW[0m in 0.31s]
[0m06:07:22  9 of 20 START sql view model cobra_staging.stg_filiais ......................... [RUN]
[0m06:07:22  7 of 20 OK created sql view model cobra_staging.stg_cadastro ................... [[32mCREATE VIEW[0m in 0.34s]
[0m06:07:22  8 of 20 OK created sql view model cobra_staging.stg_dividas .................... [[32mCREATE VIEW[0m in 0.34s]
[0m06:07:22  6 of 20 OK created sql view model cobra_staging.chg_telefones .................. [[32mCREATE VIEW[0m in 0.35s]
[0m06:07:22  10 of 20 START sql view model cobra_staging.stg_pagamentos ..................... [RUN]
[0m06:07:22  11 of 20 START sql view model cobra_staging.stg_processos ...................... [RUN]
[0m06:07:22  12 of 20 START sql incremental model public.devedores .......................... [RUN]
[0m06:07:23  9 of 20 OK created sql view model cobra_staging.stg_filiais .................... [[32mCREATE VIEW[0m in 0.38s]
[0m06:07:23  11 of 20 OK created sql view model cobra_staging.stg_processos ................. [[32mCREATE VIEW[0m in 0.32s]
[0m06:07:23  13 of 20 START sql incremental model public.emails ............................. [RUN]
[0m06:07:23  14 of 20 START sql incremental model public.enderecos .......................... [RUN]
[0m06:07:23  10 of 20 OK created sql view model cobra_staging.stg_pagamentos ................ [[32mCREATE VIEW[0m in 0.43s]
[0m06:07:23  15 of 20 START sql incremental model public.telefones .......................... [RUN]
[0m06:07:23  13 of 20 OK created sql incremental model public.emails ........................ [[32mMERGE 11852[0m in 0.64s]
[0m06:07:23  16 of 20 START sql incremental model public.dividas ............................ [RUN]
[0m06:07:23  12 of 20 OK created sql incremental model public.devedores ..................... [[32mMERGE 25678[0m in 1.03s]
[0m06:07:23  17 of 20 START sql incremental model public.lojas .............................. [RUN]
[0m06:07:24  14 of 20 OK created sql incremental model public.enderecos ..................... [[32mMERGE 25678[0m in 0.83s]
[0m06:07:24  18 of 20 START sql incremental model public.processos .......................... [RUN]
[0m06:07:24  17 of 20 OK created sql incremental model public.lojas ......................... [[32mMERGE 20[0m in 0.21s]
[0m06:07:24  19 of 20 START sql incremental model public.pagamentos ......................... [RUN]
[0m06:07:24  15 of 20 OK created sql incremental model public.telefones ..................... [[32mMERGE 24686[0m in 0.90s]
[0m06:07:24  18 of 20 OK created sql incremental model public.processos ..................... [[32mMERGE 310[0m in 0.21s]
[0m06:07:25  19 of 20 OK created sql incremental model public.pagamentos .................... [[32mMERGE 54680[0m in 1.71s]
[0m06:07:31  16 of 20 OK created sql incremental model public.dividas ....................... [[32mINSERT 0 235238[0m in 7.83s]
[0m06:07:31  20 of 20 START sql incremental model cobra.tb_audit_mudancas ................... [RUN]
[0m06:07:34  20 of 20 OK created sql incremental model cobra.tb_audit_mudancas .............. [[32mINSERT 0 10[0m in 2.58s]
[0m06:07:34  
[0m06:07:34  Finished running 9 incremental models, 11 view models in 0 hours 0 minutes and 13.20 seconds (13.20s).
[0m06:07:34  
[0m06:07:34  [32mCompleted successfully[0m
[0m06:07:34  
[0m06:07:34  Done. PASS=20 WARN=0 ERROR=0 SKIP=0 NO-OP=0 TOTAL=20
dom 26 jul 2026 03:07:36 -03 - dbt finalizado com código 0
seg 27 jul 2026 03:08:00 -03 - Iniciando dbt run...
[0m06:08:05  Running with dbt=1.12.0-b1
[0m06:08:06  Registered adapter: postgres=1.10.0
[0m06:08:07  Found 20 models, 468 macros
[0m06:08:07  
[0m06:08:07  Concurrency: 4 threads (target='dev')
[0m06:08:07  
[0m06:08:08  1 of 20 START sql view model cobra_staging.chg_devedores ....................... [RUN]
[0m06:08:08  2 of 20 START sql view model cobra_staging.chg_emails .......................... [RUN]
[0m06:08:08  3 of 20 START sql view model cobra_staging.chg_enderecos ....................... [RUN]
[0m06:08:08  4 of 20 START sql view model cobra_staging.chg_lojas ........................... [RUN]
[0m06:08:08  2 of 20 OK created sql view model cobra_staging.chg_emails ..................... [[32mCREATE VIEW[0m in 0.59s]
[0m06:08:08  3 of 20 OK created sql view model cobra_staging.chg_enderecos .................. [[32mCREATE VIEW[0m in 0.59s]
[0m06:08:08  4 of 20 OK created sql view model cobra_staging.chg_lojas ...................... [[32mCREATE VIEW[0m in 0.60s]
[0m06:08:08  1 of 20 OK created sql view model cobra_staging.chg_devedores .................. [[32mCREATE VIEW[0m in 0.60s]
[0m06:08:08  5 of 20 START sql view model cobra_staging.chg_pagamentos ...................... [RUN]
[0m06:08:08  6 of 20 START sql view model cobra_staging.chg_telefones ....................... [RUN]
[0m06:08:08  7 of 20 START sql view model cobra_staging.stg_cadastro ........................ [RUN]
[0m06:08:08  8 of 20 START sql view model cobra_staging.stg_dividas ......................... [RUN]
[0m06:08:08  5 of 20 OK created sql view model cobra_staging.chg_pagamentos ................. [[32mCREATE VIEW[0m in 0.31s]
[0m06:08:08  9 of 20 START sql view model cobra_staging.stg_filiais ......................... [RUN]
[0m06:08:08  6 of 20 OK created sql view model cobra_staging.chg_telefones .................. [[32mCREATE VIEW[0m in 0.33s]
[0m06:08:09  7 of 20 OK created sql view model cobra_staging.stg_cadastro ................... [[32mCREATE VIEW[0m in 0.34s]
[0m06:08:09  8 of 20 OK created sql view model cobra_staging.stg_dividas .................... [[32mCREATE VIEW[0m in 0.34s]
[0m06:08:09  10 of 20 START sql view model cobra_staging.stg_pagamentos ..................... [RUN]
[0m06:08:09  11 of 20 START sql view model cobra_staging.stg_processos ...................... [RUN]
[0m06:08:09  12 of 20 START sql incremental model public.devedores .......................... [RUN]
[0m06:08:09  9 of 20 OK created sql view model cobra_staging.stg_filiais .................... [[32mCREATE VIEW[0m in 0.30s]
[0m06:08:09  13 of 20 START sql incremental model public.dividas ............................ [RUN]
[0m06:08:09  11 of 20 OK created sql view model cobra_staging.stg_processos ................. [[32mCREATE VIEW[0m in 0.39s]
[0m06:08:09  10 of 20 OK created sql view model cobra_staging.stg_pagamentos ................ [[32mCREATE VIEW[0m in 0.41s]
[0m06:08:09  14 of 20 START sql incremental model public.emails ............................. [RUN]
[0m06:08:09  15 of 20 START sql incremental model public.enderecos .......................... [RUN]
[0m06:08:10  14 of 20 OK created sql incremental model public.emails ........................ [[32mMERGE 12034[0m in 0.67s]
[0m06:08:10  16 of 20 START sql incremental model public.telefones .......................... [RUN]
[0m06:08:10  12 of 20 OK created sql incremental model public.devedores ..................... [[32mMERGE 25861[0m in 1.16s]
[0m06:08:10  17 of 20 START sql incremental model public.lojas .............................. [RUN]
[0m06:08:10  15 of 20 OK created sql incremental model public.enderecos ..................... [[32mMERGE 25861[0m in 0.92s]
[0m06:08:10  18 of 20 START sql incremental model public.processos .......................... [RUN]
[0m06:08:10  17 of 20 OK created sql incremental model public.lojas ......................... [[32mMERGE 20[0m in 0.27s]
[0m06:08:10  19 of 20 START sql incremental model public.pagamentos ......................... [RUN]
[0m06:08:10  18 of 20 OK created sql incremental model public.processos ..................... [[32mMERGE 310[0m in 0.24s]
[0m06:08:11  16 of 20 OK created sql incremental model public.telefones ..................... [[32mMERGE 24869[0m in 0.99s]
[0m06:08:12  19 of 20 OK created sql incremental model public.pagamentos .................... [[32mMERGE 53711[0m in 1.55s]
[0m06:08:14  13 of 20 OK created sql incremental model public.dividas ....................... [[32mINSERT 0 236640[0m in 5.33s]
[0m06:08:14  20 of 20 START sql incremental model cobra.tb_audit_mudancas ................... [RUN]
[0m06:08:16  20 of 20 OK created sql incremental model cobra.tb_audit_mudancas .............. [[32mINSERT 0 10[0m in 2.19s]
[0m06:08:16  
[0m06:08:16  Finished running 9 incremental models, 11 view models in 0 hours 0 minutes and 9.58 seconds (9.58s).
[0m06:08:17  
[0m06:08:17  [32mCompleted successfully[0m
[0m06:08:17  
[0m06:08:17  Done. PASS=20 WARN=0 ERROR=0 SKIP=0 NO-OP=0 TOTAL=20
seg 27 jul 2026 03:08:18 -03 - dbt finalizado com código 0
ter 28 jul 2026 03:10:22 -03 - Iniciando dbt run...
[0m06:10:25  Running with dbt=1.12.0-b1
[0m06:10:26  Registered adapter: postgres=1.10.0
[0m06:10:27  Found 20 models, 468 macros
[0m06:10:27  
[0m06:10:27  Concurrency: 4 threads (target='dev')
[0m06:10:27  
[0m06:10:27  1 of 20 START sql view model cobra_staging.chg_devedores ....................... [RUN]
[0m06:10:27  2 of 20 START sql view model cobra_staging.chg_emails .......................... [RUN]
[0m06:10:27  3 of 20 START sql view model cobra_staging.chg_enderecos ....................... [RUN]
[0m06:10:27  4 of 20 START sql view model cobra_staging.chg_lojas ........................... [RUN]
[0m06:10:28  3 of 20 OK created sql view model cobra_staging.chg_enderecos .................. [[32mCREATE VIEW[0m in 0.77s]
[0m06:10:28  1 of 20 OK created sql view model cobra_staging.chg_devedores .................. [[32mCREATE VIEW[0m in 0.78s]
[0m06:10:28  2 of 20 OK created sql view model cobra_staging.chg_emails ..................... [[32mCREATE VIEW[0m in 0.79s]
[0m06:10:28  4 of 20 OK created sql view model cobra_staging.chg_lojas ...................... [[32mCREATE VIEW[0m in 0.80s]
[0m06:10:28  5 of 20 START sql view model cobra_staging.chg_pagamentos ...................... [RUN]
[0m06:10:28  6 of 20 START sql view model cobra_staging.chg_telefones ....................... [RUN]
[0m06:10:28  7 of 20 START sql view model cobra_staging.stg_cadastro ........................ [RUN]
[0m06:10:28  8 of 20 START sql view model cobra_staging.stg_dividas ......................... [RUN]
[0m06:10:29  5 of 20 OK created sql view model cobra_staging.chg_pagamentos ................. [[32mCREATE VIEW[0m in 0.31s]
[0m06:10:29  9 of 20 START sql view model cobra_staging.stg_filiais ......................... [RUN]
[0m06:10:29  8 of 20 OK created sql view model cobra_staging.stg_dividas .................... [[32mCREATE VIEW[0m in 0.31s]
[0m06:10:29  6 of 20 OK created sql view model cobra_staging.chg_telefones .................. [[32mCREATE VIEW[0m in 0.34s]
[0m06:10:29  7 of 20 OK created sql view model cobra_staging.stg_cadastro ................... [[32mCREATE VIEW[0m in 0.33s]
[0m06:10:29  10 of 20 START sql view model cobra_staging.stg_pagamentos ..................... [RUN]
[0m06:10:29  11 of 20 START sql view model cobra_staging.stg_processos ...................... [RUN]
[0m06:10:29  12 of 20 START sql incremental model public.dividas ............................ [RUN]
[0m06:10:29  9 of 20 OK created sql view model cobra_staging.stg_filiais .................... [[32mCREATE VIEW[0m in 0.27s]
[0m06:10:29  13 of 20 START sql incremental model public.devedores .......................... [RUN]
[0m06:10:29  10 of 20 OK created sql view model cobra_staging.stg_pagamentos ................ [[32mCREATE VIEW[0m in 0.42s]
[0m06:10:29  11 of 20 OK created sql view model cobra_staging.stg_processos ................. [[32mCREATE VIEW[0m in 0.41s]
[0m06:10:29  14 of 20 START sql incremental model public.emails ............................. [RUN]
[0m06:10:29  15 of 20 START sql incremental model public.enderecos .......................... [RUN]
[0m06:10:30  14 of 20 OK created sql incremental model public.emails ........................ [[32mMERGE 12080[0m in 0.73s]
[0m06:10:30  16 of 20 START sql incremental model public.telefones .......................... [RUN]
[0m06:10:30  13 of 20 OK created sql incremental model public.devedores ..................... [[32mMERGE 25920[0m in 1.11s]
[0m06:10:30  17 of 20 START sql incremental model public.lojas .............................. [RUN]
[0m06:10:30  15 of 20 OK created sql incremental model public.enderecos ..................... [[32mMERGE 25920[0m in 1.03s]
[0m06:10:30  18 of 20 START sql incremental model public.pagamentos ......................... [RUN]
[0m06:10:30  17 of 20 OK created sql incremental model public.lojas ......................... [[32mMERGE 20[0m in 0.22s]
[0m06:10:30  19 of 20 START sql incremental model public.processos .......................... [RUN]
[0m06:10:30  19 of 20 OK created sql incremental model public.processos ..................... [[32mMERGE 310[0m in 0.22s]
[0m06:10:31  16 of 20 OK created sql incremental model public.telefones ..................... [[32mMERGE 24926[0m in 0.83s]
[0m06:10:32  18 of 20 OK created sql incremental model public.pagamentos .................... [[32mMERGE 53672[0m in 1.78s]
[0m06:10:34  12 of 20 OK created sql incremental model public.dividas ....................... [[32mINSERT 0 236719[0m in 5.48s]
[0m06:10:34  20 of 20 START sql incremental model cobra.tb_audit_mudancas ................... [RUN]
[0m06:10:36  20 of 20 OK created sql incremental model cobra.tb_audit_mudancas .............. [[32mINSERT 0 10[0m in 2.09s]
[0m06:10:36  
[0m06:10:36  Finished running 9 incremental models, 11 view models in 0 hours 0 minutes and 9.55 seconds (9.55s).
[0m06:10:36  
[0m06:10:36  [32mCompleted successfully[0m
[0m06:10:36  
[0m06:10:36  Done. PASS=20 WARN=0 ERROR=0 SKIP=0 NO-OP=0 TOTAL=20
ter 28 jul 2026 03:10:38 -03 - dbt finalizado com código 0
